query_name,target,concurrency,iteration,thread_id,latency_ms,success,error,scheduled_arrival_offset_ms,actual_start_offset_ms,queue_time_ms,total_latency_ms,is_warmup
worst_case_yoy_growth,dbsql,1,-1,-1,250566.30641699303,True,,1084.9561248282027,1094.1377079871017,9.181583158899054,250575.48800015193,True
worst_case_yoy_growth,dbsql,1,-1,-1,251041.3225000084,True,,56.43923830635779,66.47045799763873,10.031219691280944,251051.35371969966,True
worst_case_yoy_growth,dbsql,1,-1,-1,251143.2410000125,True,,3312.4193040180908,3315.790749998996,3.371445980905108,251146.6124459934,True
worst_case_yoy_growth,dbsql,1,-1,-1,253709.10841599107,True,,693.696996981149,702.6861670019571,8.989170020808013,253718.09758601186,True
worst_case_yoy_growth,dbsql,1,-1,-1,254595.35079199122,True,,3735.751158257303,3745.8190829784144,10.06792472111151,254605.41871671233,True
worst_case_yoy_growth,dbsql,1,-1,-1,258567.49066599878,True,,1060.2517745053829,1063.9055829960853,3.653808490702515,258571.14447448947,True
worst_case_yoy_growth,dbsql,1,-1,-1,263977.97891602386,True,,580.6931254749718,590.7302499981597,10.037124523187945,263988.01604054705,True
worst_case_yoy_growth,dbsql,1,-1,-1,258092.12137499708,True,,6647.428108812645,6657.486374984728,10.058266172082497,258102.17964116915,True
worst_case_yoy_growth,dbsql,1,-1,-1,258957.05004199408,True,,5919.601980381375,5924.5735830045305,4.9716026231552135,258962.02164461723,True
worst_case_yoy_growth,dbsql,1,-1,-1,257266.54162499472,True,,7534.609372599947,7543.243541993434,8.634169393486602,257275.1757943882,True
worst_case_yoy_growth,dbsql,1,-1,-1,257563.1747090083,True,,7302.427313314779,7309.490332991118,7.063019676338378,257570.23772868465,True
worst_case_yoy_growth,dbsql,1,-1,-1,255682.09800001932,True,,9142.367065524508,9152.904999995371,10.537934470862709,255692.6359344902,True
worst_case_yoy_growth,dbsql,1,-1,-1,255535.836791998,True,,9363.599185549254,9365.522082982352,1.9228974330989246,255537.7596894311,True
worst_case_yoy_growth,dbsql,1,-1,-1,252644.59399998304,True,,12282.25319791234,12290.948707988719,8.69551007637881,252653.28951005943,True
worst_case_yoy_growth,dbsql,1,-1,-1,253130.5595000158,True,,11780.541844624473,11791.993874998298,11.452030373824584,253142.01153038963,True
worst_case_yoy_growth,dbsql,1,-1,-1,253005.3723329911,True,,12056.893633535085,12065.499624994118,8.60599145903329,253013.97832445015,True
worst_case_yoy_growth,dbsql,1,-1,-1,13342.12179199676,True,,12790.668651457097,12800.733832991682,10.0651815345838,13352.186973531345,True
worst_case_yoy_growth,dbsql,1,-1,-1,13345.467042003293,True,,13079.978923764587,13089.768332982203,9.789409217615841,13355.256451220908,True
worst_case_yoy_growth,dbsql,1,-1,-1,5621.19329199777,True,,22318.54410821738,22326.63829199737,8.094183779991937,5629.287475777762,True
worst_case_yoy_growth,dbsql,1,-1,-1,6761.118042020826,True,,21661.49666960499,21673.22308299481,11.726413389819612,6772.844455410645,True
worst_case_yoy_growth,dbsql,1,-1,-1,693.8644170004409,True,,23808.21747629956,23818.974875001004,10.757398701443321,704.6218157018842,True
worst_case_yoy_growth,dbsql,1,-1,-1,754.4264999742154,True,,22321.424800587905,22326.81812500232,5.393324414413314,759.8198243886287,True
worst_case_yoy_growth,dbsql,1,-1,-1,10699.584665999282,True,,14368.113568710474,14378.211999981431,10.098431270957775,10709.68309727024,True
worst_case_yoy_growth,dbsql,1,-1,-1,10815.804541984107,True,,20214.994620964277,20225.04233298241,10.047712018135257,10825.852254002242,True
worst_case_yoy_growth,dbsql,1,-1,-1,721.0282500018366,True,,29868.85131254265,29877.312416996574,8.461104453925117,729.4893544557617,True
worst_case_yoy_growth,dbsql,1,-1,-1,697.4438750185072,True,,32718.28878900898,32728.319582995027,10.030793986047115,707.4746690045544,True
worst_case_yoy_growth,dbsql,1,-1,-1,715.8352909900714,True,,30972.75452574137,30982.778417004738,10.023891263369222,725.8591822534406,True
worst_case_yoy_growth,dbsql,1,-1,-1,726.5498750202823,True,,31604.85434974257,31611.66654198314,6.81219224057017,733.3620672608525,True
worst_case_yoy_growth,dbsql,1,-1,-1,779.5658339746296,True,,33400.47800594484,33402.19291698304,1.7149110381993182,781.2807450128289,True
worst_case_yoy_growth,dbsql,1,-1,-1,762.9012500110548,True,,33155.78876593758,33164.02441699756,8.235651059983695,771.1369010710384,True
worst_case_yoy_growth,dbsql,1,-1,-1,717.1139170241076,True,,33620.17027590181,33625.11712498963,4.9468490878226135,722.0607661119302,True
worst_case_yoy_growth,dbsql,1,-1,-1,903.312874987023,True,,34906.47305255248,34907.59254200384,1.119489451362199,904.4323644383851,True
worst_case_yoy_growth,dbsql,1,-1,-1,678.0659999931231,True,,36405.95131073492,36416.07079198002,10.119481245098427,688.1854812382215,True
worst_case_yoy_growth,dbsql,1,-1,-1,755.7959999830928,True,,38712.71445371727,38715.03916700021,2.3247132829453676,758.1207132660381,True
worst_case_yoy_growth,dbsql,1,-1,-1,732.7373330190312,True,,41346.794902467875,41356.8422079843,10.047305516422966,742.7846385354542,True
worst_case_yoy_growth,dbsql,1,-1,-1,764.3669170211069,True,,36895.805989334316,36902.00454200385,6.19855266953806,770.5654696906449,True
worst_case_yoy_growth,dbsql,1,-1,-1,693.6841660062782,True,,45443.44254520499,45448.81908298703,5.376537782041169,699.0607037883194,True
worst_case_yoy_growth,dbsql,1,-1,-1,819.6149580180645,True,,43866.49319423698,43868.55966699659,2.066472759608473,821.681430777673,True
worst_case_yoy_growth,dbsql,1,-1,-1,831.3645000162069,True,,44260.12294964764,44260.40224998724,0.279300339599331,831.6438003558062,True
worst_case_yoy_growth,dbsql,1,-1,-1,823.3781250019092,True,,41817.186398589205,41827.69633299904,10.509934409832056,833.8880594117413,True
worst_case_yoy_growth,dbsql,1,-1,-1,679.5117919973563,True,,46895.797315202515,46899.64108300046,3.8437677979459295,683.3555597953023,True
worst_case_yoy_growth,dbsql,1,-1,-1,712.3669580032583,True,,49597.39118353262,49602.96437499346,5.573191460840121,717.9401494640985,True
worst_case_yoy_growth,dbsql,1,-1,-1,973.4896250010934,True,,48361.81232635964,48368.12570798793,6.313381628288539,979.8030066293819,True
worst_case_yoy_growth,dbsql,1,-1,-1,658.000459021423,True,,50306.67234576502,50314.83183297678,8.1594872117563,666.1599462331793,True
worst_case_yoy_growth,dbsql,1,-1,-1,683.5320829995908,True,,50887.57602655998,50893.70254200185,6.126515441863489,689.6585984414543,True
worst_case_yoy_growth,dbsql,1,-1,-1,665.7753750041593,True,,54539.3607429115,54547.46708300081,8.10634008931288,673.8817150934722,True
worst_case_yoy_growth,dbsql,1,-1,-1,662.3410839820281,True,,54785.00404137873,54795.02804199001,10.02400061128128,672.3650845933093,True
worst_case_yoy_growth,dbsql,1,-1,-1,673.6741659988184,True,,53026.46111227157,53036.52262498508,10.061512713512855,683.7356787123313,True
worst_case_yoy_growth,dbsql,1,-1,-1,626.0207919985987,True,,56439.11171682129,56449.232166982256,10.12045016096863,636.1412421595674,True
worst_case_yoy_growth,dbsql,1,-1,-1,653.4087500185706,True,,57781.47861927815,57791.543750005076,10.065130726928828,663.4738807454994,True
worst_case_yoy_growth,dbsql,1,-1,-1,655.7485829980578,True,,57519.88920397238,57529.33424999355,9.445046021170356,665.1936290192282,True
worst_case_yoy_growth,dbsql,1,-1,-1,647.690292011248,True,,60613.23974318492,60619.236333004665,5.996589819744713,653.6868818309927,True
worst_case_yoy_growth,dbsql,1,-1,-1,645.45954199275,True,,61590.1682620926,61596.93629198591,6.768029893315486,652.2275718860656,True
worst_case_yoy_growth,dbsql,1,-1,-1,655.0795000221115,True,,62722.11894246819,62732.16908299946,10.050140531276952,665.1296405533884,True
worst_case_yoy_growth,dbsql,1,-1,-1,2046.8215000000782,True,,44356.929194205484,44366.96962499991,10.040430794425959,2056.861930794504,True
worst_case_yoy_growth,dbsql,1,-1,-1,2004.0239999943879,True,,47755.969394722655,47764.12474998506,8.155355262402963,2012.1793552567908,True
worst_case_yoy_growth,dbsql,1,-1,-1,673.0479580000974,True,,64188.53248690749,64196.12662500003,7.594138092542835,680.6420960926403,True
worst_case_yoy_growth,dbsql,1,-1,-1,684.3702499754727,True,,66228.75750144472,66235.47766698175,6.720165537032585,691.0904155125053,True
worst_case_yoy_growth,dbsql,1,-1,-1,674.3324580020271,True,,67590.95609157575,67596.53645800427,5.580366428517891,679.912824430545,True
worst_case_yoy_growth,dbsql,1,-1,-1,646.307709015673,True,,67942.62701239216,67944.81220797752,2.185195585369115,648.4929046010421,True
worst_case_yoy_growth,dbsql,1,-1,-1,681.4479999884497,True,,67363.52203983958,67369.57108299248,6.049043152899003,687.4970431413487,True
worst_case_yoy_growth,dbsql,1,-1,-1,729.0367090026848,True,,66953.72950383501,66963.75170798274,10.022204147730918,739.0589131504157,True
worst_case_yoy_growth,dbsql,1,-1,-1,2622.012124978937,True,,45848.91604952413,45851.325458002975,2.409408478847297,2624.4215334577843,True
worst_case_yoy_growth,dbsql,1,-1,-1,2563.3209999941755,True,,49062.798401317385,49072.90808297694,10.109681659550063,2573.4306816537255,True
worst_case_yoy_growth,dbsql,1,-1,-1,1563.1038329738658,True,,62367.96922913601,62378.01916699391,10.049937857900204,1573.153770831766,True
worst_case_yoy_growth,dbsql,1,-1,-1,648.7910829891916,True,,71020.58212038719,71028.80654198816,8.224421600971255,657.0155045901629,True
worst_case_yoy_growth,dbsql,1,-1,-1,1110.9217499906663,True,,68160.31666158242,68170.36224997719,10.04558839477454,1120.9673383854408,True
worst_case_yoy_growth,dbsql,1,-1,-1,647.7222089888528,True,,72696.02926291256,72699.1694579774,3.14019506484442,650.8624040536972,True
worst_case_yoy_growth,dbsql,1,-1,-1,748.6155410006177,True,,73427.78773688001,73430.22570799803,2.437971118027349,751.053512118645,True
worst_case_yoy_growth,dbsql,1,-1,-1,745.0947500183247,True,,75973.4466314537,75982.4714169954,9.02478554169761,754.1195355600223,True
worst_case_yoy_growth,dbsql,1,-1,-1,785.0102079974022,True,,77951.97903427877,77962.04962499905,10.070590720275163,795.0807987176773,True
worst_case_yoy_growth,dbsql,1,-1,-1,652.2320829972159,True,,78140.12281502446,78145.3191670007,5.196351976252345,657.4284349734683,True
worst_case_yoy_growth,dbsql,1,-1,-1,730.6546659965534,True,,79499.22699581545,79508.99570799083,9.76871217538644,740.4233781719398,True
worst_case_yoy_growth,dbsql,1,-1,-1,720.1224169984926,True,,79772.2347239596,79779.51366698835,7.278943028751428,727.401360027244,True
worst_case_yoy_growth,dbsql,1,-1,-1,773.6725420108996,True,,79673.46820190144,79682.30699998094,8.838798079494836,782.5113400903945,True
worst_case_yoy_growth,dbsql,1,-1,-1,677.6446249859873,True,,80283.75146014315,80287.9836249922,4.232164849042874,681.8767898350302,True
worst_case_yoy_growth,dbsql,1,-1,-1,1871.5179999999236,True,,68528.86454087896,68536.24699998181,7.382459102856842,1878.9004591027806,True
worst_case_yoy_growth,dbsql,1,-1,-1,1902.426166983787,True,,70755.60789708892,70763.35620798636,7.748310897440547,1910.1744778812276,True
worst_case_yoy_growth,dbsql,1,-1,-1,645.4502500128001,True,,81252.96924463176,81262.58275000146,9.613505369685527,655.0637553824856,True
worst_case_yoy_growth,dbsql,1,-1,-1,641.283624980133,True,,81698.60203962578,81708.66695800214,10.064918376357923,651.348543356491,True
worst_case_yoy_growth,dbsql,1,-1,-1,656.9106660026591,True,,82164.17326332026,82168.41637500329,4.243111683024381,661.1537776856835,True
worst_case_yoy_growth,dbsql,1,-1,-1,2030.611708003562,True,,68508.3723032497,68512.66291699721,4.290613747528482,2034.9023217510903,True
worst_case_yoy_growth,dbsql,1,-1,-1,923.7468329956755,True,,80326.85590213191,80336.8882079958,10.032305863887814,933.7791388595633,True
worst_case_yoy_growth,dbsql,1,-1,-1,610.215207998408,True,,84117.11404536373,84127.18541698996,10.071371626224845,620.2865796246329,True
worst_case_yoy_growth,dbsql,1,-1,-1,626.3027089880779,True,,88112.9273650778,88121.03199999547,8.10463491765745,634.4073439057354,True
worst_case_yoy_growth,dbsql,1,-1,-1,1197.4237080139574,True,,79946.13501050904,79949.20750000165,3.0724894926095203,1200.496197506567,True
worst_case_yoy_growth,dbsql,1,-1,-1,644.4162910047453,True,,92313.58224923171,92313.63320798846,0.05095875674498984,644.4672497614903,False
worst_case_yoy_growth,dbsql,1,-1,-1,637.5085420149844,True,,93117.77681906532,93126.04487498174,8.26805591643165,645.7765979314161,False
worst_case_yoy_growth,dbsql,1,-1,-1,634.2905409983359,True,,96146.25349812853,96154.04533297988,7.79183485134638,642.0823758496823,False
worst_case_yoy_growth,dbsql,1,-1,-1,605.1686659920961,True,,90793.15162826332,90794.76891699596,1.6172887326320051,606.7859547247281,False
worst_case_yoy_growth,dbsql,1,-1,-1,821.9675830041524,True,,92685.32309978662,92695.32712499495,10.004025208331768,831.9716082124842,False
worst_case_yoy_growth,dbsql,1,-1,-1,661.9710410013795,True,,96428.54772790425,96433.6015000008,5.053772096545117,667.0248130979246,False
worst_case_yoy_growth,dbsql,1,-1,-1,697.3307500011288,True,,96570.8289183062,96588.34012498846,17.511206682257807,714.8419566833866,False
worst_case_yoy_growth,dbsql,1,-1,-1,705.1947919826489,True,,99337.06203341193,99347.5193749764,10.457341564475087,715.652133547124,False
worst_case_yoy_growth,dbsql,1,-1,-1,835.5378340056632,True,,97095.56340396655,97105.6484169967,10.085013030149526,845.6228470358127,False
worst_case_yoy_growth,dbsql,1,-1,-1,693.1053329899441,True,,100960.06534580355,100964.77733299253,4.711987188969147,697.8173201789133,False
worst_case_yoy_growth,dbsql,1,-1,-1,839.1538749856409,True,,97746.82681280654,97755.24979198235,8.422979175804812,847.5768541614457,False
worst_case_yoy_growth,dbsql,1,-1,-1,727.714290987933,True,,103275.17579415969,103281.94024998811,6.764455828417226,734.4787468163503,False
worst_case_yoy_growth,dbsql,1,-1,-1,833.7629169982392,True,,100511.86886031256,100513.39083298808,1.5219726755191232,835.2848896737584,False
worst_case_yoy_growth,dbsql,1,-1,-1,664.5168329996523,True,,103765.28618567396,103766.0165829875,0.7303973135464048,665.2472303131987,False
worst_case_yoy_growth,dbsql,1,-1,-1,924.6021670114715,True,,98937.2866620465,98939.18995797867,1.9032959321663157,926.5054629436378,False
worst_case_yoy_growth,dbsql,1,-1,-1,592.0752919919323,True,,105957.19218138346,105967.48770799604,10.295526612580375,602.3708186045127,False
worst_case_yoy_growth,dbsql,1,-1,-1,635.9113749931566,True,,109541.9192905609,109546.53562497697,4.616334416070345,640.527709409227,False
worst_case_yoy_growth,dbsql,1,-1,-1,659.2083330033347,True,,110257.11238579021,110262.21041698591,5.098031195700514,664.3063641990352,False
worst_case_yoy_growth,dbsql,1,-1,-1,614.8309580166824,True,,111050.07406312652,111060.20854198141,10.134478854894269,624.9654368715767,False
worst_case_yoy_growth,dbsql,1,-1,-1,881.0743750073016,True,,107003.37141872027,107007.7273749921,4.355956271822947,885.4303312791245,False
worst_case_yoy_growth,dbsql,1,-1,-1,867.407000012463,True,,107252.66434646942,107263.76249999157,11.098153522155485,878.5051535346184,False
worst_case_yoy_growth,dbsql,1,-1,-1,860.4897920158692,True,,105231.05448337382,105231.1157079821,0.06122460827384657,860.551016624143,False
worst_case_yoy_growth,dbsql,1,-1,-1,614.3105830124114,True,,115072.23390477149,115078.61779199447,6.3838872229808885,620.6944702353923,False
worst_case_yoy_growth,dbsql,1,-1,-1,697.6148329849821,True,,113377.88804624259,113383.03504200303,5.1469957604410865,702.7618287454231,False
worst_case_yoy_growth,dbsql,1,-1,-1,725.9988329897169,True,,113954.53907351423,113962.75404200424,8.2149684900088,734.2138014797257,False
worst_case_yoy_growth,dbsql,1,-1,-1,668.9367500075605,True,,114241.92779229481,114251.98050000472,10.052707709917286,678.9894577174778,False
worst_case_yoy_growth,dbsql,1,-1,-1,645.3889579861425,True,,116468.80788361483,116478.87554200133,10.067658386503808,655.4566163726463,False
worst_case_yoy_growth,dbsql,1,-1,-1,648.6856249975972,True,,114358.45631573285,114362.70979198162,4.253476248763377,652.9391012463606,False
worst_case_yoy_growth,dbsql,1,-1,-1,700.3090410144068,True,,114567.63127471282,114570.74291698518,3.1116422723584947,703.4206832867653,False
worst_case_yoy_growth,dbsql,1,-1,-1,694.5423749857582,True,,113998.91282079082,114008.93399998313,10.021179192307272,704.5635541780655,False
worst_case_yoy_growth,dbsql,1,-1,-1,632.4934159929398,True,,117479.6856553068,117482.32524999185,2.6395946850357177,635.1330106779756,False
worst_case_yoy_growth,dbsql,1,-1,-1,676.2962920183782,True,,116679.94167168456,116686.87999999383,6.938328309274766,683.2346203276529,False
worst_case_yoy_growth,dbsql,1,-1,-1,685.6851250049658,True,,117511.34560891497,117520.73987497715,9.39426606218774,695.0793910671536,False
worst_case_yoy_growth,dbsql,1,-1,-1,664.2365829902701,True,,118149.08552334018,118159.11645800225,10.030934662069058,674.2675176523392,False
worst_case_yoy_growth,dbsql,1,-1,-1,600.4189160012174,True,,118459.07660564949,118467.99395798007,8.91735233058455,609.336268331802,False
worst_case_yoy_growth,dbsql,1,-1,-1,592.5227499974426,True,,118918.98337835574,118929.0432499838,10.05987162807287,602.5826216255155,False
worst_case_yoy_growth,dbsql,1,-1,-1,643.4347920003347,True,,120316.99373747647,120321.40712498222,4.413387505749711,647.8481795060844,False
worst_case_yoy_growth,dbsql,1,-1,-1,630.0132920150645,True,,121185.88590798317,121192.08675000118,6.200842018003527,636.214134033068,False
worst_case_yoy_growth,dbsql,1,-1,-1,675.887249992229,True,,120631.62617436446,120638.56687498628,6.940700621825613,682.8279506140547,False
worst_case_yoy_growth,dbsql,1,-1,-1,608.5845839988906,True,,125075.13139592667,125083.22545798728,8.094062060607143,616.6786460594977,False
worst_case_yoy_growth,dbsql,1,-1,-1,698.0812499823514,True,,126555.78253180192,126562.7386669803,6.95613517838467,705.0373851607361,False
worst_case_yoy_growth,dbsql,1,-1,-1,632.6719999779016,True,,129352.18855457421,129356.02370798006,3.835153405844949,636.5071533837465,False
worst_case_yoy_growth,dbsql,1,-1,-1,661.307583010057,True,,129205.30448729091,129210.40108299349,5.096595702582363,666.4041787126394,False
worst_case_yoy_growth,dbsql,1,-1,-1,711.5102499956265,True,,128688.48124201702,128691.91595798475,3.4347159677281525,714.9449659633547,False
worst_case_yoy_growth,dbsql,1,-1,-1,583.8592500076629,True,,132872.91643739433,132881.46395797958,8.547520585238999,592.4067705929019,False
worst_case_yoy_growth,dbsql,1,-1,-1,955.557665991364,True,,122369.90477920046,122371.30220799008,1.3974287896303395,956.9550947809944,False
worst_case_yoy_growth,dbsql,1,-1,-1,673.571291990811,True,,133969.9158488826,133979.9645000021,10.04865111949016,683.6199431103012,False
worst_case_yoy_growth,dbsql,1,-1,-1,615.7709999824874,True,,134567.9819794628,134572.46912497794,4.487145515128077,620.2581454976155,False
worst_case_yoy_growth,dbsql,1,-1,-1,612.4589160026517,True,,134813.54430902653,134823.6719580018,10.127648975270631,622.5865649779223,False
worst_case_yoy_growth,dbsql,1,-1,-1,636.4155419869348,True,,135381.04327378573,135388.67754198145,7.6342681957157765,644.0498101826506,False
worst_case_yoy_growth,dbsql,1,-1,-1,605.5142499972135,True,,136694.8030412069,136699.33012500405,4.52708379714295,610.0413337943564,False
worst_case_yoy_growth,dbsql,1,-1,-1,1323.551209003199,True,,132129.18898721432,132139.3162079912,10.127220776894319,1333.6784297800932,False
worst_case_yoy_growth,dbsql,1,-1,-1,598.280167003395,True,,138924.44565055874,138928.39033299242,3.9446824336835107,602.2248494370785,False
worst_case_yoy_growth,dbsql,1,-1,-1,567.4144999939017,True,,139170.33743591717,139180.38725000224,10.049814085078879,577.4643140789806,False
worst_case_yoy_growth,dbsql,1,-1,-1,1449.1455829993356,True,,128185.72616040893,128195.79412500025,10.067964591314649,1459.2135475906503,False
worst_case_yoy_growth,dbsql,1,-1,-1,591.0645840049256,True,,142582.09519803143,142585.1120419975,3.0168439660656077,594.0814279709912,False
worst_case_yoy_growth,dbsql,1,-1,-1,609.8762920009904,True,,138004.4552203173,138016.3648329908,11.909612673520087,621.7859046745104,False
worst_case_yoy_growth,dbsql,1,-1,-1,1765.4305420001037,True,,125424.55199421082,125433.06812498486,8.516130774040676,1773.9466727741444,False
worst_case_yoy_growth,dbsql,1,-1,-1,581.4844999986235,True,,145242.41460192305,145247.47262499295,5.05802306989267,586.5425230685162,False
worst_case_yoy_growth,dbsql,1,-1,-1,734.7505000070669,True,,144784.6930822568,144789.28820800502,4.595125748210194,739.3456257552771,False
worst_case_yoy_growth,dbsql,1,-1,-1,858.1899589917157,True,,142976.9304827136,142986.99920799118,10.068725277591284,868.258684269307,False
worst_case_yoy_growth,dbsql,1,-1,-1,592.6919159828685,True,,147674.34765591135,147678.6267919815,4.279136070181266,596.9710520530498,False
worst_case_yoy_growth,dbsql,1,-1,-1,942.5759580044542,True,,139109.31073863409,139119.0434579912,9.732719357117503,952.3086773615717,False
worst_case_yoy_growth,dbsql,1,-1,-1,600.9955409972463,True,,148559.7537043126,148564.4616249774,4.707920664799303,605.7034616620456,False
worst_case_yoy_growth,dbsql,1,-1,-1,622.663417016156,True,,150797.51013353464,150803.16095799208,5.650824457433146,628.3142414735892,False
worst_case_yoy_growth,dbsql,1,-1,-1,599.026292009512,True,,154468.86510447555,154469.2187079927,0.3536035171407548,599.3798955266527,False
worst_case_yoy_growth,dbsql,1,-1,-1,592.3126669949852,True,,153095.4486028168,153095.65608299454,0.20748017774963046,592.5201471727348,False
worst_case_yoy_growth,dbsql,1,-1,-1,572.285041998839,True,,154613.21976921448,154618.2740420045,5.054272790005143,577.3393147888441,False
worst_case_yoy_growth,dbsql,1,-1,-1,613.8022920058575,True,,154965.14988175113,154965.19933300442,0.04945125328958966,613.851743259147,False
worst_case_yoy_growth,dbsql,1,-1,-1,622.6040830079,True,,155563.0862959449,155563.39754199143,0.3112460465217737,622.9153290544218,False
worst_case_yoy_growth,dbsql,1,-1,-1,642.7283330122009,True,,156046.11615497107,156051.13495799014,5.018803019083862,647.7471360312848,False
worst_case_yoy_growth,dbsql,1,-1,-1,677.7191669971216,True,,155890.08165675518,155891.60683299997,1.5251762447974215,679.2443432419191,False
worst_case_yoy_growth,dbsql,1,-1,-1,574.9352920101956,True,,156376.9690869823,156386.059499986,9.0904130036904,584.025705013886,False
worst_case_yoy_growth,dbsql,1,-1,-1,624.3416249926668,True,,156433.99109799822,156434.80987500516,0.8187770069412181,625.160401999608,False
worst_case_yoy_growth,dbsql,1,-1,-1,609.5317500003148,True,,157541.5492240509,157542.15437499806,0.6051509471660665,610.1369009474809,False
worst_case_yoy_growth,dbsql,1,-1,-1,630.605790996924,True,,157687.49975212215,157688.84133300162,1.3415808794547956,631.9473718763788,False
worst_case_yoy_growth,dbsql,1,-1,-1,656.3899999891873,True,,157055.41882909622,157060.4378329881,5.019003891874263,661.4090038810616,False
worst_case_yoy_growth,dbsql,1,-1,-1,661.2664579879493,True,,158595.2565057093,158597.58383300505,2.327327295745363,663.5937852836946,False
worst_case_yoy_growth,dbsql,1,-1,-1,581.9507920241449,True,,160452.60012701224,160458.42029197956,5.820164967332175,587.7709569914771,False
worst_case_yoy_growth,dbsql,1,-1,-1,607.9887920059264,True,,160868.44236968586,160872.3273749929,3.885005307040501,611.8737973129669,False
worst_case_yoy_growth,dbsql,1,-1,-1,607.6534159947187,True,,160960.22027509753,160964.83174999594,4.611474898410961,612.2648908931296,False
worst_case_yoy_growth,dbsql,1,-1,-1,593.8140409998596,True,,161733.38230207365,161736.63058297825,3.2482809046143757,597.062321904474,False
worst_case_yoy_growth,dbsql,1,-1,-1,677.9469999892171,True,,161381.80697170284,161384.08887499827,2.281903295425991,680.2289032846431,False
worst_case_yoy_growth,dbsql,1,-1,-1,681.1881249886937,True,,162050.88124719463,162055.97304197727,5.091794782629222,686.279919771323,False
worst_case_yoy_growth,dbsql,1,-1,-1,602.0783340209164,True,,163025.0213232417,163033.2476249896,8.226301747896514,610.3046357688129,False
worst_case_yoy_growth,dbsql,1,-1,-1,625.7044160156511,True,,162239.41323988407,162239.98154199217,0.5683021080926665,626.2727181237437,False
worst_case_yoy_growth,dbsql,1,-1,-1,664.2527079966385,True,,163929.94126807075,163931.18537499686,1.2441069261228677,665.4968149227614,False
worst_case_yoy_growth,dbsql,1,-1,-1,673.7548749952111,True,,165199.16332830832,165204.53766698483,5.374338676517709,679.1292136717288,False
worst_case_yoy_growth,dbsql,1,-1,-1,666.9150000088848,True,,166530.41983390195,166532.35870797653,1.9388740745682753,668.8538740834531,False
worst_case_yoy_growth,dbsql,1,-1,-1,629.9447090132162,True,,171806.5225627592,171807.7663749864,1.2438122271873908,631.1885212404036,False
worst_case_yoy_growth,dbsql,1,-1,-1,658.7918750010431,True,,167350.73531200108,167355.25962497923,4.5243129781340485,663.3161879791771,False
worst_case_yoy_growth,dbsql,1,-1,-1,604.8431250092108,True,,166243.10754962088,166244.9121249956,1.8045753747344406,606.6477003839452,False
worst_case_yoy_growth,dbsql,1,-1,-1,631.8776249827351,True,,172463.76376838677,172464.6715419949,0.9077736081337662,632.7853985908689,False
worst_case_yoy_growth,dbsql,1,-1,-1,634.0057920024265,True,,168288.437593757,168293.4787919803,5.041198223295851,639.0469902257223,False
worst_case_yoy_growth,dbsql,1,-1,-1,596.5718329825904,True,,175151.39671764045,175161.08408299624,9.687365355773636,606.2591983383641,False
worst_case_yoy_growth,dbsql,1,-1,-1,1480.0018329988234,True,,162747.48455157632,162753.1591669831,5.674615406775274,1485.6764484055986,False
worst_case_yoy_growth,dbsql,1,-1,-1,592.9307079932187,True,,175118.93430357284,175123.89941699803,4.9651134251860185,597.8958214184047,False
worst_case_yoy_growth,dbsql,1,-1,-1,593.3501660183538,True,,177825.1317309129,177829.01066698832,3.8789360754378777,597.2291020937917,False
worst_case_yoy_growth,dbsql,1,-1,-1,612.3329999973066,True,,176723.34624149156,176728.46254199976,5.116300508205995,617.4493005055126,False
worst_case_yoy_growth,dbsql,1,-1,-1,592.0965830155183,True,,178849.1993305194,178854.220624984,5.02129446462618,597.1178774801444,False
worst_case_yoy_growth,dbsql,1,-1,-1,608.9380409976002,True,,182063.26239341605,182063.60508297803,0.3426895619895731,609.2807305595898,False
worst_case_yoy_growth,dbsql,1,-1,-1,606.3258340000175,True,,180961.9967341269,180967.03329199227,5.036557865366831,611.3623918653843,False
worst_case_yoy_growth,dbsql,1,-1,-1,578.4509999793954,True,,186228.16571379325,186232.59945798782,4.433744194557221,582.8847441739526,False
worst_case_yoy_growth,dbsql,1,-1,-1,611.9283339940012,True,,184414.28828634453,184415.98099999828,1.6927136537674414,613.6210476477686,False
worst_case_yoy_growth,dbsql,1,-1,-1,949.410250002984,True,,175699.6470244511,175704.697499983,5.0504755319309425,954.4607255349149,False
worst_case_yoy_growth,dbsql,1,-1,-1,599.2490420176182,True,,189647.77749231958,189648.76633300446,0.9888406848688192,600.237882702487,False
worst_case_yoy_growth,dbsql,1,-1,-1,2325.189083989244,True,,162551.02881610318,162556.054457993,5.025641889830013,2330.2147258790737,False
worst_case_yoy_growth,dbsql,1,-1,-1,638.8527080125641,True,,190859.9960291926,190861.95754198707,1.9615127944518918,640.814220807016,False
worst_case_yoy_growth,dbsql,1,-1,-1,628.0373749905266,True,,191149.55423701138,191149.61258298717,0.058345975787688076,628.0957209663143,False
worst_case_yoy_growth,dbsql,1,-1,-1,762.6110840064939,True,,192705.08906450245,192710.728541977,5.639477474545629,768.2505614810395,False
worst_case_yoy_growth,dbsql,1,-1,-1,760.690583003452,True,,191943.25927383098,191948.300249991,5.040976160017863,765.7315591634699,False
worst_case_yoy_growth,dbsql,1,-1,-1,627.5932090065908,True,,193839.42577519087,193842.0856249868,2.6598497959184897,630.2530588025093,False
worst_case_yoy_growth,dbsql,1,-1,-1,759.2467089998536,True,,191575.39399374902,191580.45749997837,5.063506229333825,764.3102152291874,False
worst_case_yoy_growth,dbsql,1,-1,-1,647.9250839911401,True,,194146.3550197653,194149.83866698458,3.4836472192694146,651.4087312104095,False
worst_case_yoy_growth,dbsql,1,-1,-1,1233.5863339831121,True,,190358.2728334851,190358.85233298177,0.579499496666358,1234.1658334797785,False
worst_case_yoy_growth,dbsql,1,-1,-1,737.1628750115633,True,,194219.35626126628,194222.06741699483,2.711155728547965,739.8740307401113,False
worst_case_yoy_growth,dbsql,1,-1,-1,2221.7650419916026,True,,174726.79863781016,174730.3947499895,3.5961121793377515,2225.3611541709406,False
worst_case_yoy_growth,dbsql,1,-1,-1,3114.6201669762377,True,,162231.49846219848,162236.54187499778,5.043412799295766,3119.6635797755334,False
worst_case_yoy_growth,dbsql,1,-1,-1,850.9607079904526,True,,194205.1297998415,194208.5612079827,3.431408141210568,854.3921161316632,False
worst_case_yoy_growth,dbsql,1,-1,-1,602.1951669827104,True,,198404.60141132885,198408.99283299223,4.39142166337092,606.5865886460813,False
worst_case_yoy_growth,dbsql,1,-1,-1,582.7802089916077,True,,199586.03151748917,199590.87899999577,4.84748250659095,587.6276914981986,False
worst_case_yoy_growth,dbsql,1,-1,-1,587.4302920128684,True,,198335.2900518704,198340.39570798632,5.105656115915735,592.5359481287842,False
worst_case_yoy_growth,dbsql,1,-1,-1,640.3895419789478,True,,201197.17069817075,201204.00450000307,6.8338018323004235,647.2233438112482,False
worst_case_yoy_growth,dbsql,1,-1,-1,632.9256249882746,True,,202152.52929484128,202155.9358749946,3.406580153324512,636.3322051415992,False
worst_case_yoy_growth,dbsql,1,-1,-1,682.7977090142667,True,,199947.74676853154,199948.9638749801,1.2171064485642091,684.0148154628309,False
worst_case_yoy_growth,dbsql,1,-1,-1,599.0190420125145,True,,202860.4605957063,202862.67149998457,2.2109042782574306,601.229946290772,False
worst_case_yoy_growth,dbsql,1,-1,-1,687.732499995036,True,,199589.46176358275,199590.95295798033,1.4911943976017028,689.2236943926378,False
worst_case_yoy_growth,dbsql,1,-1,-1,711.456500022905,True,,200299.0535660424,200305.1839999971,6.130433954695036,717.5869339776,False
worst_case_yoy_growth,dbsql,1,-1,-1,653.3682500012219,True,,205150.93257978093,205155.95975000178,5.027170220841981,658.3954202220639,False
worst_case_yoy_growth,dbsql,1,-1,-1,654.0040830150247,True,,205064.24910028724,205064.62154199835,0.3724417111072853,654.376524726132,False
worst_case_yoy_growth,dbsql,1,-1,-1,780.8251249953173,True,,203534.27908388685,203536.3574999792,2.078416092359703,782.903541087677,False
worst_case_yoy_growth,dbsql,1,-1,-1,1865.9842089982703,True,,195588.78362498316,195593.0707079824,4.287082999240965,1870.2712919975113,False
worst_case_yoy_growth,dbsql,1,-1,-1,571.8895829922985,True,,205561.02009728496,205565.58024999686,4.560152711889032,576.4497357041876,False
worst_case_yoy_growth,dbsql,1,-1,-1,573.5792499908712,True,,206326.9891436414,206332.09508299478,5.105939353370559,578.6851893442417,False
worst_case_yoy_growth,dbsql,1,-1,-1,619.0647080074996,True,,209893.4450959838,209895.24695798173,1.8018619979329742,620.8665700054325,False
worst_case_yoy_growth,dbsql,1,-1,-1,594.9307499977294,True,,211762.62751790654,211770.35537498887,7.727857082329592,602.658607080059,False
worst_case_yoy_growth,dbsql,1,-1,-1,637.1000830258708,True,,208098.38001166037,208102.68479198567,4.304780325298907,641.4048633511698,False
worst_case_yoy_growth,dbsql,1,-1,-1,616.5447499952279,True,,221998.2220218478,222000.71433300036,2.4923111525652075,619.0370611477931,False
worst_case_yoy_growth,dbsql,1,-1,-1,680.7909590133931,True,,220866.31141099386,220867.3125829955,1.0011720016507297,681.7921310150439,False
worst_case_yoy_growth,dbsql,1,-1,-1,676.1975419940427,True,,212031.01843384095,212031.28804199514,0.2696081541841977,676.4671501482269,False
worst_case_yoy_growth,dbsql,1,-1,-1,669.3117920076475,True,,215444.80286404392,215449.86937497742,5.0665109335170655,674.3783029411645,False
worst_case_yoy_growth,dbsql,1,-1,-1,690.7373750000261,True,,221470.78112100912,221476.00595798576,5.224836976651659,695.9622119766777,False
worst_case_yoy_growth,dbsql,1,-1,-1,642.2568330017384,True,,222760.33676486684,222761.17570800125,0.8389431344255627,643.095776136164,False
worst_case_yoy_growth,dbsql,1,-1,-1,2898.3291659969836,True,,194307.105693867,194311.98854200193,4.882848134940332,2903.2120141319238,False
worst_case_yoy_growth,dbsql,1,-1,-1,2809.151749999728,True,,197164.12220201996,197166.59304199857,2.470839978599315,2811.6225899783276,False
worst_case_yoy_growth,dbsql,1,-1,-1,637.094417004846,True,,224147.23353800055,224173.4639579954,26.230419994845988,663.324836999692,False
worst_case_yoy_growth,dbsql,1,-1,-1,665.1042080193292,True,,223617.4530889715,223647.59187499294,30.138786021439046,695.2429940407683,False
worst_case_yoy_growth,dbsql,1,-1,-1,587.5309589901008,True,,225970.7734752269,225990.83308299305,20.05960776617144,607.5905667562722,False
worst_case_yoy_growth,dbsql,1,-1,-1,667.8411250177305,True,,224888.24116024154,224895.11716700508,6.876006763548048,674.7171317812786,False
worst_case_yoy_growth,dbsql,1,-1,-1,588.226041989401,True,,225126.169121113,225130.27795800008,4.108836887070311,592.3348788764713,False
worst_case_yoy_growth,dbsql,1,-1,-1,1357.0135839981958,True,,222713.83294133097,222719.6489579801,5.816016649134781,1362.8296006473306,False
worst_case_yoy_growth,dbsql,1,-1,-1,612.018874991918,True,,226490.60453764145,226496.83191700024,6.227379358790586,618.2462543507086,False
worst_case_yoy_growth,dbsql,1,-1,-1,2168.480666994583,True,,205537.79961704576,205542.72770800162,4.928090955871767,2173.408757950455,False
worst_case_yoy_growth,dbsql,1,-1,-1,642.0065000129398,True,,226579.74723251007,226600.08620799636,20.338975486282607,662.3454754992224,False
worst_case_yoy_growth,dbsql,1,-1,-1,665.5906659725588,True,,228287.37881487008,228288.62037498038,1.2415601102873097,666.8322260828461,False
worst_case_yoy_growth,dbsql,1,-1,-1,674.4644159916788,True,,227639.32571634956,227644.35487499577,5.029158646209453,679.4935746378883,False
worst_case_yoy_growth,dbsql,1,-1,-1,2278.5589580016676,True,,205244.87932617057,205248.59616698814,3.7168408175602963,2282.275798819228,False
worst_case_yoy_growth,dbsql,1,-1,-1,614.3520000041462,True,,234016.61666727683,234021.95416699396,5.337499717143146,619.6894997212894,False
worst_case_yoy_growth,dbsql,1,-1,-1,612.7908329945058,True,,230555.66763193018,230567.6508329925,11.983201062349735,624.7740340568555,False
worst_case_yoy_growth,dbsql,1,-1,-1,660.1960420084652,True,,234501.29573744917,234510.77445800183,9.4787205526643,669.6747625611295,False
worst_case_yoy_growth,dbsql,1,-1,-1,684.3049169983715,True,,234640.88904459993,234644.8335829773,3.9445383773681897,688.2494553757397,False
worst_case_yoy_growth,dbsql,1,-1,-1,754.5751249999739,True,,228858.5912515708,228860.6088749948,2.017623423995474,756.5927484239694,False
worst_case_yoy_growth,dbsql,1,-1,-1,638.1329580035526,True,,235950.1170123153,235957.52379199257,7.406779677268105,645.5397376808207,False
worst_case_yoy_growth,dbsql,1,-1,-1,655.7989580032881,True,,239169.38911055002,239171.0280419793,1.6389314292837298,657.4378894325719,False
worst_case_yoy_growth,dbsql,1,-1,-1,744.2424170149025,True,,239822.74627922583,239833.94216699526,11.195887769417823,755.4383047843203,False
worst_case_yoy_growth,dbsql,1,-1,-1,679.0732500085142,True,,239898.75281520336,239912.2136249789,13.460809775551752,692.5340597840659,False
worst_case_yoy_growth,dbsql,1,-1,-1,669.6857500064652,True,,240695.5582328736,240700.7024170016,5.1441841279995515,674.8299341344648,False
worst_case_yoy_growth,dbsql,1,-1,-1,658.5403329809196,True,,242396.3333891404,242396.78870799253,0.45531885211858025,658.9956518330382,False
worst_case_yoy_growth,dbsql,1,-1,-1,654.3596670089755,True,,245496.69539832658,245501.73124999856,5.035851671976843,659.3955186809524,False
worst_case_yoy_growth,dbsql,1,-1,-1,665.894958015997,True,,245516.84925267327,245518.78329197643,1.9340393031654912,667.8289973191625,False
worst_case_yoy_growth,dbsql,1,-1,-1,1548.9042910048738,True,,227126.82866578028,227131.84674998047,5.018084200173689,1553.9223752050475,False
worst_case_yoy_growth,dbsql,1,-1,-1,642.5991670112126,True,,248298.6952730376,248306.7202079983,8.024934960701557,650.6241019719141,False
worst_case_yoy_growth,dbsql,1,-1,-1,921.8025830050465,True,,245878.78085560055,245883.81487497827,5.034019377717414,926.8366023827639,False
worst_case_yoy_growth,dbsql,1,-1,-1,632.6427499880083,True,,251381.6500806189,251383.84504200076,2.1949613818321723,634.8377113698405,False
worst_case_yoy_growth,dbsql,1,-1,-1,648.0534579895902,True,,251628.65795255854,251630.1355829928,1.477630434266075,649.5310884238563,False
worst_case_yoy_growth,dbsql,1,-1,-1,557.0829999924172,True,,252163.08934537787,252168.1117079861,5.022362608229969,562.1053626006471,False
worst_case_yoy_growth,dbsql,1,-1,-1,1007.3215830198023,True,,246502.90255242077,246506.05012499727,3.1475725764948947,1010.4691555962972,False
worst_case_yoy_growth,dbsql,1,-1,-1,618.3860840101261,True,,254027.78345990798,254030.65712499665,2.873665088685584,621.2597490988117,False
worst_case_yoy_growth,dbsql,1,-1,-1,883.6659590015188,True,,248491.66895225184,248492.92916699778,1.2602147459404023,884.9261737474592,False
worst_case_yoy_growth,dbsql,1,-1,-1,760.3475000069011,True,,253865.14208700694,253870.16574997688,5.0236629699327295,765.3711629768338,False
worst_case_yoy_growth,dbsql,1,-1,-1,686.8127500056289,True,,255348.57607141585,255353.6037080048,5.027636588948781,691.8403865945777,False
worst_case_yoy_growth,dbsql,1,-1,-1,740.5857089906931,True,,254833.73482419775,254844.9645419896,11.229717791877647,751.8154267825707,False
worst_case_yoy_growth,dbsql,1,-1,-1,688.4549999958836,True,,255785.74123964662,255787.2433750017,1.502135355082146,689.9571353509657,False
worst_case_yoy_growth,dbsql,1,-1,-1,695.9610829944722,True,,256030.4536604187,256032.90175000438,2.448089585698199,698.4091725801704,False
worst_case_yoy_growth,dbsql,1,-1,-1,737.4105409835465,True,,255018.503912185,255020.51408297848,2.0101707934827573,739.4207117770293,False
worst_case_yoy_growth,dbsql,1,-1,-1,684.3158330011647,True,,256214.8868694079,256219.91849999176,5.031630583857805,689.3474635850225,False
worst_case_yoy_growth,dbsql,1,-1,-1,815.1805830129888,True,,256020.17772525392,256020.70091699716,0.5231917432411137,815.7037747562299,False
worst_case_yoy_growth,dbsql,1,-1,-1,634.0175419754814,True,,256637.1992833391,256640.78037498984,3.5810916507443835,637.5986336262258,False
worst_case_yoy_growth,dbsql,1,-1,-1,649.0203340072185,True,,257842.30786946937,257849.8014579818,7.49358851243187,656.5139225196504,False
worst_case_yoy_growth,dbsql,1,-1,-1,661.3824579981156,True,,256731.8894504749,256733.73620799975,1.8467575248450885,663.2292155229607,False
worst_case_yoy_growth,dbsql,1,-1,-1,692.1369579795282,True,,259448.8340508839,259452.0480829815,3.214032097616837,695.3509900771451,False
worst_case_yoy_growth,dbsql,1,-1,-1,671.9985000090674,True,,256326.90595140884,256329.27470799768,2.368756588850829,674.3672565979182,False
worst_case_yoy_growth,dbsql,1,-1,-1,602.7840830211062,True,,263351.66637920623,263357.0342079911,5.367828784869744,608.1519118059759,False
worst_case_yoy_growth,dbsql,1,-1,-1,930.8575409813784,True,,257900.37155260786,257901.3151669933,0.9436143854486545,931.8011553668271,False
worst_case_yoy_growth,dbsql,1,-1,-1,667.9510420071892,True,,264043.1079353216,264048.0165419867,4.908606665139814,672.8596486723291,False
worst_case_yoy_growth,dbsql,1,-1,-1,650.9411669976544,True,,265217.2541638958,265218.84487499483,1.5907110990269757,652.5318780966813,False
worst_case_yoy_growth,dbsql,1,-1,-1,712.893250019988,True,,264490.40119717515,264495.4255829798,5.024385804631493,717.9176358246195,False
worst_case_yoy_growth,dbsql,1,-1,-1,685.6597500154749,True,,267305.42443390336,267310.45991700375,5.03548310041424,690.6952331158891,False
worst_case_yoy_growth,dbsql,1,-1,-1,620.0946249882691,True,,269887.7360455037,269888.75949999783,1.023454494145426,621.1180794824145,False
worst_case_yoy_growth,dbsql,1,-1,-1,700.8519590017386,True,,265345.31133630656,265345.57458298514,0.2632466785712495,701.1152056803098,False
worst_case_yoy_growth,dbsql,1,-1,-1,741.9295000145212,True,,268301.67597148987,268302.08033300005,0.4043615101636533,742.3338615246848,False
worst_case_yoy_growth,dbsql,1,-1,-1,607.6650419854559,True,,270232.5804651408,270235.6705419952,3.0900768543915547,610.7551188398475,False
worst_case_yoy_growth,dbsql,1,-1,-1,606.5009590238333,True,,275087.874611628,275092.8984999773,5.023888349285244,611.5248473731185,False
worst_case_yoy_growth,dbsql,1,-1,-1,655.4551250010263,True,,270393.355005318,270398.3900419844,5.035036666356518,660.4901616673828,False
worst_case_yoy_growth,dbsql,1,-1,-1,733.2230830215849,True,,275842.2458845147,275845.7396669837,3.4937824690359776,736.7168654906209,False
worst_case_yoy_growth,dbsql,1,-1,-1,1111.1582499870565,True,,269135.3436367871,269140.3602499922,5.016613205157228,1116.1748631922137,False
worst_case_yoy_growth,dbsql,1,-1,-1,693.3786669978872,True,,279643.3149147791,279645.6402920012,2.3253772221210056,695.7040442200082,False
worst_case_yoy_growth,dbsql,1,-1,-1,654.8327079799492,True,,280261.36532590794,280266.3852919941,5.0199660861380835,659.8526740660873,False
worst_case_yoy_growth,dbsql,1,-1,-1,879.6980420011096,True,,273414.6185360924,273419.65762499603,5.039088903629363,884.7371309047389,False
worst_case_yoy_growth,dbsql,1,-1,-1,659.990584012121,True,,280992.576305535,280997.5893749797,5.013069444771645,665.0036534568926,False
worst_case_yoy_growth,dbsql,1,-1,-1,608.0322920170147,True,,281324.28976717434,281329.3192079873,5.029440812961639,613.0617328299763,False
worst_case_yoy_growth,dbsql,1,-1,-1,942.3122080042958,True,,277656.96779084514,277661.9920419762,5.024251131032997,947.3364591353288,False
worst_case_yoy_growth,dbsql,1,-1,-1,619.8301250115037,True,,281970.38696310605,281972.8074169834,2.4204538773915374,622.2505788888952,False
worst_case_yoy_growth,dbsql,1,-1,-1,586.7212080047466,True,,282822.4679309781,282827.495207981,5.02727700285277,591.7484850075994,False
worst_case_yoy_growth,dbsql,1,-1,-1,666.6990839876235,True,,282474.28317609127,282476.84241700335,2.559240912091809,669.2583248997153,False
worst_case_yoy_growth,dbsql,1,-1,-1,620.2327080245595,True,,282959.68289700616,282964.69679198344,5.013894977309974,625.2466030018695,False
worst_case_yoy_growth,dbsql,1,-1,-1,620.0541250000242,True,,283056.8539735909,283061.8728749978,5.018901406913301,625.0730264069375,False
worst_case_yoy_growth,dbsql,1,-1,-1,620.0766669935547,True,,284674.5403982814,284676.10645797686,1.5660596954489847,621.6427266890037,False
worst_case_yoy_growth,dbsql,1,-1,-1,690.1090829924215,True,,285353.8241202093,285355.2619169932,1.4377967838754557,691.5468797762969,False
worst_case_yoy_growth,dbsql,1,-1,-1,605.3324580134358,True,,285702.37402405875,285707.39512497676,5.021100917986132,610.353558931422,False
worst_case_yoy_growth,dbsql,1,-1,-1,626.5862080035731,True,,287943.37129132525,287947.53804200445,4.16675067918959,630.7529586827627,False
worst_case_yoy_growth,dbsql,1,-1,-1,685.2946669969242,True,,290335.481666555,290346.74824998365,11.26658342866449,696.5612504255887,False
worst_case_yoy_growth,dbsql,1,-1,-1,659.4172090117354,True,,294701.27834229945,294708.1800419837,6.901699684249252,666.3189086959846,False
worst_case_yoy_growth,dbsql,1,-1,-1,600.3990000172053,True,,294855.6434343242,294855.9449579916,0.30152366741731385,600.7005236846226,False
worst_case_yoy_growth,dbsql,1,-1,-1,624.1590839927085,True,,295951.21728852665,295956.22266698047,5.005378453802223,629.1644624465107,False
worst_case_yoy_growth,dbsql,1,-1,-1,651.6806250147056,True,,296089.56633461436,296095.8404999983,6.2741653839566425,657.9547903986622,False
worst_case_yoy_growth,dbsql,1,-1,-1,615.6907500117086,True,,296532.31357954827,296537.6269579865,5.313378438245309,621.0041284499539,False
worst_case_yoy_growth,dbsql,1,-1,-1,571.1794999951962,True,,296624.554287452,296627.5018329907,2.947545538631857,574.1270455338281,False
worst_case_yoy_growth,dbsql,1,-1,-1,603.3985409885645,True,,297766.6902561361,297785.7604579767,19.070201840577283,622.4687428291418,False
worst_case_yoy_growth,dbsql,1,-1,-1,593.9262920001056,True,,298654.8400758241,298659.8896670039,5.049591179783874,598.9758831798895,False
worst_case_yoy_growth,dbsql,1,-1,-1,597.4140409962274,True,,299351.6263255061,299355.9988749912,4.372549485140098,601.7865904813675,False
worst_case_yoy_growth,dbsql,1,-1,-1,576.1510840093251,True,,301919.8565358325,301921.91016700235,2.053631169815162,578.2047151791403,False
worst_case_yoy_growth,dbsql,1,-1,-1,584.4667089986615,True,,302972.68817757413,302973.86295799515,1.1747804210244794,585.641489419686,False
worst_case_yoy_growth,dbsql,1,-1,-1,649.7606250050012,True,,304044.1544668754,304052.0758329949,7.921366119489903,657.6819911244911,False
worst_case_yoy_growth,dbsql,1,-1,-1,549.4358750001993,True,,305422.5863478506,305426.86166698695,4.275319136354483,553.7111941365538,False
worst_case_yoy_growth,dbsql,1,-1,-1,586.1557500029448,True,,305458.8870593165,305461.45350000006,2.5664406835517184,588.7221906864966,False
worst_case_yoy_growth,dbsql,1,-1,-1,607.1217500139028,True,,306952.65764874016,306957.6794579916,5.021809251445575,612.1435592653484,False
worst_case_yoy_growth,dbsql,1,-1,-1,590.1590419816785,True,,307972.20009860233,307973.2456249767,1.0455263743551768,591.2045683560336,False
worst_case_yoy_growth,dbsql,1,-1,-1,545.5284169875085,True,,308530.58765300986,308533.9890829928,3.401429982886839,548.9298469703954,False
worst_case_yoy_growth,dbsql,1,-1,-1,553.4351249807514,True,,309154.54672240984,309158.29249998205,3.745777572191855,557.1809025529433,False
worst_case_yoy_growth,dbsql,1,-1,-1,571.4126249949913,True,,309290.19313443254,309290.84062497714,0.6474905445656987,572.060115539557,False
worst_case_yoy_growth,dbsql,1,-1,-1,589.2401660094038,True,,309589.4138321074,309590.06370799034,0.6498758829707185,589.8900418923745,False
worst_case_yoy_growth,dbsql,1,-1,-1,560.8123749843799,True,,310272.16054770513,310277.2194169811,5.058869275956113,565.871244260336,False
worst_case_yoy_growth,dbsql,1,-1,-1,547.4348749849014,True,,310769.82475331734,310771.27579197986,1.451038662537485,548.8859136474389,False
worst_case_yoy_growth,dbsql,1,-1,-1,615.7506660092622,True,,312561.0530622137,312564.83533300343,3.7822707897134933,619.5329367989757,False
worst_case_yoy_growth,dbsql,1,-1,-1,608.3965419966262,True,,315676.8749976773,315680.1799579989,3.3049603216568357,611.701502318283,False
worst_case_yoy_growth,dbsql,1,-1,-1,579.2857079941314,True,,316924.7226978093,316930.08912500227,5.3664271929960705,584.6521351871274,False
worst_case_yoy_growth,dbsql,1,-1,-1,540.147416992113,True,,319443.9867962704,319448.6605830025,4.673786732098506,544.8212037242115,False
worst_case_yoy_growth,dbsql,1,-1,-1,566.7868750169873,True,,320631.07110413664,320636.1022499914,5.031145854729857,571.8180208717172,False
worst_case_yoy_growth,dbsql,1,-1,-1,547.4403749976773,True,,320795.65508265846,320800.2895419777,4.634459319220241,552.0748343168975,False
worst_case_yoy_growth,dbsql,1,-1,-1,545.116416993551,True,,320831.592131874,320831.8169580016,0.22482612757812603,545.3412431211291,False
worst_case_yoy_growth,dbsql,1,-1,-1,536.3420830108225,True,,321778.4014675018,321782.3765829962,3.9751154943701295,540.3171985051927,False
worst_case_yoy_growth,dbsql,1,-1,-1,570.3683749889024,True,,321698.18181966123,321703.2174170017,5.035597340508957,575.4039723294113,False
worst_case_yoy_growth,dbsql,1,-1,-1,570.7575420092326,True,,322348.2831938137,322353.32183298306,5.038639169356429,575.796181178589,False
worst_case_yoy_growth,dbsql,1,-1,-1,535.3510830027517,True,,323761.5452409477,323766.2464999885,4.701259040814421,540.0523420435661,False
worst_case_yoy_growth,dbsql,1,-1,-1,582.557290996192,True,,324078.2173240066,324083.26020798995,5.042883983321644,587.6001749795137,False
worst_case_yoy_growth,dbsql,1,-1,-1,563.2909169944469,True,,326040.5243156112,326044.02624999057,3.501934379357863,566.7928513738048,False
worst_case_yoy_growth,dbsql,1,-1,-1,586.9294590083882,True,,326919.4326012431,326924.714666995,5.282065751885057,592.2115247602733,False
worst_case_yoy_growth,dbsql,1,-1,-1,631.8405419879127,True,,326950.91689490085,326952.3728749773,1.4559800764573083,633.29652206437,False
worst_case_yoy_growth,dbsql,1,-1,-1,576.1589170142543,True,,328157.40543619986,328162.4578749761,5.052438776260715,581.211355790515,False
worst_case_yoy_growth,dbsql,1,-1,-1,566.0280000010971,True,,328858.14104550186,328861.7474999919,3.606454490068245,569.6344544911653,False
worst_case_yoy_growth,dbsql,1,-1,-1,555.556000006618,True,,328682.8430400464,328687.884791987,5.041751940609629,560.5977519472276,False
worst_case_yoy_growth,dbsql,1,-1,-1,540.3536249941681,True,,330073.5303348114,330078.56091699796,5.03058218652086,545.3842071806889,False
worst_case_yoy_growth,dbsql,1,-1,-1,558.70770799811,True,,330664.5673697023,330669.41429200233,4.846922300032475,563.5546302981425,False
worst_case_yoy_growth,dbsql,1,-1,-1,546.3557500042953,True,,332433.0369267056,332438.0549999769,5.018073271287449,551.3738232755827,False
worst_case_yoy_growth,dbsql,1,-1,-1,533.3467909949832,True,,332637.1306741116,332642.1499999997,5.019325888099502,538.3661168830827,False
worst_case_yoy_growth,dbsql,1,-1,-1,569.7764590149745,True,,333303.0952495473,333308.14304199885,5.047792451591704,574.8242514665662,False
worst_case_yoy_growth,dbsql,1,-1,-1,663.3966249937657,True,,333467.33245190163,333469.9483749864,2.615923084761107,666.0125480785268,False
worst_case_yoy_growth,dbsql,1,-1,-1,554.343208001228,True,,333902.5225772134,333907.7970419894,5.2744647759936925,559.6176727772217,False
worst_case_yoy_growth,dbsql,1,-1,-1,541.8713749968447,True,,334254.05365851347,334254.9676669878,0.9140084743535226,542.7853834711982,False
worst_case_yoy_growth,dbsql,1,-1,-1,571.1842089949641,True,,334583.160792841,334584.9218329822,1.7610401412184729,572.9452491361826,False
worst_case_yoy_growth,dbsql,1,-1,-1,585.5842920136638,True,,336638.7264817646,336639.0929170011,0.36643523651491705,585.9507272501787,False
worst_case_yoy_growth,dbsql,1,-1,-1,566.4872500055935,True,,339813.8462050919,339824.17220799834,10.326002906424492,576.813252912018,False
worst_case_yoy_growth,dbsql,1,-1,-1,564.3472079827916,True,,340046.20161165274,340079.4925419905,33.29093033772779,597.6381383205194,False
worst_case_yoy_growth,dbsql,1,-1,-1,582.3769579874352,True,,345821.35311149084,345826.40083300066,5.047721509811254,587.4246794972464,False
worst_case_yoy_growth,dbsql,1,-1,-1,536.8031249963678,True,,346249.341885716,346251.9565830007,2.614697284684553,539.4178222810524,False
worst_case_yoy_growth,dbsql,1,-1,-1,567.3584999749437,True,,346371.1321768501,346373.678791977,2.546615126902907,569.9051151018466,False
worst_case_yoy_growth,dbsql,1,-1,-1,555.306833004579,True,,346595.2333000528,346600.25516699534,5.021866942513498,560.3286999470924,False
worst_case_yoy_growth,dbsql,1,-1,-1,548.0338339984883,True,,349395.7168369181,349400.2606669965,4.543830078375777,552.577664076864,False
worst_case_yoy_growth,dbsql,1,-1,-1,564.5008339779451,True,,349707.9580380233,349713.1128750043,5.1548369809779615,569.6556709589231,False
worst_case_yoy_growth,dbsql,1,-1,-1,584.1684580082074,True,,352085.74606903817,352089.06804199796,3.3219729597817604,587.4904309679891,False
worst_case_yoy_growth,dbsql,1,-1,-1,581.7422499821987,True,,352570.4954723376,352575.33737499034,4.841902652742647,586.5841526349413,False
worst_case_yoy_growth,dbsql,1,-1,-1,688.7112080003135,True,,355805.3137057634,355809.31504198816,4.001336224803254,692.7125442251167,False
worst_case_yoy_growth,dbsql,1,-1,-1,611.1704159993678,True,,355841.92278167064,355843.0019579828,1.0791763121460463,612.2495923115139,False
worst_case_yoy_growth,dbsql,1,-1,-1,586.8095420009922,True,,356984.5792223208,356988.12270798953,3.543485668728863,590.3530276697211,False
worst_case_yoy_growth,dbsql,1,-1,-1,654.9251670076046,True,,357422.5947403577,357428.4881670028,5.893426645059208,660.8185936526638,False
worst_case_yoy_growth,dbsql,1,-1,-1,559.7045840113424,True,,358027.63159887784,358029.905125004,2.2735261261459527,561.9781101374883,False
worst_case_yoy_growth,dbsql,1,-1,-1,560.7909160025883,True,,358706.99439880654,358709.69616700313,2.7017681965730844,563.4926841991614,False
worst_case_yoy_growth,dbsql,1,-1,-1,588.2073339889757,True,,359298.8173090575,359302.94512500404,4.127815946503688,592.3351499354794,False
worst_case_yoy_growth,dbsql,1,-1,-1,638.1372090254445,True,,359523.94252797787,359527.33079198515,3.388264007298858,641.5254730327433,False
worst_case_yoy_growth,dbsql,1,-1,-1,584.7188750049099,True,,359658.5638935249,359659.8856249766,1.3217314516964507,586.0406064566064,False
worst_case_yoy_growth,dbsql,1,-1,-1,583.9514579856768,True,,359829.582445225,359834.6002079779,5.0177627529706115,588.9692207386474,False
worst_case_yoy_growth,dbsql,1,-1,-1,583.8322920026258,True,,359988.2752151099,359993.47687498084,5.201659870920139,589.0339518735459,False
worst_case_yoy_growth,dbsql,1,-1,-1,599.9504159844946,True,,361024.69833060075,361028.30304199597,3.6047113952122345,603.5551273797068,False
worst_case_yoy_growth,dbsql,1,-1,-1,624.8636249802075,True,,361494.94561591715,361496.72483297763,1.7792170604593593,626.6428420406669,False
worst_case_yoy_growth,dbsql,1,-1,-1,557.9729169839993,True,,362387.80803406955,362388.3465419931,0.5385079235225021,558.5114249075218,False
worst_case_yoy_growth,dbsql,1,-1,-1,618.8775420014281,True,,363717.9524261225,363722.9861669766,5.033740854116786,623.9112828555449,False
worst_case_yoy_growth,dbsql,1,-1,-1,556.1049999960233,True,,363743.1985606631,363747.08237499,3.883814326911761,559.988814322935,False
worst_case_yoy_growth,dbsql,1,-1,-1,670.4450410034042,True,,365072.63652476016,365077.6613749913,5.0248502311092125,675.4698912345134,False
worst_case_yoy_growth,dbsql,1,-1,-1,626.4508340100292,True,,365463.3438963396,365469.0072919766,5.663395636986479,632.1142296470157,False
worst_case_yoy_growth,dbsql,1,-1,-1,670.2609169878997,True,,366936.24800675863,366941.3027080009,5.054701242272586,675.3156182301723,False
worst_case_yoy_growth,dbsql,1,-1,-1,1048.9961249986663,True,,367059.48973634513,367060.22008298896,0.7303466438202122,1049.7264716424866,False
worst_case_yoy_growth,dbsql,1,-1,-1,569.7374999872409,True,,367721.28921953804,367726.0927919997,4.80357246163976,574.5410724488806,False
worst_case_yoy_growth,dbsql,1,-1,-1,611.1875000060536,True,,368431.85133310733,368434.4452499936,2.5939168862691986,613.7814168923228,False
worst_case_yoy_growth,dbsql,1,-1,-1,568.9144159841817,True,,368983.2645455204,368988.3104999899,5.045954469494518,573.9603704536762,False
worst_case_yoy_growth,dbsql,1,-1,-1,568.2164170139004,True,,372467.83968591527,372471.1758749909,3.3361890755827517,571.5526060894831,False
worst_case_yoy_growth,dbsql,1,-1,-1,547.0089169975836,True,,372822.138993516,372824.47233298444,2.333339468464146,549.3422564660477,False
worst_case_yoy_growth,dbsql,1,-1,-1,576.1095419875346,True,,373846.881655953,373847.50129198073,0.619636027749948,576.7291780152846,False
worst_case_yoy_growth,dbsql,1,-1,-1,650.381917017512,True,,375776.882649671,375778.3225000021,1.4398503311099375,651.821767348622,False
worst_case_yoy_growth,dbsql,1,-1,-1,640.1223329885397,True,,376693.40653862467,376693.90658297925,0.5000443545668531,640.6223773431066,False
worst_case_yoy_growth,dbsql,1,-1,-1,579.3097499990836,True,,377489.2740315544,377492.54995799856,3.2759264441324376,582.585676443216,False
worst_case_yoy_growth,dbsql,1,-1,-1,567.2671250067651,True,,377712.8598547054,377714.19599998626,1.3361452808453578,568.6032702876105,False
worst_case_yoy_growth,dbsql,1,-1,-1,706.5897920110729,True,,377758.28178625443,377759.4764169771,1.194630722693546,707.7844227337664,False
worst_case_yoy_growth,dbsql,1,-1,-1,615.2147079992574,True,,378133.3881927251,378135.08912498946,1.7009322643843916,616.9156402636418,False
worst_case_yoy_growth,dbsql,1,-1,-1,557.8087920148391,True,,379107.86645797075,379112.8950830025,5.028625031741285,562.8374170465804,False
worst_case_yoy_growth,dbsql,1,-1,-1,644.431666994933,True,,379274.5052027354,379278.2927499793,3.78754724385999,648.219214238793,False
worst_case_yoy_growth,dbsql,1,-1,-1,647.4043329944834,True,,379413.4377702117,379418.4628329822,5.025062770471322,652.4293957649547,False
worst_case_yoy_growth,dbsql,1,-1,-1,550.9952919965144,True,,379934.17246852414,379939.2088329769,5.0363644527351425,556.0316564492496,False
worst_case_yoy_growth,dbsql,1,-1,-1,575.2201669965871,True,,382103.22125970793,382104.11041698535,0.8891572774132328,576.1093242740003,False
worst_case_yoy_growth,dbsql,1,-1,-1,565.5331249872688,True,,382447.44269046414,382452.4899169919,5.047226527779003,570.5803515150478,False
worst_case_yoy_growth,dbsql,1,-1,-1,552.5745830091182,True,,383773.9218081535,383777.06408299855,3.1422748450609106,555.7168578541791,False
worst_case_yoy_growth,dbsql,1,-1,-1,601.7882500018459,True,,384148.1613023922,384150.28020797763,2.118905585405173,603.907155587251,False
worst_case_yoy_growth,dbsql,1,-1,-1,536.523374990793,True,,385453.89308895514,385455.33337499364,1.4402860384734595,537.9636610292664,False
worst_case_yoy_growth,dbsql,1,-1,-1,547.4664169887546,True,,385394.99416430964,385397.3943750025,2.4002106928264766,549.8666276815811,False
worst_case_yoy_growth,dbsql,1,-1,-1,615.3672499931417,True,,386641.4982166486,386646.56287498656,5.06465833797165,620.4319083311134,False
worst_case_yoy_growth,dbsql,1,-1,-1,574.4019580015447,True,,389197.0646350094,389197.32374997693,0.25911496754815744,574.6610729690929,False
worst_case_yoy_growth,dbsql,1,-1,-1,583.7066249805503,True,,391635.02423069783,391640.0886249903,5.0643942925034935,588.7710192730538,False
worst_case_yoy_growth,dbsql,1,-1,-1,583.5758339962922,True,,392409.52054728306,392413.06645798613,3.5459107030533232,587.1217446993455,False
worst_case_yoy_growth,dbsql,1,-1,-1,553.937082993798,True,,394202.19577886874,394206.63258299464,4.43680412587355,558.3738871196715,False
worst_case_yoy_growth,dbsql,1,-1,-1,589.1509579960257,True,,395132.99850011535,395138.0205419846,5.022041869210625,594.1729998652363,False
worst_case_yoy_growth,dbsql,1,-1,-1,687.4476249795407,True,,396648.84013149515,396650.34641698,1.5062854848792995,688.95391046442,False
worst_case_yoy_growth,dbsql,1,-1,-1,596.4797920023557,True,,397402.7492079478,397407.4205420038,4.6713340560131655,601.1511260583688,False
worst_case_yoy_growth,dbsql,1,-1,-1,614.266333024716,True,,398296.7883953072,398300.7997079985,4.0113126913183805,618.2776457160344,False
worst_case_yoy_growth,dbsql,1,-1,-1,646.7413750069682,True,,399414.3275276702,399419.1568749957,4.829347325483013,651.5707223324512,False
worst_case_yoy_growth,dbsql,1,-1,-1,552.0695839950349,True,,400507.94460721524,400508.07724997867,0.1326427634467109,552.2022267584816,False
worst_case_yoy_growth,dbsql,1,-1,-1,590.1402499875985,True,,400684.04659615725,400687.50183298835,3.4552368310869497,593.5954868186855,False
worst_case_yoy_growth,dbsql,1,-1,-1,769.1865419910755,True,,401160.80585190497,401161.9924999832,1.186648078203234,770.3731900692787,False
worst_case_yoy_growth,dbsql,1,-1,-1,603.1482089892961,True,,401448.905819267,401469.44254200207,20.536722735073454,623.6849317243696,False
worst_case_yoy_growth,dbsql,1,-1,-1,562.2402089938987,True,,401560.6614113289,401562.0385829825,1.3771716535870837,563.6173806474858,False
worst_case_yoy_growth,dbsql,1,-1,-1,567.5213749927934,True,,402842.88551243936,402844.72645798814,1.8409455487926607,569.3623205415861,False
worst_case_yoy_growth,dbsql,1,-1,-1,854.4457919779234,True,,404357.64699158695,404362.7014999802,5.054508393243395,859.5003003711668,False
worst_case_yoy_growth,dbsql,1,-1,-1,840.3548340138514,True,,404631.3508994098,404631.74774998333,0.39685057356564357,840.751684587417,False
worst_case_yoy_growth,dbsql,1,-1,-1,607.694000005722,True,,405226.66754834924,405231.6849579802,5.017409630909242,612.7114096366313,False
worst_case_yoy_growth,dbsql,1,-1,-1,602.5056250218768,True,,405827.3278185337,405836.86966699315,9.541848459434732,612.0474734813115,False
worst_case_yoy_growth,dbsql,1,-1,-1,578.9343749929685,True,,408932.2927620776,408937.88783298805,5.5950709104877205,584.5294459034562,False
worst_case_yoy_growth,dbsql,1,-1,-1,598.1792499951553,True,,409043.8616755903,409045.1442920021,1.2826164117996086,599.4618664069549,False
worst_case_yoy_growth,dbsql,1,-1,-1,557.5252079870552,True,,409575.52125341597,409578.8479579787,3.3267045627667358,560.8519125498219,False
worst_case_yoy_growth,dbsql,1,-1,-1,595.4095000051893,True,,411997.5343851218,412002.68987499294,5.155489871185637,600.564989876375,False
worst_case_yoy_growth,dbsql,1,-1,-1,673.8265000167303,True,,413930.27800363547,413935.32254197635,5.044538340882809,678.8710383576131,False
worst_case_yoy_growth,dbsql,1,-1,-1,561.3496669975575,True,,415043.7816776253,415045.2363329823,1.4546553570085052,562.804322354566,False
worst_case_yoy_growth,dbsql,1,-1,-1,554.9973750021309,True,,415144.7731336776,415149.80020798976,5.027074312124569,560.0244493142554,False
worst_case_yoy_growth,dbsql,1,-1,-1,541.6610410029534,True,,415228.67570025934,415231.619875005,2.9441747456644407,544.6052157486179,False
worst_case_yoy_growth,dbsql,1,-1,-1,554.7897089854814,True,,416212.6044948479,416217.63400000054,5.029505152663205,559.8192141381446,False
worst_case_yoy_growth,dbsql,1,-1,-1,594.0589999954682,True,,416892.4863639377,416899.5567079983,7.0703440605370815,601.1293440560053,False
worst_case_yoy_growth,dbsql,1,-1,-1,643.1459999876097,True,,417930.72220944124,417934.875832987,4.153623545789742,647.2996235333994,False
worst_case_yoy_growth,dbsql,1,-1,-1,598.2058749941643,True,,420680.46110460296,420685.4818749998,5.020770396868102,603.2266453910324,False
worst_case_yoy_growth,dbsql,1,-1,-1,632.2574999940116,True,,421572.34738504956,421577.3731249792,5.02573992963562,637.2832399236472,False
worst_case_yoy_growth,dbsql,1,-1,-1,589.4608749949839,True,,421850.4585301501,421854.3330419925,3.874511842411721,593.3353868373956,False
worst_case_yoy_growth,dbsql,1,-1,-1,690.8468339825049,True,,421771.2285860531,421776.4286249876,5.200038934447093,696.046872916952,False
worst_case_yoy_growth,dbsql,1,-1,-1,647.859916993184,True,,422295.8990145742,422296.2213330029,0.3223184287435288,648.1822354219275,False
worst_case_yoy_growth,dbsql,1,-1,-1,575.8725840132684,True,,422861.1859885361,422863.35612498806,2.1701364519799426,578.0427204652483,False
worst_case_yoy_growth,dbsql,1,-1,-1,845.1877920015249,True,,424847.3510296524,424847.7174169966,0.36638734417238084,845.5541793456973,False
worst_case_yoy_growth,dbsql,1,-1,-1,608.0518749949988,True,,425998.2281772096,426002.01804199605,3.789864786426733,611.8417397814255,False
worst_case_yoy_growth,dbsql,1,-1,-1,614.2823330010287,True,,426941.92790429585,426946.95133299683,5.02342870100847,619.3057617020372,False
worst_case_yoy_growth,dbsql,1,-1,-1,609.6182920155115,True,,427093.0394539725,427098.0754579941,5.036004021633289,614.6542960371448,False
worst_case_yoy_growth,dbsql,1,-1,-1,654.2570409947075,True,,427570.80789780326,427572.48758297646,1.679685173201051,655.9367261679085,False
worst_case_yoy_growth,dbsql,1,-1,-1,611.6192910121754,True,,427760.09089156956,427762.9991249996,2.9082334300483126,614.5275244422237,False
worst_case_yoy_growth,dbsql,1,-1,-1,626.5344580169767,True,,427457.9974941027,427459.6453749982,1.6478808955184832,628.1823389124952,False
worst_case_yoy_growth,dbsql,1,-1,-1,668.8527499791235,True,,428307.77353732084,428312.8468749928,5.073337672001799,673.9260876511253,False
worst_case_yoy_growth,dbsql,1,-1,-1,596.6016669990495,True,,428626.6307021455,428630.9795829875,4.348880841973823,600.9505478410233,False
worst_case_yoy_growth,dbsql,1,-1,-1,690.663458983181,True,,429468.6967429325,429472.40949998377,3.7127570512893726,694.3762160344704,False
worst_case_yoy_growth,dbsql,1,-1,-1,598.6544170009438,True,,430404.1059337418,430405.25087498827,1.1449412464799025,599.7993582474237,False
worst_case_yoy_growth,dbsql,1,-1,-1,778.0253750097472,True,,430756.2204030356,430772.0207919774,15.800388941840993,793.8257639515882,False
worst_case_yoy_growth,dbsql,1,-1,-1,597.8989999857731,True,,431021.0330694213,431038.2153329847,17.18226356337027,615.0812635491434,False
worst_case_yoy_growth,dbsql,1,-1,-1,604.22045798623,True,,431821.45079775725,431826.6232079768,5.172410219529411,609.3928682057594,False
worst_case_yoy_growth,dbsql,1,-1,-1,609.4009169901256,True,,433172.5641015686,433177.2243329906,4.66023142200811,614.0611484121337,False
worst_case_yoy_growth,dbsql,1,-1,-1,680.0994169898331,True,,433440.29113622126,433444.09670800087,3.8055717795941746,683.9049887694273,False
worst_case_yoy_growth,dbsql,1,-1,-1,630.1797920023091,True,,433936.291331668,433940.2763749822,3.985043314230552,634.1648353165397,False
worst_case_yoy_growth,dbsql,1,-1,-1,553.9206250105053,True,,436438.6882108801,436443.70874998276,5.020539102645216,558.9411641131505,False
worst_case_yoy_growth,dbsql,1,-1,-1,609.1877500002738,True,,437119.4032761322,437124.43999998504,5.036723852867908,614.2244738531417,False
worst_case_yoy_growth,dbsql,1,-1,-1,590.429750009207,True,,438746.4368021557,438747.5712079904,1.1344058347049213,591.564155843912,False
worst_case_yoy_growth,dbsql,1,-1,-1,570.37445800961,True,,439203.6954534101,439204.0962500032,0.4007965931123181,570.7752546027223,False
worst_case_yoy_growth,dbsql,1,-1,-1,594.1284169966821,True,,439624.66119899304,439629.7077079944,5.046509001317645,599.1749259979997,False
worst_case_yoy_growth,dbsql,1,-1,-1,611.7814159952104,True,,440050.06923165004,440054.81091700494,4.741685354929359,616.5231013501398,False
worst_case_yoy_growth,dbsql,1,-1,-1,627.1754170011263,True,,440975.2448236233,440976.02887498215,0.784051358891702,627.959468360018,False
worst_case_yoy_growth,dbsql,1,-1,-1,612.341625004774,True,,441874.09467523434,441879.112124996,5.017449761680837,617.3590747664548,False
worst_case_yoy_growth,dbsql,1,-1,-1,642.7923750015907,True,,442200.5840798509,442205.6125829986,5.02850314768466,647.8208781492754,False
worst_case_yoy_growth,dbsql,1,-1,-1,552.4923749908339,True,,448621.4528272407,448626.5272499877,5.074422746986329,557.5667977378203,False
worst_case_yoy_growth,dbsql,1,-1,-1,563.7840000272263,True,,448836.4699781674,448841.09174998594,4.621771818563047,568.4057718457893,False
worst_case_yoy_growth,dbsql,1,-1,-1,609.0822919795755,True,,449335.9230767834,449339.6233749809,3.7002981974296745,612.7825901770052,False
worst_case_yoy_growth,dbsql,1,-1,-1,633.1645419995766,True,,451379.696385641,451381.1559169844,1.4595313434142554,634.6240733429909,False
worst_case_yoy_growth,dbsql,1,-1,-1,608.1116670102347,True,,451496.91744781943,451497.1796669997,0.26221918028568325,608.3738861905204,False
worst_case_yoy_growth,dbsql,1,-1,-1,633.2985410117544,True,,452755.7243036911,452756.64304199745,0.9187383063249399,634.2172793180794,False
worst_case_yoy_growth,dbsql,1,-1,-1,605.3538749984,True,,452577.66989986826,452580.1595419762,2.489642107889267,607.8435171062893,False
worst_case_yoy_growth,dbsql,1,-1,-1,572.3200000065845,True,,452888.5355746448,452893.5520829982,5.016508353435256,577.3365083600197,False
worst_case_yoy_growth,dbsql,1,-1,-1,595.2735829923768,True,,452904.04288274527,452905.76691698516,1.7240342398849862,596.9976172322617,False
worst_case_yoy_growth,dbsql,1,-1,-1,604.1046250029467,True,,452929.03966218384,452930.0268329971,0.9871708132322965,605.091795816179,False
worst_case_yoy_growth,dbsql,1,-1,-1,689.5438749925233,True,,453224.7201432422,453227.46929200366,2.7491487614383914,692.2930237539617,False
worst_case_yoy_growth,dbsql,1,-1,-1,553.652750008041,True,,454347.85205820156,454352.909749985,5.057691783406426,558.7104417914475,False
worst_case_yoy_growth,dbsql,1,-1,-1,605.5134999915026,True,,454911.76723572804,454916.328124993,4.560889264951129,610.0743892564537,False
worst_case_yoy_growth,dbsql,1,-1,-1,631.8085000093561,True,,455195.9314777043,455196.483082982,0.5516052776783908,632.3601052870345,False
worst_case_yoy_growth,dbsql,1,-1,-1,578.7442079745233,True,,455805.01392063894,455810.0376249931,5.023704354186975,583.7679123287103,False
worst_case_yoy_growth,dbsql,1,-1,-1,550.5506249901373,True,,455973.38271610474,455979.67470798176,6.291991877048986,556.8426168671863,False
worst_case_yoy_growth,dbsql,1,-1,-1,547.8843329765368,True,,457408.0141243082,457412.3032919888,4.289167680610717,552.1735006571475,False
worst_case_yoy_growth,dbsql,1,-1,-1,590.1881250028964,True,,457414.5895492234,457415.1754579798,0.5859087563635512,590.77403375926,False
worst_case_yoy_growth,dbsql,1,-1,-1,625.3847089828923,True,,459891.60353930655,459895.49395799986,3.890418693288211,629.2751276761805,False
worst_case_yoy_growth,dbsql,1,-1,-1,572.6121249899734,True,,460779.4826626038,460783.423957997,3.941295393190103,576.5534203831635,False
worst_case_yoy_growth,dbsql,1,-1,-1,582.4227500124834,True,,461067.0248832386,461072.0560000045,5.031116765906063,587.4538667783895,False
worst_case_yoy_growth,dbsql,1,-1,-1,549.1101249936037,True,,461166.32313144737,461171.3569169806,5.033785533214541,554.1439105268182,False
worst_case_yoy_growth,dbsql,1,-1,-1,533.7122089986224,True,,461509.08365318255,461509.7492499917,0.6655968091990871,534.3778058078215,False
worst_case_yoy_growth,dbsql,1,-1,-1,553.5373330058064,True,,462207.148178993,462212.3553749989,5.207196005869719,558.7445290116761,False
worst_case_yoy_growth,dbsql,1,-1,-1,576.4683340094052,True,,463165.1540670966,463168.61845800304,3.4643909064584477,579.9327249158637,False
worst_case_yoy_growth,dbsql,1,-1,-1,554.321457981132,True,,463533.8467441525,463537.41495800205,3.568213849575841,557.8896718307078,False
worst_case_yoy_growth,dbsql,1,-1,-1,610.89645899483,True,,466113.8567614741,466119.25829199026,5.401530516166986,616.297989510997,False
worst_case_yoy_growth,dbsql,1,-1,-1,565.2265840035398,True,,466903.58941070177,466908.07066697744,4.4812562756533225,569.7078402791931,False
worst_case_yoy_growth,dbsql,1,-1,-1,574.5270000188611,True,,467051.87140913896,467055.6534169882,3.7820078492245557,578.3090078680857,False
worst_case_yoy_growth,dbsql,1,-1,-1,599.356999999145,True,,471546.6458098203,471551.71058297856,5.064773158267144,604.4217731574122,False
worst_case_yoy_growth,dbsql,1,-1,-1,601.9322920183185,True,,473141.1053665456,473144.81699999305,3.7116334474376345,605.6439254657562,False
worst_case_yoy_growth,dbsql,1,-1,-1,592.9138749779668,True,,477721.52623535885,477726.322292001,4.796056642135227,597.709931620102,False
worst_case_yoy_growth,dbsql,1,-1,-1,585.8115839946549,True,,479007.7777729745,479012.1782920032,4.40051902870664,590.2121030233616,False
worst_case_yoy_growth,dbsql,1,-1,-1,681.2297500146087,True,,479535.2784085045,479540.44408298796,5.1656744834645,686.3954244980732,False
worst_case_yoy_growth,dbsql,1,-1,-1,660.8400409750175,True,,479645.6846237723,479649.3042499933,3.619626220995542,664.459667196013,False
worst_case_yoy_growth,dbsql,1,-1,-1,648.9267500001006,True,,480094.88656783773,480097.96079198713,3.0742241493726397,652.0009741494732,False
worst_case_yoy_growth,dbsql,1,-1,-1,578.2504160015378,True,,480646.66637197236,480654.2007919925,7.5344200201357125,585.7848360216735,False
worst_case_yoy_growth,dbsql,1,-1,-1,659.9115830031224,True,,484245.99304024864,484253.0595419812,7.0665017325382,666.9780847356606,False
worst_case_yoy_growth,dbsql,1,-1,-1,633.2572079845704,True,,487657.6283894602,487661.3654169778,3.7370275175589995,636.9942355021294,False
worst_case_yoy_growth,dbsql,1,-1,-1,588.246250001248,True,,489582.66304085153,489592.04270798364,9.379667132122904,597.6259171333709,False
worst_case_yoy_growth,dbsql,1,-1,-1,596.3405829970725,True,,490405.59861936205,490407.2917919839,1.6931726218558651,598.0337556189284,False
worst_case_yoy_growth,dbsql,1,-1,-1,588.726707996102,True,,490792.35695225804,490794.8892079876,2.532255729533972,591.258963725636,False
worst_case_yoy_growth,dbsql,1,-1,-1,601.3086659950204,True,,491195.23553137487,491195.6817919854,0.44626061054486854,601.7549266055653,False
worst_case_yoy_growth,dbsql,1,-1,-1,633.6798749980517,True,,492498.5372342856,492500.05745800445,1.5202237188418621,635.2000987168935,False
worst_case_yoy_growth,dbsql,1,-1,-1,553.1155419885181,True,,492849.5638921018,492850.5285419815,0.9646498796769265,554.080191868195,False
worst_case_yoy_growth,dbsql,1,-1,-1,623.1897090037819,True,,493318.19980807544,493322.2598329885,4.060024913030702,627.2497339168126,False
worst_case_yoy_growth,dbsql,1,-1,-1,560.8496250060853,True,,493816.572409783,493821.0754999891,4.503090206071647,565.3527152121569,False
worst_case_yoy_growth,dbsql,1,-1,-1,601.4592080027796,True,,494816.87063936976,494821.4228749857,4.5522356159608535,606.0114436187405,False
worst_case_yoy_growth,dbsql,1,-1,-1,734.8570419999305,True,,498616.4558632552,498620.7844169985,4.328553743334851,739.1855957432654,False
worst_case_yoy_growth,dbsql,1,-1,-1,649.2652499873657,True,,499840.136720802,499841.31187500316,1.1751542011779748,650.4404041885437,False
worst_case_yoy_growth,dbsql,1,-1,-1,572.5327499967534,True,,500120.8325257522,500134.86833299976,14.035807247580578,586.568557244334,False
worst_case_yoy_growth,dbsql,1,-1,-1,595.2016250230372,True,,500934.59737182414,500937.29533298756,2.6979611633919376,597.8995861864291,False
worst_case_yoy_growth,dbsql,1,-1,-1,645.0156670180149,True,,500948.88120144303,500951.2198329903,2.338631547274872,647.3542985652898,False
worst_case_yoy_growth,dbsql,1,-1,-1,609.7794169909321,True,,502510.7979275876,502511.6810420004,0.8831144128294,610.6625314037615,False
worst_case_yoy_growth,dbsql,1,-1,-1,733.3120839903131,True,,503058.8746599132,503064.54537500395,5.670715090786871,738.9827990811,False
worst_case_yoy_growth,dbsql,1,-1,-1,638.3020829816815,True,,503813.89408957126,503822.25899997866,8.364910407408388,646.6669933890898,False
worst_case_yoy_growth,dbsql,1,-1,-1,737.1652500005439,True,,503855.802615228,503860.85804199683,5.055426768819871,742.2206767693638,False
worst_case_yoy_growth,dbsql,1,-1,-1,738.4892500122078,True,,507036.7737183582,507041.805041983,5.031323624848483,743.5205736370563,False
worst_case_yoy_growth,dbsql,1,-1,-1,625.1090000150725,True,,508394.4829194733,508399.4984999881,5.015580514793783,630.1245805298663,False
worst_case_yoy_growth,dbsql,1,-1,-1,596.4899999962654,True,,509061.86076745606,509066.88770800247,5.026940546429159,601.5169405426946,False
worst_case_yoy_growth,dbsql,1,-1,-1,631.1110410024412,True,,509094.43307764083,509098.9005419833,4.467464342496896,635.5785053449381,False
worst_case_yoy_growth,dbsql,1,-1,-1,573.5938330180943,True,,509662.6376091384,509666.698874993,4.061265854602425,577.6550988726967,False
worst_case_yoy_growth,dbsql,1,-1,-1,609.3439999967813,True,,510703.6701421695,510707.50754198525,3.8373998157226197,613.181399812504,False
worst_case_yoy_growth,dbsql,1,-1,-1,669.1106249927543,True,,515109.42574814137,515118.6257079826,9.199959841225791,678.3105848339801,False
worst_case_yoy_growth,dbsql,1,-1,-1,565.605667012278,True,,515589.1935202843,515594.2392500001,5.0457297157890935,570.6513967280671,False
worst_case_yoy_growth,dbsql,1,-1,-1,621.1344590119552,True,,515612.0287235418,515613.16408298444,1.1353594426282143,622.2698184545834,False
worst_case_yoy_growth,dbsql,1,-1,-1,621.8629160139244,True,,516595.9096829506,516601.01245797705,5.102775026443851,626.9656910403683,False
worst_case_yoy_growth,dbsql,1,-1,-1,543.906708015129,True,,518963.7068456124,518968.21854199516,4.511696382792252,548.4184043979212,False
worst_case_yoy_growth,dbsql,1,-1,-1,583.1841670151334,True,,519736.58274521265,519737.51691699727,0.9341717845927633,584.1183387997262,False
worst_case_yoy_growth,dbsql,1,-1,-1,530.7716660026927,True,,520300.45333661477,520305.39379199035,4.940455375617603,535.7121213783103,False
worst_case_yoy_growth,dbsql,1,-1,-1,577.3923329834361,True,,521129.35890206904,521144.13070798037,14.7718059113231,592.1641388947592,False
worst_case_yoy_growth,dbsql,1,-1,-1,568.5011669993401,True,,522157.410028733,522162.43745799875,5.027429265737737,573.5285962650778,False
worst_case_yoy_growth,dbsql,1,-1,-1,542.192166991299,True,,522357.07760631613,522361.4056670049,4.328060688749247,546.5202276800483,False
worst_case_yoy_growth,dbsql,1,-1,-1,564.9477500119247,True,,524178.87581365014,524179.5530419913,0.6772283411464741,565.6249783530711,False
worst_case_yoy_growth,dbsql,1,-1,-1,638.0639169947244,True,,524102.15162491065,524102.80804199283,0.6564170821548032,638.7203340768792,False
worst_case_yoy_growth,dbsql,1,-1,-1,550.9028329979628,True,,524285.4700706289,524290.4892499791,5.019179350256309,555.9220123482191,False
worst_case_yoy_growth,dbsql,1,-1,-1,693.3907500060741,True,,526009.7456016612,526010.2977920033,0.5521903420913077,693.9429403481654,False
worst_case_yoy_growth,dbsql,1,-1,-1,598.6057090049144,True,,528404.9360280352,528409.4535420008,4.517513965652142,603.1232229705665,False
worst_case_yoy_growth,dbsql,1,-1,-1,601.9581249856856,True,,528626.9317874233,528629.3021249876,2.370337564229885,604.3284625499155,False
worst_case_yoy_growth,dbsql,1,-1,-1,629.7172500053421,True,,528989.6406192522,528994.6696669795,5.029047727248326,634.7462977325904,False
worst_case_yoy_growth,dbsql,1,-1,-1,664.127833006205,True,,530179.9223915554,530180.0744999782,0.15210842286705883,664.2799414290721,False
worst_case_yoy_growth,dbsql,1,-1,-1,832.750292000128,True,,530186.3484174318,530187.291166978,0.9427495461977742,833.6930415463257,False
worst_case_yoy_growth,dbsql,1,-1,-1,632.1544999955222,True,,532936.6237702009,532941.7812079773,5.157437776460938,637.3119377719831,False
worst_case_yoy_growth,dbsql,1,-1,-1,660.1103330031037,True,,533786.2771787307,533788.4510419972,2.1738632665346813,662.2841962696384,False
worst_case_yoy_growth,dbsql,1,-1,-1,600.3309999941848,True,,535292.7240185237,535297.8503749764,5.126356452706204,605.457356446891,False
worst_case_yoy_growth,dbsql,1,-1,-1,593.1967920041643,True,,535335.5821673198,535339.8093330034,4.22716568357373,597.423957687738,False
worst_case_yoy_growth,dbsql,1,-1,-1,562.3343749903142,True,,535668.6250600159,535669.9372500007,1.3121899846737506,563.646564974988,False
worst_case_yoy_growth,dbsql,1,-1,-1,581.1744999955408,True,,537034.3811016638,537041.4764999878,7.095398323940572,588.2698983194814,False
worst_case_yoy_growth,dbsql,1,-1,-1,623.1125839985907,True,,539397.928440979,539402.1556249936,4.227184014666818,627.3397680132575,False
worst_case_yoy_growth,dbsql,1,-1,-1,603.8816249929368,True,,540582.7486070984,540584.7723750048,2.023767906507601,605.9053928994445,False
worst_case_yoy_growth,dbsql,1,-1,-1,601.1835829995107,True,,542159.3701078505,542163.2478329993,3.8777251487545072,605.0613081482652,False
worst_case_yoy_growth,dbsql,1,-1,-1,604.9385830119718,True,,544356.8422686756,544361.0802920011,4.238023325569884,609.1766063375417,False
worst_case_yoy_growth,dbsql,1,-1,-1,581.9151249888819,True,,546026.206003553,546029.4290829916,3.2230794386123307,585.1382044274942,False
worst_case_yoy_growth,dbsql,1,-1,-1,598.9330419979524,True,,547499.7525237687,547504.0898750012,4.337351232493347,603.2703932304457,False
worst_case_yoy_growth,dbsql,1,-1,-1,577.8835829987656,True,,547550.6107437242,547550.8339169901,0.22317326590837183,578.106756264674,False
worst_case_yoy_growth,dbsql,1,-1,-1,580.2735410106834,True,,547958.2573498578,547962.8964999865,4.639150128696201,584.9126911393796,False
worst_case_yoy_growth,dbsql,1,-1,-1,581.5044580085669,True,,548587.48105606,548589.4787499856,1.997693925659405,583.5021519342263,False
worst_case_yoy_growth,dbsql,1,-1,-1,569.4315000146162,True,,552516.550583258,552519.8182500026,3.2676667445912244,572.6991667592074,False
worst_case_yoy_growth,dbsql,1,-1,-1,551.4726660039742,True,,553382.3733322488,553387.375833001,5.002500752198102,556.4751667561723,False
worst_case_yoy_growth,dbsql,1,-1,-1,567.9449590097647,True,,556493.2721304564,556497.2841669805,4.012036524159157,571.9569955339239,False
worst_case_yoy_growth,dbsql,1,-1,-1,565.3432499966584,True,,556453.3823030365,556458.0890419893,4.706738952791056,570.0499889494495,False
worst_case_yoy_growth,dbsql,1,-1,-1,574.7857500100508,True,,556745.7389701447,556746.0072919785,0.26832183380065544,575.0540718438515,False
worst_case_yoy_growth,dbsql,1,-1,-1,584.5707079861313,True,,557022.0054688981,557023.4601669945,1.4546980963814349,586.0254060825127,False
worst_case_yoy_growth,dbsql,1,-1,-1,613.0119169829413,True,,557353.0512702347,557358.6449580034,5.5936877686235675,618.6056047515649,False
worst_case_yoy_growth,dbsql,1,-1,-1,561.3570830028038,True,,557452.4393092433,557457.324707997,4.885398753685877,566.2424817564897,False
worst_case_yoy_growth,dbsql,1,-1,-1,615.0558330118656,True,,559009.9748347809,559015.6170830014,5.642248220510737,620.6980812323764,False
worst_case_yoy_growth,dbsql,1,-1,-1,544.8593750188593,True,,559782.226633704,559787.2957079962,5.069074292237019,549.9284493110963,False
worst_case_yoy_growth,dbsql,1,-1,-1,572.2906659939326,True,,562506.3020191427,562510.9979999834,4.69598084066547,576.9866468345981,False
worst_case_yoy_growth,dbsql,1,-1,-1,644.437792012468,True,,563599.6329019207,563600.3695419931,0.7366400724322375,645.1744320849002,False
worst_case_yoy_growth,dbsql,1,-1,-1,563.4745830029715,True,,564104.4779887735,564109.54437498,5.066386206522111,568.5409692094936,False
worst_case_yoy_growth,dbsql,1,-1,-1,565.7762909831945,True,,564521.6139092706,564525.9003749816,4.286465710947596,570.0627566941421,False
worst_case_yoy_growth,dbsql,1,-1,-1,617.2246249916498,True,,565005.8747703398,565008.0757079995,2.2009376597225128,619.4255626513723,False
worst_case_yoy_growth,dbsql,1,-1,-1,565.7511669851374,True,,565004.69147465,565008.0381669977,3.346692347690805,569.0978593328282,False
worst_case_yoy_growth,dbsql,1,-1,-1,580.8042910066433,True,,565858.3636415064,565863.3885419986,5.024900492117013,585.8291914987603,False
worst_case_yoy_growth,dbsql,1,-1,-1,579.8612080106977,True,,566085.4009630212,566086.9807919953,1.579828974058728,581.4410369847565,False
worst_case_yoy_growth,dbsql,1,-1,-1,538.3578329929151,True,,566532.4185871014,566539.0902079816,6.671620880297269,545.0294538732123,False
worst_case_yoy_growth,dbsql,1,-1,-1,557.1733750111889,True,,567155.8039562067,567157.0624579908,1.2585017841502122,558.4318767953391,False
worst_case_yoy_growth,dbsql,1,-1,-1,555.5774579988793,True,,567117.6432721675,567123.3019999927,5.658727825107235,561.2361858239865,False
worst_case_yoy_growth,dbsql,1,-1,-1,589.0999580151401,True,,568481.2404169756,568481.3834579836,0.14304100807294162,589.2429990232131,False
worst_case_yoy_growth,dbsql,1,-1,-1,618.8679170154501,True,,569024.6303430032,569027.738292003,3.1079489998546705,621.9758660153047,False
worst_case_yoy_growth,dbsql,1,-1,-1,572.3604170198087,True,,569963.4462548496,569968.5527079855,5.1064531359088505,577.4668701557175,False
worst_case_yoy_growth,dbsql,1,-1,-1,596.9870420231018,True,,570641.7523887574,570642.2737919784,0.5214032210005826,597.5084452441024,False
worst_case_yoy_growth,dbsql,1,-1,-1,561.102125007892,True,,572025.1976642426,572031.7835419846,6.585877742054436,567.6880027499465,False
worst_case_yoy_growth,dbsql,1,-1,-1,572.4357920116745,True,,572215.6479435331,572220.6936249859,5.045681452770623,577.4814734644451,False
worst_case_yoy_growth,dbsql,1,-1,-1,546.6252079932019,True,,572304.1989469284,572309.2173329787,5.0183860503238975,551.6435940435258,False
worst_case_yoy_growth,dbsql,1,-1,-1,590.1666670106351,True,,572405.5787833895,572410.5942079914,5.015424601879204,595.1820916125143,False
worst_case_yoy_growth,dbsql,1,-1,-1,580.5453330103774,True,,572911.6349602116,572916.6474170052,5.012456793565434,585.5577898039428,False
worst_case_yoy_growth,dbsql,1,-1,-1,667.8738750051707,True,,573180.1420649907,573185.1880419999,5.045977009217495,672.9198520143882,False
worst_case_yoy_growth,dbsql,1,-1,-1,675.1019580115099,True,,573661.2558252038,573666.6789999872,5.42317478334553,680.5251327948554,False
worst_case_yoy_growth,dbsql,1,-1,-1,570.7757909840439,True,,574315.4309276488,574317.4422919983,2.0113643495278666,572.7871553335717,False
worst_case_yoy_growth,dbsql,1,-1,-1,520.8618750039022,True,,574763.0010540965,574764.4465419871,1.4454878905780788,522.3073628944803,False
worst_case_yoy_growth,dbsql,1,-1,-1,643.4299580287188,True,,577350.0075470159,577352.6696669869,2.662119970977983,646.0920779996968,False
worst_case_yoy_growth,dbsql,1,-1,-1,610.502791008912,True,,579396.6798246972,579399.079750001,2.3999253037345625,612.9027163126466,False
worst_case_yoy_growth,dbsql,1,-1,-1,521.950124995783,True,,579805.1450156664,579805.797042005,0.6520263385709768,522.602151334354,False
worst_case_yoy_growth,dbsql,1,-1,-1,555.1092499808874,True,,582106.3545060105,582111.3131250022,4.958618991622643,560.06786897251,False
worst_case_yoy_growth,dbsql,1,-1,-1,585.5058750021271,True,,583827.5856747783,583831.3130829774,3.7274081990972263,589.2332832012244,False
worst_case_yoy_growth,dbsql,1,-1,-1,562.2811669891234,True,,585610.982206981,585614.5310419961,3.5488350150671977,565.8300020041906,False
worst_case_yoy_growth,dbsql,1,-1,-1,612.5763339805417,True,,585992.3727199258,585992.7476249868,0.3749050609940241,612.9512390415357,False
worst_case_yoy_growth,dbsql,1,-1,-1,607.5856660027057,True,,587681.0149329574,587685.2932499896,4.278317032230916,611.8639830349366,False
worst_case_yoy_growth,dbsql,1,-1,-1,528.9825829968322,True,,587921.7043627733,587922.5197499909,0.8153872175853394,529.7979702144175,False
worst_case_yoy_growth,dbsql,1,-1,-1,543.3441249770112,True,,588134.3734787942,588139.0654999996,4.692021205300989,548.0361461823122,False
worst_case_yoy_growth,dbsql,1,-1,-1,573.0350000085309,True,,590148.7347174983,590150.5366670026,1.8019495042835842,574.8369495128145,False
worst_case_yoy_growth,dbsql,1,-1,-1,589.0620840073097,True,,590112.3114694946,590114.575249987,2.263780492398837,591.3258644997086,False
worst_case_yoy_growth,dbsql,1,-1,-1,582.2454590233974,True,,591312.7165404216,591315.3142079827,2.5976675611900646,584.8431265845875,False
worst_case_yoy_growth,dbsql,1,-1,-1,595.695625001099,True,,591408.7826562746,591413.826916978,5.044260703357395,600.7398857044564,False
worst_case_yoy_growth,dbsql,1,-1,-1,558.8732920004986,True,,591743.3569960446,591743.7852919975,0.4282959528154606,559.3015879533141,False
worst_case_yoy_growth,dbsql,1,-1,-1,704.5745840005111,True,,592183.9388405795,592184.2854580027,0.34661742324715306,704.9212014237582,False
worst_case_yoy_growth,dbsql,1,-1,-1,557.615416997578,True,,592722.8914043145,592727.5452079775,4.653803663018152,562.2692206605961,False
worst_case_yoy_growth,dbsql,1,-1,-1,549.5224589831196,True,,593250.2910637542,593251.2487919885,0.9577282341979299,550.4801872173175,False
worst_case_yoy_growth,dbsql,1,-1,-1,836.440290993778,True,,594016.0750470783,594018.6434169882,2.568369909909052,839.0086609036871,False
worst_case_yoy_growth,dbsql,1,-1,-1,584.8883330181707,True,,594186.4757842034,594187.8220829822,1.3462987787988823,586.2346317969696,False
worst_case_yoy_growth,dbsql,1,-1,-1,776.8671670055483,True,,594779.1626536656,594781.6327920009,2.4701383352976336,779.3373053408459,False
worst_case_yoy_growth,dbsql,1,-1,-1,547.8062089823652,True,,595766.7137641323,595767.5002499891,0.7864858567927513,548.592694839158,False
worst_case_yoy_growth,dbsql,1,-1,-1,557.2329169954173,True,,596159.7218581219,596164.0358330042,4.313974882279581,561.5468918776969,False
worst_case_yoy_growth,dbsql,1,-1,-1,571.4934999996331,True,,599490.8630871462,599495.921624999,5.058537852846712,576.5520378524798,False
worst_case_yoy_growth,dbsql,1,-1,-1,553.91887499718,True,,599752.2300390359,599757.2859170032,5.055877967265587,558.9747529644455,False
worst_case_yoy_growth,dbsql,1,-1,-1,553.5671669931617,True,,601329.796068826,601333.11924999,3.3231811639780062,556.8903481571397,False
worst_case_yoy_growth,dbsql,1,-1,-1,589.976207993459,True,,602636.2593411402,602637.5874999794,1.328158839214666,591.3043668326736,False
worst_case_yoy_growth,dbsql,1,-1,-1,576.3211250014137,True,,604288.2668738923,604291.8276669807,3.5607930883543304,579.8819180897681,False
worst_case_yoy_growth,dbsql,1,-1,-1,617.8520419925917,True,,604316.1148046697,604321.1261249962,5.011320326502755,622.8633623190944,False
worst_case_yoy_growth,dbsql,1,-1,-1,718.4768330189399,True,,604449.4161300738,604454.4270829938,5.010952919974443,723.4877859389144,False
worst_case_yoy_growth,dbsql,1,-1,-1,553.1267919868696,True,,605611.72747613,605616.268541984,4.541065854027693,557.6678578408973,False
worst_case_yoy_growth,dbsql,1,-1,-1,650.290416990174,True,,606564.538641207,606565.8408750023,1.3022337952861562,651.5926507854601,False
worst_case_yoy_growth,dbsql,1,-1,-1,627.5541250070091,True,,606898.7205803031,606903.7623329787,5.041752675538191,632.5958776825473,False
worst_case_yoy_growth,dbsql,1,-1,-1,568.0880410072859,True,,607972.4914428523,607978.4642079903,5.972765138039904,574.0608061453258,False
worst_case_yoy_growth,dbsql,1,-1,-1,605.6394170154817,True,,609508.4301595553,609513.4981669835,5.068007428235433,610.7074244437172,False
worst_case_yoy_growth,dbsql,1,-1,-1,569.2469999776222,True,,609772.830047403,609774.6166249854,1.7865775823793228,571.0335775600015,False
worst_case_yoy_growth,dbsql,1,-1,-1,574.8992919980083,True,,610157.2141197773,610168.9038329932,11.689713215901065,586.5890052139093,False
worst_case_yoy_growth,dbsql,1,-1,-1,573.5067920177244,True,,611866.4532407854,611867.3077499843,0.8545091989162756,574.3613012166406,False
worst_case_yoy_growth,dbsql,1,-1,-1,597.37312499783,True,,612350.6982044822,612353.1014999899,2.4032955076336293,599.7764205054636,False
worst_case_yoy_growth,dbsql,1,-1,-1,641.0566669947002,True,,612304.9640079221,612310.0219169864,5.05790906436232,646.1145760590625,False
worst_case_yoy_growth,dbsql,1,-1,-1,600.5568749969825,True,,612745.4587785321,612750.4815419961,5.022763464012314,605.5796384609948,False
worst_case_yoy_growth,dbsql,1,-1,-1,539.7665420023259,True,,614721.2670198962,614724.9542499776,3.687230081368398,543.4537720836943,False
worst_case_yoy_growth,dbsql,1,-1,-1,974.9282089760527,True,,614507.0162260875,614511.2483749981,4.2321489106598165,979.1603578867125,False
worst_case_yoy_growth,dbsql,1,-1,-1,642.6592909847386,True,,615763.7226673798,615767.8342080035,4.111540623739529,646.7708316084781,False
worst_case_yoy_growth,dbsql,1,-1,-1,554.9321250000503,True,,616504.7965070904,616507.4737499817,2.677242891309106,557.6093678913594,False
worst_case_yoy_growth,dbsql,1,-1,-1,595.9385420137551,True,,617079.1523892543,617086.4918330044,7.339443750083774,603.2779857638388,False
worst_case_yoy_growth,dbsql,1,-1,-1,598.1082080106717,True,,618918.213981899,618919.5072919829,1.2933100839518374,599.4015180946235,False
worst_case_yoy_growth,dbsql,1,-1,-1,633.3988750120625,True,,619485.698982156,619487.328999996,1.6300178399433207,635.0288928520058,False
worst_case_yoy_growth,dbsql,1,-1,-1,541.6734580066986,True,,619960.8990758471,619965.4428329959,4.543757148780969,546.2172151554796,False
worst_case_yoy_growth,dbsql,1,-1,-1,606.2233330158051,True,,620842.0027568958,620847.019207984,5.016451088181384,611.2397841039865,False
worst_case_yoy_growth,dbsql,1,-1,-1,696.3291669962928,True,,621157.4359187675,621160.1873750042,2.7514562367514372,699.0806232330442,False
worst_case_yoy_growth,dbsql,1,-1,-1,576.1295839911327,True,,622297.6750835464,622299.6527079958,1.9776244494096318,578.1072084405423,False
worst_case_yoy_growth,dbsql,1,-1,-1,623.7442910205573,True,,623406.9912727167,623407.1220000042,0.1307272874555565,623.8750183080128,False
worst_case_yoy_growth,dbsql,1,-1,-1,564.6733329922426,True,,625510.6118799661,625518.9685829973,8.356703031267898,573.0300360235105,False
worst_case_yoy_growth,dbsql,1,-1,-1,597.6750410045497,True,,626369.3790892394,626373.7065419846,4.327452745201299,602.002493749751,False
worst_case_yoy_growth,dbsql,1,-1,-1,596.4555829996243,True,,626648.8017574862,626650.3688749799,1.5671174936642274,598.0227004932885,False
worst_case_yoy_growth,dbsql,1,-1,-1,552.4344999867026,True,,626894.9125237934,626899.6288329945,4.716309201057811,557.1508091877604,False
worst_case_yoy_growth,dbsql,1,-1,-1,541.4952920109499,True,,628168.2986199469,628173.3201669995,5.021547052592723,546.5168390635426,False
worst_case_yoy_growth,dbsql,1,-1,-1,570.2974169980735,True,,628229.8924161283,628231.9802079874,2.087791859025856,572.3852088570993,False
worst_case_yoy_growth,dbsql,1,-1,-1,554.6670829935465,True,,628798.6580459818,628799.5852079766,0.9271619948094667,555.594244988356,False
worst_case_yoy_growth,dbsql,1,-1,-1,602.8513339988422,True,,630166.5117821827,630167.7512079768,1.23942579409686,604.090759792939,False
worst_case_yoy_growth,dbsql,1,-1,-1,571.4255000057165,True,,631087.9971607636,631092.2752500046,4.278089240983718,575.7035892467002,False
worst_case_yoy_growth,dbsql,1,-1,-1,573.1550419877749,True,,632029.6608349973,632034.6925829945,5.031747997122693,578.1867899848976,False
worst_case_yoy_growth,dbsql,1,-1,-1,587.0737920049578,True,,634290.3004082221,634295.3330829914,5.032674769267942,592.1064667742257,False
worst_case_yoy_growth,dbsql,1,-1,-1,537.071458005812,True,,634817.4061537815,634817.4674169859,0.061263204429451434,537.1327212102415,False
worst_case_yoy_growth,dbsql,1,-1,-1,531.7219999851659,True,,634761.7771665418,634764.0934579831,2.316291441275098,534.038291426441,False
worst_case_yoy_growth,dbsql,1,-1,-1,608.1221670028754,True,,635257.5037827122,635258.5285419773,1.024759265078501,609.1469262679539,False
worst_case_yoy_growth,dbsql,1,-1,-1,576.3699170202017,True,,636525.7874636613,636530.8682500036,5.080786342318788,581.4507033625205,False
worst_case_yoy_growth,dbsql,1,-1,-1,586.9781670044176,True,,637501.1074640985,637501.4895829954,0.382118896936845,587.3602859013545,False
worst_case_yoy_growth,dbsql,1,-1,-1,559.0429999865592,True,,637648.4889911164,637653.5055830027,5.016591886260358,564.0595918728195,False
worst_case_yoy_growth,dbsql,1,-1,-1,577.5180420023389,True,,639821.3208972528,639832.4084579945,11.087560741657398,588.6056027439963,False
worst_case_yoy_growth,dbsql,1,-1,-1,552.714958001161,True,,639865.2624947457,639869.9486669793,4.6861722336188905,557.4011302347799,False
worst_case_yoy_growth,dbsql,1,-1,-1,608.0404999956954,True,,640194.0669977609,640195.3768329986,1.3098352376346156,609.35033523333,False
worst_case_yoy_growth,dbsql,1,-1,-1,608.0835410102736,True,,642877.3432603799,642878.9264999796,1.583239599767694,609.6667806100413,False
worst_case_yoy_growth,dbsql,1,-1,-1,573.4889169980306,True,,643178.1652228821,643183.1820420048,5.016819122715788,578.5057361207464,False
worst_case_yoy_growth,dbsql,1,-1,-1,550.5203749926295,True,,645704.1001162337,645709.1240419832,5.023925749469527,555.544300742099,False
worst_case_yoy_growth,dbsql,1,-1,-1,562.7859999949578,True,,646672.1177287352,646675.8553329855,3.737604250318327,566.5236042452761,False
worst_case_yoy_growth,dbsql,1,-1,-1,826.4096659841016,True,,648064.8938162357,648069.9188330036,5.02501676794509,831.4346827520467,False
worst_case_yoy_growth,dbsql,1,-1,-1,646.6479579976294,True,,648433.7273514876,648435.2209579956,1.493606508006451,648.1415645056359,False
worst_case_yoy_growth,dbsql,1,-1,-1,536.687499989057,True,,649490.074643719,649490.3851249837,0.3104812647052313,536.9979812537622,False
worst_case_yoy_growth,dbsql,1,-1,-1,545.3577500011306,True,,651481.0807289014,651484.3883329886,3.3076040871264922,548.6653540882571,False
worst_case_yoy_growth,dbsql,1,-1,-1,582.66920899041,True,,652017.7772026442,652019.0202919766,1.2430893324335557,583.9122983228435,False
worst_case_yoy_growth,dbsql,1,-1,-1,587.5356250035111,True,,652237.6296711985,652241.2353749969,3.605703798370996,591.1413288018821,False
worst_case_yoy_growth,dbsql,1,-1,-1,621.0580420156475,True,,652706.9813838585,652709.1987919994,2.2174081408365964,623.2754501564841,False
worst_case_yoy_growth,dbsql,1,-1,-1,597.9059579840396,True,,652990.1197372873,652992.321208003,2.2014707157040903,600.1074286997437,False
worst_case_yoy_growth,dbsql,1,-1,-1,695.4546249762643,True,,653539.7873289402,653540.2778330026,0.4905040624407775,695.9451290387051,False
worst_case_yoy_growth,dbsql,1,-1,-1,587.1680839918554,True,,655108.4923588575,655109.680833004,1.188474146374574,588.35655813823,False
worst_case_yoy_growth,dbsql,1,-1,-1,541.2610420025885,True,,656645.7022952406,656650.7410419872,5.038746746663492,546.299788749252,False
worst_case_yoy_growth,dbsql,1,-1,-1,571.0641659970861,True,,657758.1116904198,657758.6285829893,0.5168925695215876,571.5810585666077,False
worst_case_yoy_growth,dbsql,1,-1,-1,536.6917499923147,True,,659440.1922696615,659445.2184999827,5.0262303212775805,541.7179803135923,False
worst_case_yoy_growth,dbsql,1,-1,-1,529.6562500006985,True,,660321.0174824686,660321.2947919965,0.2773095278598703,529.9335595285584,False
worst_case_yoy_growth,dbsql,1,-1,-1,557.9839170095511,True,,660859.3415767926,660861.0722080048,1.7306312121263545,559.7145482216774,False
worst_case_yoy_growth,dbsql,1,-1,-1,569.7128330066334,True,,661856.265911063,661860.2811669989,4.01525593599672,573.7280889426302,False
worst_case_yoy_growth,dbsql,1,-1,-1,551.0495830094442,True,,662528.1553157653,662531.4624169841,3.3071012188656823,554.3566842283099,False
worst_case_yoy_growth,dbsql,1,-1,-1,581.2104170036037,True,,662791.4057104795,662792.7748329821,1.3691225026377651,582.5795395062414,False
worst_case_yoy_growth,dbsql,1,-1,-1,818.6229999992065,True,,663844.863325843,663848.5349580005,3.671632157534077,822.2946321567406,False
worst_case_yoy_growth,dbsql,1,-1,-1,583.4212079935241,True,,664090.6285550038,664093.6045830022,2.9760279983293003,586.3972359918534,False
worst_case_yoy_growth,dbsql,1,-1,-1,547.72208299255,True,,665220.4422154166,665220.9363750007,0.4941595841501112,548.2162425767001,False
worst_case_yoy_growth,dbsql,1,-1,-1,573.6781670129858,True,,666277.535687302,666282.5588749838,5.023187681786112,578.7013546947719,False
worst_case_yoy_growth,dbsql,1,-1,-1,613.3669170085341,True,,667297.3208457307,667303.5576249822,6.236779251480584,619.6036962600147,False
worst_case_yoy_growth,dbsql,1,-1,-1,524.3405829824042,True,,667450.6870876361,667455.7185829908,5.031495354728577,529.3720783371327,False
worst_case_yoy_growth,dbsql,1,-1,-1,546.7297919967677,True,,667904.6659801968,667907.8261669783,3.1601867815425067,549.8899787783103,False
worst_case_yoy_growth,dbsql,1,-1,-1,566.2384580064099,True,,671349.8988974183,671351.4960829925,1.5971855742691332,567.8356435806791,False
worst_case_yoy_growth,dbsql,1,-1,-1,570.117625000421,True,,672137.0769348461,672142.1016669774,5.024732131232668,575.1423571316536,False
worst_case_yoy_growth,dbsql,1,-1,-1,599.0022089972626,True,,673146.9877183907,673152.024082985,5.036364594388942,604.0385735916516,False
worst_case_yoy_growth,dbsql,1,-1,-1,578.3101669803727,True,,674366.5459218204,674371.5703329945,5.024411173963017,583.3345781543358,False
worst_case_yoy_growth,dbsql,1,-1,-1,623.7028329924215,True,,676964.1112850468,676969.1321249993,5.020839952521783,628.7236729449432,False
worst_case_yoy_growth,dbsql,1,-1,-1,580.1740409806371,True,,677497.6276418902,677498.0735419958,0.4459001056602574,580.6199410862973,False
worst_case_yoy_growth,dbsql,1,-1,-1,538.2422090042382,True,,677666.387000345,677671.4139999822,5.026999637152585,543.2692086413908,False
worst_case_yoy_growth,dbsql,1,-1,-1,586.2554170016665,True,,679482.2778892528,679486.8890829966,4.611193743926378,590.8666107455929,False
worst_case_yoy_growth,dbsql,1,-1,-1,528.6744160111994,True,,680761.543812913,680766.5046670008,4.9608540878125496,533.6352700990119,False
worst_case_yoy_growth,dbsql,1,-1,-1,582.3018749943003,True,,681541.5247305151,681544.5897079771,3.064977462031493,585.3668524563318,False
worst_case_yoy_growth,dbsql,1,-1,-1,557.5846249994356,True,,682186.1637015389,682188.4490419761,2.285340437197192,559.8699654366328,False
worst_case_yoy_growth,dbsql,1,-1,-1,556.641708011739,True,,683561.1344524311,683565.3724579897,4.238005558590885,560.8797135703298,False
worst_case_yoy_growth,dbsql,1,-1,-1,623.2958330074325,True,,684115.2663859549,684118.0769579951,2.8105720401754297,626.106405047608,False
worst_case_yoy_growth,dbsql,1,-1,-1,552.2372089908458,True,,685253.6728137517,685255.3399579774,1.6671442257347735,553.9043532165806,False
worst_case_yoy_growth,dbsql,1,-1,-1,578.0343750084285,True,,685464.1557040911,685466.5415420022,2.3858379112198236,580.4202129196483,False
worst_case_yoy_growth,dbsql,1,-1,-1,535.8867920003831,True,,685905.3676545274,685909.6711250022,4.303470474837923,540.1902624752211,False
worst_case_yoy_growth,dbsql,1,-1,-1,535.7425829861313,True,,686177.4144497588,686180.3255830018,2.911133242946562,538.6537162290779,False
worst_case_yoy_growth,dbsql,1,-1,-1,579.3304999824613,True,,686675.5840428972,686679.3710420025,3.7869991052730256,583.1174990877344,False
worst_case_yoy_growth,dbsql,1,-1,-1,538.2602500030771,True,,686855.4015343775,686860.4368749948,5.035340617268957,543.295590620346,False
worst_case_yoy_growth,dbsql,1,-1,-1,538.3260420057923,True,,687441.6716431584,687445.6219580024,3.950314844018976,542.2763568498112,False
worst_case_yoy_growth,dbsql,1,-1,-1,606.7242079880089,True,,688057.5182323172,688059.4019579876,1.883725670381864,608.6079336583907,False
worst_case_yoy_growth,dbsql,1,-1,-1,556.9076250249054,True,,688705.4427889253,688708.7568749848,3.3140860596176935,560.2217110845231,False
worst_case_yoy_growth,dbsql,1,-1,-1,527.982208004687,True,,688824.1214973548,688827.698374982,3.576877627210706,531.5590856318977,False
worst_case_yoy_growth,dbsql,1,-1,-1,553.2852920005098,True,,689133.9021402561,689136.7714169901,2.8692767339180136,556.1545687344278,False
