target,query_name,total_latency_ms
lakebase,property_financials_joined,81.54836729778481
dbsql,gl_monthly_by_arena_year,569.0689950034198
lakebase,property_financials_joined,67.16845586413456
dbsql,pnl_rollup_multi_month,569.8340642700828
dbsql,worst_case_yoy_growth,99036.73815658315
lakebase,pnl_rollup_multi_month,109.02123715396783
lakebase,gl_monthly_by_arena_year,68.91705263626591
lakebase,property_financials_joined,63.683181478779716
lakebase,gl_monthly_by_arena_year,91.06826689382785
dbsql,pnl_rollup_multi_month,1013.529956855848
lakebase,investor_commitment_summary,74.048609112765
lakebase,top10_properties_by_revenue,66.70350196407071
lakebase,gl_monthly_by_arena_year,63.19669564484798
lakebase,investor_commitment_summary,90.1063825166375
lakebase,investor_commitment_summary,93.6662679120559
lakebase,top10_properties_by_revenue,79.82526379814203
lakebase,pnl_rollup_multi_month,101.40097145153959
dbsql,pnl_rollup_multi_month,574.3374973361597
lakebase,pnl_rollup_multi_month,122.43189544051347
dbsql,property_financials_joined,488.5979154432789
dbsql,pnl_rollup_multi_month,1431.8122806986935
lakebase,property_financials_joined,65.50125321211908
dbsql,gl_monthly_by_arena_year,628.0154561786162
lakebase,property_financials_joined,60.11011684574896
dbsql,investor_commitment_summary,364.3472926544291
dbsql,gl_monthly_by_arena_year,674.8173195738332
dbsql,property_financials_joined,516.4461498352466
lakebase,investor_commitment_summary,104.4281063316248
lakebase,property_financials_joined,94.8129054607989
lakebase,gl_monthly_by_arena_year,69.01896384437123
lakebase,investor_commitment_summary,85.23988346405531
lakebase,fund_performance_arena,71.43312036430416
lakebase,gl_monthly_by_arena_year,83.29550517129292
lakebase,investor_commitment_summary,79.4627697919168
dbsql,investor_commitment_summary,372.81714017274226
dbsql,pnl_rollup_multi_month,594.6644889718868
dbsql,top10_properties_by_revenue,882.7269079847042
dbsql,top10_properties_by_revenue,545.2435503888182
dbsql,investor_commitment_summary,397.71848275961474
dbsql,investor_commitment_summary,687.8511703782806
lakebase,gl_monthly_by_arena_year,92.37409334065205
lakebase,gl_monthly_by_arena_year,95.13051436169917
lakebase,investor_commitment_summary,81.31904118016564
lakebase,investor_commitment_summary,85.51153532687295
dbsql,property_financials_joined,572.1145537074221
lakebase,pnl_rollup_multi_month,116.93616326988376
dbsql,fund_performance_arena,473.02574908479755
dbsql,pnl_rollup_multi_month,922.4044400818912
lakebase,property_financials_joined,102.92961767902398
lakebase,top10_properties_by_revenue,56.503815671362645
lakebase,gl_monthly_by_arena_year,67.12106271447738
dbsql,gl_monthly_by_arena_year,697.6072445113459
lakebase,top10_properties_by_revenue,58.16525305908726
dbsql,gl_monthly_by_arena_year,815.0986209043651
lakebase,top10_properties_by_revenue,63.32653705095481
dbsql,property_financials_joined,574.403049402747
dbsql,pnl_rollup_multi_month,1418.1255805434887
lakebase,property_financials_joined,59.652975099339756
lakebase,pnl_rollup_multi_month,128.79985348968148
dbsql,investor_commitment_summary,335.11021171023003
lakebase,pnl_rollup_multi_month,106.59725635071027
dbsql,property_financials_joined,865.3787621476567
dbsql,investor_commitment_summary,456.5862305995836
dbsql,property_financials_joined,593.3071923081172
lakebase,property_financials_joined,59.85233362082454
dbsql,investor_commitment_summary,321.1682410233152
dbsql,property_financials_joined,1926.0721169511612
dbsql,investor_commitment_summary,660.3433405596206
dbsql,investor_commitment_summary,340.50362417781344
lakebase,property_financials_joined,91.13988718706878
dbsql,gl_monthly_by_arena_year,501.6103946788917
dbsql,fund_performance_arena,484.29018178654815
dbsql,worst_case_yoy_growth,75944.95936371233
lakebase,top10_properties_by_revenue,73.72112635738404
dbsql,fund_performance_arena,472.0069147131767
dbsql,fund_performance_arena,358.94198250866793
lakebase,pnl_rollup_multi_month,103.1238013293887
dbsql,gl_monthly_by_arena_year,864.4060632063031
lakebase,gl_monthly_by_arena_year,61.254166713410996
lakebase,investor_commitment_summary,72.70744274654817
lakebase,investor_commitment_summary,83.49489484163541
dbsql,worst_case_yoy_growth,28439.125612113683
lakebase,gl_monthly_by_arena_year,64.7549330422521
dbsql,top10_properties_by_revenue,897.1768741819233
dbsql,pnl_rollup_multi_month,1199.5642724649542
lakebase,fund_performance_arena,59.31054449132489
dbsql,pnl_rollup_multi_month,581.6039960004673
lakebase,property_financials_joined,431.55432646969416
lakebase,pnl_rollup_multi_month,161.8868945831764
lakebase,gl_monthly_by_arena_year,61.95512705062356
dbsql,investor_commitment_summary,965.9554369893328
lakebase,top10_properties_by_revenue,76.99332477517373
lakebase,top10_properties_by_revenue,88.29388875545874
dbsql,gl_monthly_by_arena_year,457.09577008483393
lakebase,property_financials_joined,109.78640451685351
dbsql,top10_properties_by_revenue,1040.2893866872205
lakebase,pnl_rollup_multi_month,182.40879316454084
dbsql,gl_monthly_by_arena_year,532.8502353837052
lakebase,property_financials_joined,82.99800643476374
lakebase,property_financials_joined,115.87356235389734
dbsql,gl_monthly_by_arena_year,1352.5657378283995
lakebase,fund_performance_arena,77.86223333664566
dbsql,property_financials_joined,605.9305912117452
dbsql,investor_commitment_summary,4569.623639238926
lakebase,property_financials_joined,94.47131172231593
dbsql,fund_performance_arena,602.0070183517987
lakebase,fund_performance_arena,58.62447411664107
lakebase,fund_performance_arena,61.42354442636133
lakebase,property_financials_joined,90.85380580748392
lakebase,pnl_rollup_multi_month,140.7093065791969
lakebase,property_financials_joined,71.73851434157541
lakebase,fund_performance_arena,82.80197401228406
lakebase,top10_properties_by_revenue,81.28959982281003
lakebase,property_financials_joined,62.92232548702259
lakebase,gl_monthly_by_arena_year,86.90371166767363
lakebase,gl_monthly_by_arena_year,115.37047229103337
dbsql,property_financials_joined,1918.0986429362433
dbsql,gl_monthly_by_arena_year,663.9032083478469
dbsql,top10_properties_by_revenue,715.3328870802227
lakebase,top10_properties_by_revenue,75.44593261110322
dbsql,top10_properties_by_revenue,612.5776178997739
lakebase,pnl_rollup_multi_month,112.06518627636797
dbsql,pnl_rollup_multi_month,933.2350498422102
lakebase,property_financials_joined,67.36152565599696
dbsql,top10_properties_by_revenue,835.27550417665
lakebase,top10_properties_by_revenue,89.78170765146842
lakebase,property_financials_joined,83.55851897908906
lakebase,top10_properties_by_revenue,78.56838661575694
dbsql,fund_performance_arena,312.4906730673729
lakebase,gl_monthly_by_arena_year,67.91448802778177
lakebase,pnl_rollup_multi_month,204.47590735295762
dbsql,investor_commitment_summary,937.9703941539219
dbsql,property_financials_joined,925.5004913775338
lakebase,investor_commitment_summary,91.39243799612018
dbsql,investor_commitment_summary,336.60175671343495
lakebase,gl_monthly_by_arena_year,77.4441658915066
lakebase,top10_properties_by_revenue,99.4110692945469
lakebase,gl_monthly_by_arena_year,110.04877280996084
lakebase,gl_monthly_by_arena_year,72.64764324202133
dbsql,fund_performance_arena,488.4156566836282
lakebase,fund_performance_arena,71.27573372042662
dbsql,property_financials_joined,4333.371944966572
lakebase,fund_performance_arena,56.87458490479003
dbsql,property_financials_joined,483.7086825201595
lakebase,property_financials_joined,65.34380257062367
dbsql,worst_case_yoy_growth,617.3774038215356
lakebase,fund_performance_arena,100.83950960722632
lakebase,gl_monthly_by_arena_year,72.55556314009937
lakebase,pnl_rollup_multi_month,97.42939956072405
dbsql,worst_case_yoy_growth,619.6950746532366
lakebase,top10_properties_by_revenue,60.074731147551574
dbsql,investor_commitment_summary,315.58096405115066
lakebase,property_financials_joined,82.99618737339642
dbsql,top10_properties_by_revenue,479.22938295675976
lakebase,property_financials_joined,70.49054055593729
dbsql,pnl_rollup_multi_month,1012.4986469070905
dbsql,property_financials_joined,927.6842117233173
lakebase,fund_performance_arena,64.60206409394686
dbsql,property_financials_joined,536.5811054591063
lakebase,property_financials_joined,91.65793599709104
lakebase,pnl_rollup_multi_month,102.32596237455027
lakebase,gl_monthly_by_arena_year,107.1087639943471
dbsql,fund_performance_arena,505.41057295237124
lakebase,top10_properties_by_revenue,67.19454610021103
lakebase,fund_performance_arena,58.71774164523913
dbsql,worst_case_yoy_growth,613.9637612140518
dbsql,fund_performance_arena,559.1274326914402
lakebase,gl_monthly_by_arena_year,162.58662857600825
lakebase,gl_monthly_by_arena_year,124.12295838532827
lakebase,gl_monthly_by_arena_year,71.90908413122088
lakebase,fund_performance_arena,51.01961536769295
dbsql,property_financials_joined,963.2050827306102
lakebase,gl_monthly_by_arena_year,128.1661229625115
dbsql,gl_monthly_by_arena_year,1059.6448599083885
lakebase,property_financials_joined,71.17924968224543
dbsql,fund_performance_arena,331.62769908869905
lakebase,fund_performance_arena,66.15285650411806
lakebase,top10_properties_by_revenue,110.07651903787519
lakebase,gl_monthly_by_arena_year,74.02596917503956
dbsql,investor_commitment_summary,685.0065386901747
lakebase,fund_performance_arena,64.45408102530337
dbsql,investor_commitment_summary,678.5738271045716
lakebase,gl_monthly_by_arena_year,67.01267389519217
lakebase,investor_commitment_summary,72.01101951159217
dbsql,investor_commitment_summary,702.9731788197751
lakebase,gl_monthly_by_arena_year,67.88212671494875
lakebase,fund_performance_arena,60.44436511524509
lakebase,gl_monthly_by_arena_year,70.54840087437242
lakebase,gl_monthly_by_arena_year,85.39056577023985
dbsql,top10_properties_by_revenue,844.8309065421995
dbsql,investor_commitment_summary,621.148961373251
lakebase,top10_properties_by_revenue,73.72010248468541
lakebase,pnl_rollup_multi_month,120.53694506266766
dbsql,gl_monthly_by_arena_year,926.7664907177675
lakebase,fund_performance_arena,56.06093319966021
dbsql,top10_properties_by_revenue,929.9252981019208
dbsql,property_financials_joined,1299.3637502348747
dbsql,property_financials_joined,961.5223022880173
lakebase,gl_monthly_by_arena_year,74.68685835794986
lakebase,property_financials_joined,107.62794362653949
lakebase,top10_properties_by_revenue,67.95912365350887
lakebase,gl_monthly_by_arena_year,67.44268588761315
dbsql,pnl_rollup_multi_month,583.4328127415347
lakebase,pnl_rollup_multi_month,138.88929595935906
lakebase,pnl_rollup_multi_month,109.53746875236448
lakebase,property_financials_joined,142.80329844044104
lakebase,investor_commitment_summary,90.55909544133556
lakebase,fund_performance_arena,79.8037067443147
dbsql,investor_commitment_summary,593.2242532063583
dbsql,property_financials_joined,503.0857390895562
lakebase,gl_monthly_by_arena_year,97.14960050888521
lakebase,investor_commitment_summary,73.73484255458607
lakebase,top10_properties_by_revenue,111.00945271186902
dbsql,investor_commitment_summary,726.3322705493493
lakebase,investor_commitment_summary,85.1079781405133
dbsql,fund_performance_arena,319.4989045089187
lakebase,pnl_rollup_multi_month,126.77749654301351
lakebase,gl_monthly_by_arena_year,75.51105728697394
lakebase,gl_monthly_by_arena_year,80.2327116620063
dbsql,investor_commitment_summary,697.0420583298278
dbsql,gl_monthly_by_arena_year,1689.5225391656652
lakebase,property_financials_joined,67.26114700086328
dbsql,property_financials_joined,509.48986855354406
lakebase,property_financials_joined,69.24407892802265
lakebase,top10_properties_by_revenue,64.5393518259425
lakebase,investor_commitment_summary,75.33749371742715
dbsql,investor_commitment_summary,708.310787856334
lakebase,pnl_rollup_multi_month,129.92773418545767
dbsql,property_financials_joined,829.3137071018464
lakebase,fund_performance_arena,59.54801935899923
lakebase,fund_performance_arena,72.20521910915068
lakebase,gl_monthly_by_arena_year,71.88716911252868
dbsql,investor_commitment_summary,397.61080700242246
dbsql,property_financials_joined,1568.3667942870727
lakebase,fund_performance_arena,72.12740448642307
dbsql,investor_commitment_summary,695.6591746782692
lakebase,property_financials_joined,109.98409126614206
lakebase,gl_monthly_by_arena_year,102.20974547897299
lakebase,top10_properties_by_revenue,91.00218869377841
dbsql,gl_monthly_by_arena_year,570.1753803579095
lakebase,property_financials_joined,101.84280221915287
dbsql,gl_monthly_by_arena_year,477.71180488064147
dbsql,top10_properties_by_revenue,4517.3068512970785
lakebase,pnl_rollup_multi_month,194.57061924703112
dbsql,pnl_rollup_multi_month,959.5785784940176
dbsql,property_financials_joined,536.9631487676543
dbsql,fund_performance_arena,503.6894836148349
dbsql,pnl_rollup_multi_month,668.6074845422922
dbsql,pnl_rollup_multi_month,901.1872753159196
dbsql,worst_case_yoy_growth,72368.7917803949
lakebase,gl_monthly_by_arena_year,68.14070782070303
dbsql,investor_commitment_summary,389.6190722769006
dbsql,pnl_rollup_multi_month,715.9418853078563
dbsql,investor_commitment_summary,619.7487857454007
dbsql,gl_monthly_by_arena_year,707.7752331309171
dbsql,property_financials_joined,804.4019972560363
dbsql,gl_monthly_by_arena_year,597.6192280924693
dbsql,investor_commitment_summary,676.7861358653988
dbsql,property_financials_joined,534.2336267292467
dbsql,top10_properties_by_revenue,546.4914270705776
dbsql,property_financials_joined,534.2676268164723
lakebase,top10_properties_by_revenue,107.68569263780137
dbsql,gl_monthly_by_arena_year,701.3836819600101
lakebase,fund_performance_arena,59.118520765082394
dbsql,property_financials_joined,889.5019383763838
lakebase,pnl_rollup_multi_month,125.24024742526763
dbsql,investor_commitment_summary,413.1240489319623
dbsql,property_financials_joined,525.4335503760217
dbsql,fund_performance_arena,402.2219344070663
lakebase,investor_commitment_summary,76.65978437017884
dbsql,worst_case_yoy_growth,624.7675051750434
lakebase,investor_commitment_summary,73.2566086459201
dbsql,top10_properties_by_revenue,499.6668118112666
lakebase,pnl_rollup_multi_month,118.54097769571581
dbsql,investor_commitment_summary,647.0695446146237
lakebase,property_financials_joined,82.41686210010357
dbsql,top10_properties_by_revenue,1909.0420693075885
lakebase,top10_properties_by_revenue,111.49052275453641
dbsql,pnl_rollup_multi_month,569.1292210799475
lakebase,gl_monthly_by_arena_year,62.36935305480529
dbsql,pnl_rollup_multi_month,977.3938065668517
lakebase,property_financials_joined,88.04533323529995
dbsql,investor_commitment_summary,322.3739366608811
lakebase,top10_properties_by_revenue,62.41466597788303
lakebase,gl_monthly_by_arena_year,61.98127106051743
lakebase,property_financials_joined,85.42901684336357
dbsql,property_financials_joined,577.8349671500109
dbsql,fund_performance_arena,562.3120562230213
dbsql,fund_performance_arena,350.07165677228613
dbsql,investor_commitment_summary,917.5641327171604
lakebase,gl_monthly_by_arena_year,123.0106370257289
dbsql,worst_case_yoy_growth,612.9704290175937
dbsql,investor_commitment_summary,315.3420004770169
dbsql,property_financials_joined,874.7896868420355
dbsql,pnl_rollup_multi_month,1185.5558510564208
dbsql,top10_properties_by_revenue,1447.2513351328757
lakebase,property_financials_joined,74.92770273552196
dbsql,property_financials_joined,811.175497911222
dbsql,investor_commitment_summary,365.3833376088187
lakebase,property_financials_joined,66.59284666946519
dbsql,investor_commitment_summary,865.0502882273372
dbsql,property_financials_joined,904.8608968638234
dbsql,top10_properties_by_revenue,1362.184736234326
dbsql,fund_performance_arena,396.7094710188235
lakebase,pnl_rollup_multi_month,110.0482504986644
dbsql,top10_properties_by_revenue,486.7658988079029
dbsql,investor_commitment_summary,713.6466217742736
lakebase,pnl_rollup_multi_month,103.98924182231895
dbsql,investor_commitment_summary,391.2425500067229
dbsql,investor_commitment_summary,338.9744131683301
dbsql,fund_performance_arena,481.4583336786882
dbsql,investor_commitment_summary,774.3501628517606
lakebase,property_financials_joined,90.77471879550103
lakebase,property_financials_joined,80.71975556919142
dbsql,worst_case_yoy_growth,711.7523678230953
lakebase,gl_monthly_by_arena_year,77.8218711419072
lakebase,fund_performance_arena,58.46272108297512
dbsql,investor_commitment_summary,900.6829066787532
dbsql,gl_monthly_by_arena_year,843.3099927423768
dbsql,investor_commitment_summary,333.4404852399757
dbsql,pnl_rollup_multi_month,1413.6071975676145
dbsql,top10_properties_by_revenue,826.277712027661
lakebase,investor_commitment_summary,108.3856436473809
lakebase,gl_monthly_by_arena_year,58.439033119725536
dbsql,top10_properties_by_revenue,981.1883984251892
dbsql,gl_monthly_by_arena_year,696.3845475809194
dbsql,investor_commitment_summary,620.6833394116984
lakebase,investor_commitment_summary,109.608274168977
dbsql,investor_commitment_summary,813.8048055091076
dbsql,property_financials_joined,898.8072559013176
dbsql,property_financials_joined,1905.4872747709908
dbsql,top10_properties_by_revenue,851.9805625799108
dbsql,property_financials_joined,908.9360680748655
lakebase,top10_properties_by_revenue,79.3430711740939
dbsql,pnl_rollup_multi_month,1417.7284139086623
dbsql,property_financials_joined,960.9708854887344
lakebase,property_financials_joined,84.49730058873683
dbsql,investor_commitment_summary,691.8875131838149
lakebase,fund_performance_arena,84.44766864727171
lakebase,pnl_rollup_multi_month,136.0796520039571
lakebase,gl_monthly_by_arena_year,67.8315973257213
lakebase,gl_monthly_by_arena_year,76.28946417503357
dbsql,pnl_rollup_multi_month,558.8572260182332
lakebase,gl_monthly_by_arena_year,64.71467671605069
dbsql,gl_monthly_by_arena_year,556.0457118062914
lakebase,investor_commitment_summary,85.15381688010848
dbsql,property_financials_joined,1736.069957588299
lakebase,property_financials_joined,91.25691511985679
dbsql,pnl_rollup_multi_month,1346.672744399342
dbsql,property_financials_joined,498.8143911998577
dbsql,investor_commitment_summary,638.0354963740729
lakebase,pnl_rollup_multi_month,229.13161855711905
lakebase,property_financials_joined,91.75158196256916
dbsql,top10_properties_by_revenue,859.2253736196085
dbsql,pnl_rollup_multi_month,914.149117660088
lakebase,gl_monthly_by_arena_year,87.56944524020582
dbsql,top10_properties_by_revenue,930.753135636337
lakebase,top10_properties_by_revenue,58.979740700237926
lakebase,property_financials_joined,79.5690780009295
dbsql,worst_case_yoy_growth,555.5435647810327
dbsql,worst_case_yoy_growth,985.3895788276077
dbsql,gl_monthly_by_arena_year,780.2416726330534
dbsql,fund_performance_arena,361.5577806413057
dbsql,investor_commitment_summary,649.4686842846136
lakebase,gl_monthly_by_arena_year,77.33780265778023
lakebase,gl_monthly_by_arena_year,115.8367916736438
lakebase,pnl_rollup_multi_month,128.37709099733274
dbsql,gl_monthly_by_arena_year,535.8531444983328
dbsql,property_financials_joined,581.468482154321
lakebase,investor_commitment_summary,75.40862190114694
dbsql,gl_monthly_by_arena_year,536.3845779489225
dbsql,top10_properties_by_revenue,866.8113831488995
lakebase,pnl_rollup_multi_month,127.0517390803434
dbsql,pnl_rollup_multi_month,549.7302695429198
lakebase,investor_commitment_summary,67.83388629071396
dbsql,gl_monthly_by_arena_year,857.8597166552413
lakebase,property_financials_joined,84.96596711222537
dbsql,property_financials_joined,637.7782376048913
dbsql,gl_monthly_by_arena_year,672.3221376843753
dbsql,pnl_rollup_multi_month,568.7551668612514
lakebase,fund_performance_arena,93.13658044573003
dbsql,top10_properties_by_revenue,602.2662240100658
dbsql,property_financials_joined,869.3549606433635
lakebase,investor_commitment_summary,67.9605274646633
lakebase,investor_commitment_summary,83.1141734597054
dbsql,property_financials_joined,542.105913362775
lakebase,top10_properties_by_revenue,72.91559760358268
dbsql,gl_monthly_by_arena_year,1017.2104182656199
dbsql,property_financials_joined,535.167935749655
dbsql,top10_properties_by_revenue,910.4480620671325
lakebase,property_financials_joined,66.14420179855074
lakebase,investor_commitment_summary,74.9916120515195
dbsql,fund_performance_arena,356.42471260223374
dbsql,gl_monthly_by_arena_year,703.9393717008977
lakebase,gl_monthly_by_arena_year,61.28982259417626
dbsql,top10_properties_by_revenue,946.3357897963078
dbsql,investor_commitment_summary,663.935085704793
dbsql,top10_properties_by_revenue,508.0259969055305
lakebase,top10_properties_by_revenue,52.59615346545843
lakebase,top10_properties_by_revenue,95.55258492974872
lakebase,investor_commitment_summary,75.61209648315526
dbsql,fund_performance_arena,406.2367608320301
dbsql,worst_case_yoy_growth,678.4859428978507
lakebase,investor_commitment_summary,78.36573866472918
lakebase,top10_properties_by_revenue,75.65214162423217
lakebase,pnl_rollup_multi_month,215.72821534255127
dbsql,top10_properties_by_revenue,2528.454428228244
dbsql,top10_properties_by_revenue,2072.246788313521
lakebase,investor_commitment_summary,80.37516304295877
dbsql,investor_commitment_summary,375.6464302275049
dbsql,gl_monthly_by_arena_year,527.786447188987
dbsql,investor_commitment_summary,393.1002752219257
dbsql,property_financials_joined,878.5045433287451
dbsql,fund_performance_arena,600.3227739452228
dbsql,gl_monthly_by_arena_year,606.2953634458381
dbsql,top10_properties_by_revenue,807.5266843587201
dbsql,gl_monthly_by_arena_year,554.1751470883582
dbsql,property_financials_joined,876.3374873609564
lakebase,property_financials_joined,98.54172160805774
lakebase,investor_commitment_summary,76.1591713286407
dbsql,property_financials_joined,976.0269893308191
lakebase,property_financials_joined,131.14587398342792
dbsql,top10_properties_by_revenue,486.0881381528088
lakebase,gl_monthly_by_arena_year,72.9405299820769
dbsql,gl_monthly_by_arena_year,665.8784633528967
dbsql,gl_monthly_by_arena_year,894.3484891557887
dbsql,property_financials_joined,2557.815889253703
dbsql,top10_properties_by_revenue,801.2730791735976
lakebase,gl_monthly_by_arena_year,66.7036851714613
lakebase,pnl_rollup_multi_month,123.34236154345035
lakebase,investor_commitment_summary,74.71213170686042
lakebase,investor_commitment_summary,81.73712330494709
dbsql,fund_performance_arena,377.36627786736676
dbsql,worst_case_yoy_growth,615.4937490083512
lakebase,property_financials_joined,90.51235946333236
dbsql,gl_monthly_by_arena_year,482.94504418663564
lakebase,gl_monthly_by_arena_year,70.89137341046126
dbsql,gl_monthly_by_arena_year,715.1698302027398
dbsql,investor_commitment_summary,411.5917729844796
lakebase,fund_performance_arena,81.37591891346574
dbsql,property_financials_joined,493.3376666581353
dbsql,investor_commitment_summary,599.6879411117106
dbsql,top10_properties_by_revenue,526.2188051303838
lakebase,investor_commitment_summary,83.1140268498416
dbsql,pnl_rollup_multi_month,1171.3874888337727
dbsql,fund_performance_arena,411.68750049200753
dbsql,worst_case_yoy_growth,623.3954864734415
lakebase,pnl_rollup_multi_month,124.39099780539209
dbsql,property_financials_joined,590.3298651385285
dbsql,property_financials_joined,838.6334261136881
lakebase,investor_commitment_summary,121.15914864625665
lakebase,property_financials_joined,94.67922274234297
dbsql,property_financials_joined,493.7208173871568
lakebase,fund_performance_arena,67.2522193108307
dbsql,gl_monthly_by_arena_year,810.8278184397477
dbsql,pnl_rollup_multi_month,690.7471805553769
lakebase,pnl_rollup_multi_month,104.45167196832017
lakebase,property_financials_joined,112.18549527609412
dbsql,pnl_rollup_multi_month,899.7111769857611
lakebase,gl_monthly_by_arena_year,72.0991695657176
dbsql,property_financials_joined,512.5744512037045
dbsql,gl_monthly_by_arena_year,668.172156401738
lakebase,top10_properties_by_revenue,67.49939522501336
dbsql,fund_performance_arena,707.05392659616
lakebase,pnl_rollup_multi_month,112.55463460156534
lakebase,investor_commitment_summary,81.1429138090034
lakebase,investor_commitment_summary,80.8388867538099
dbsql,worst_case_yoy_growth,569.0077024704578
dbsql,fund_performance_arena,381.03815887302517
lakebase,property_financials_joined,98.97733766604233
lakebase,gl_monthly_by_arena_year,94.20737777998056
lakebase,investor_commitment_summary,103.15142026084345
dbsql,pnl_rollup_multi_month,979.0139740300674
lakebase,fund_performance_arena,109.87190432126681
dbsql,gl_monthly_by_arena_year,541.7698894382283
dbsql,pnl_rollup_multi_month,966.4472067221936
lakebase,pnl_rollup_multi_month,153.76481784616658
lakebase,gl_monthly_by_arena_year,289.41702127258395
dbsql,investor_commitment_summary,352.4695397356936
lakebase,property_financials_joined,100.3195872234528
lakebase,pnl_rollup_multi_month,111.30139872699374
dbsql,property_financials_joined,1547.7084582091152
lakebase,gl_monthly_by_arena_year,69.77342089805916
dbsql,property_financials_joined,627.4679040586193
dbsql,gl_monthly_by_arena_year,738.8581255405455
dbsql,investor_commitment_summary,644.7643868056332
lakebase,property_financials_joined,91.46239973355819
dbsql,property_financials_joined,589.1226829949119
dbsql,worst_case_yoy_growth,606.3848638302716
dbsql,investor_commitment_summary,637.5352236944991
dbsql,investor_commitment_summary,345.6915619865413
lakebase,fund_performance_arena,55.8330282449333
dbsql,fund_performance_arena,457.78696394245344
dbsql,fund_performance_arena,380.2940733870628
dbsql,property_financials_joined,943.1021080310416
lakebase,pnl_rollup_multi_month,143.91505762182533
dbsql,property_financials_joined,938.4156296187598
lakebase,investor_commitment_summary,76.71700346543275
dbsql,investor_commitment_summary,725.110495976935
lakebase,property_financials_joined,89.4577735730877
dbsql,property_financials_joined,661.0120936079511
dbsql,worst_case_yoy_growth,621.2426353454816
lakebase,property_financials_joined,88.66215576557579
lakebase,top10_properties_by_revenue,89.14118174945429
lakebase,property_financials_joined,269.5570987073097
lakebase,top10_properties_by_revenue,63.591087771044386
dbsql,top10_properties_by_revenue,768.3343210862859
dbsql,investor_commitment_summary,637.5373435625704
lakebase,gl_monthly_by_arena_year,82.41611187884246
dbsql,property_financials_joined,1739.584753580857
dbsql,pnl_rollup_multi_month,1559.7856957050594
lakebase,top10_properties_by_revenue,94.65569185988443
lakebase,property_financials_joined,98.52015442788797
dbsql,investor_commitment_summary,1038.5878419056667
lakebase,investor_commitment_summary,62.05722994934604
lakebase,property_financials_joined,103.51019732405575
lakebase,fund_performance_arena,59.3946774750691
dbsql,pnl_rollup_multi_month,917.8137051574424
lakebase,property_financials_joined,64.37030265675503
dbsql,investor_commitment_summary,508.336531185023
lakebase,investor_commitment_summary,91.28372212683189
dbsql,investor_commitment_summary,729.0467410822146
lakebase,pnl_rollup_multi_month,171.32946764979806
dbsql,gl_monthly_by_arena_year,671.8747344327483
dbsql,worst_case_yoy_growth,626.3999011106307
lakebase,investor_commitment_summary,114.0490004466983
lakebase,property_financials_joined,60.1827883691044
lakebase,gl_monthly_by_arena_year,86.88077966451146
dbsql,property_financials_joined,842.4326876780128
lakebase,pnl_rollup_multi_month,125.00008744655133
lakebase,pnl_rollup_multi_month,106.0129864058581
lakebase,gl_monthly_by_arena_year,76.28759894299719
lakebase,top10_properties_by_revenue,75.89666384365046
dbsql,investor_commitment_summary,761.091341961901
lakebase,gl_monthly_by_arena_year,70.69512041755388
lakebase,investor_commitment_summary,94.38484805744451
dbsql,top10_properties_by_revenue,796.9754777742537
lakebase,investor_commitment_summary,78.56014148728718
lakebase,gl_monthly_by_arena_year,83.80222095286172
dbsql,top10_properties_by_revenue,859.5096939786799
dbsql,investor_commitment_summary,331.38681288153293
dbsql,property_financials_joined,914.4064980046096
dbsql,fund_performance_arena,614.2294473699508
lakebase,investor_commitment_summary,79.9105014685324
dbsql,gl_monthly_by_arena_year,466.6532087262567
lakebase,fund_performance_arena,63.40373117291165
dbsql,investor_commitment_summary,454.26468938035214
lakebase,top10_properties_by_revenue,76.55548426453151
dbsql,top10_properties_by_revenue,849.2210922073298
lakebase,property_financials_joined,68.3632500006297
dbsql,gl_monthly_by_arena_year,479.78175557318536
lakebase,pnl_rollup_multi_month,118.75483300946144
dbsql,worst_case_yoy_growth,575.3526281198447
dbsql,fund_performance_arena,479.7267726617065
dbsql,fund_performance_arena,587.1716900454942
dbsql,fund_performance_arena,492.2875796141284
lakebase,property_financials_joined,98.20477126811511
lakebase,pnl_rollup_multi_month,190.91552879530127
dbsql,pnl_rollup_multi_month,930.1822969658815
dbsql,top10_properties_by_revenue,839.2637289585423
lakebase,top10_properties_by_revenue,100.85705163496073
dbsql,investor_commitment_summary,652.2528885848544
dbsql,gl_monthly_by_arena_year,670.9929962181036
lakebase,property_financials_joined,88.50764544337153
lakebase,gl_monthly_by_arena_year,64.53734789488408
lakebase,property_financials_joined,62.46089419897771
dbsql,fund_performance_arena,370.63683206997666
lakebase,top10_properties_by_revenue,70.01354380514613
dbsql,investor_commitment_summary,765.8948241653434
lakebase,investor_commitment_summary,74.77345197381169
lakebase,top10_properties_by_revenue,71.47120331933365
lakebase,pnl_rollup_multi_month,111.87702106303732
dbsql,gl_monthly_by_arena_year,516.1570509329749
lakebase,investor_commitment_summary,72.31569264723703
dbsql,investor_commitment_summary,714.7269536839076
lakebase,investor_commitment_summary,100.2634919317984
lakebase,top10_properties_by_revenue,82.9227112402009
lakebase,investor_commitment_summary,75.7630053587377
dbsql,top10_properties_by_revenue,521.0792371471484
dbsql,pnl_rollup_multi_month,1070.5322270583792
lakebase,pnl_rollup_multi_month,107.52846947343642
lakebase,gl_monthly_by_arena_year,68.66968501606152
lakebase,investor_commitment_summary,80.67251218494675
lakebase,pnl_rollup_multi_month,143.66110489174844
dbsql,gl_monthly_by_arena_year,785.8532856838565
lakebase,investor_commitment_summary,89.31165810892594
dbsql,investor_commitment_summary,347.3197740216847
dbsql,gl_monthly_by_arena_year,449.1291873553678
lakebase,property_financials_joined,65.95956173089235
lakebase,gl_monthly_by_arena_year,62.0180457888182
dbsql,gl_monthly_by_arena_year,488.6048375584835
lakebase,investor_commitment_summary,94.16996887037499
lakebase,fund_performance_arena,70.62225173308434
lakebase,pnl_rollup_multi_month,98.392986645365
dbsql,worst_case_yoy_growth,709.4533127605018
lakebase,fund_performance_arena,68.91904179076391
dbsql,property_financials_joined,881.9327501308578
lakebase,investor_commitment_summary,76.41852196172749
lakebase,investor_commitment_summary,90.40614287698645
lakebase,gl_monthly_by_arena_year,63.626403795638
lakebase,pnl_rollup_multi_month,112.28572627487665
lakebase,pnl_rollup_multi_month,122.91531821063018
lakebase,fund_performance_arena,57.10315570155444
lakebase,fund_performance_arena,79.53741434241124
lakebase,pnl_rollup_multi_month,122.8016248228414
dbsql,pnl_rollup_multi_month,555.1041763932858
dbsql,fund_performance_arena,380.7346061623207
lakebase,investor_commitment_summary,83.55731091558027
lakebase,property_financials_joined,114.82611806127352
dbsql,pnl_rollup_multi_month,929.0640538698085
dbsql,investor_commitment_summary,764.4462941373149
lakebase,gl_monthly_by_arena_year,71.52044287840909
dbsql,worst_case_yoy_growth,601.9892712045021
lakebase,property_financials_joined,93.19398536524659
dbsql,pnl_rollup_multi_month,558.7788740932069
lakebase,investor_commitment_summary,94.92407346101572
lakebase,gl_monthly_by_arena_year,61.84752145733796
lakebase,property_financials_joined,69.88665427718388
dbsql,property_financials_joined,638.6576136154076
dbsql,fund_performance_arena,375.5002559539662
dbsql,fund_performance_arena,376.44430427684483
dbsql,investor_commitment_summary,640.1801861431977
dbsql,investor_commitment_summary,1044.6008350946272
dbsql,investor_commitment_summary,344.21561357044084
lakebase,fund_performance_arena,74.07199279793986
lakebase,investor_commitment_summary,82.5035443853892
dbsql,top10_properties_by_revenue,1334.5051475357081
dbsql,property_financials_joined,879.3748353083117
dbsql,gl_monthly_by_arena_year,493.86298346644253
lakebase,investor_commitment_summary,73.87728865859344
dbsql,top10_properties_by_revenue,492.4103396657529
dbsql,property_financials_joined,897.463537773092
dbsql,investor_commitment_summary,345.11117589170226
dbsql,investor_commitment_summary,353.96528397416205
dbsql,fund_performance_arena,470.125411971992
dbsql,property_financials_joined,849.3214968838174
dbsql,investor_commitment_summary,978.0704929499109
lakebase,property_financials_joined,62.93486126708103
dbsql,fund_performance_arena,341.6474367400042
lakebase,investor_commitment_summary,77.64314905568881
lakebase,gl_monthly_by_arena_year,76.0983753648361
lakebase,property_financials_joined,154.73028499536667
lakebase,fund_performance_arena,70.05935364600191
lakebase,gl_monthly_by_arena_year,85.47889480854565
lakebase,pnl_rollup_multi_month,98.61977606982464
dbsql,gl_monthly_by_arena_year,857.9699142501056
dbsql,property_financials_joined,843.2559549751204
lakebase,property_financials_joined,90.07302236803127
lakebase,top10_properties_by_revenue,101.69538443483361
lakebase,investor_commitment_summary,84.82465680253881
dbsql,property_financials_joined,593.8312885696178
dbsql,gl_monthly_by_arena_year,465.42138999870986
lakebase,top10_properties_by_revenue,300.525790564393
lakebase,property_financials_joined,91.96909769639205
lakebase,investor_commitment_summary,118.98786657218352
dbsql,investor_commitment_summary,340.17561101319416
lakebase,property_financials_joined,81.12433168366806
dbsql,fund_performance_arena,363.32986949793167
dbsql,fund_performance_arena,523.9382909325059
dbsql,pnl_rollup_multi_month,1311.2734129257433
lakebase,property_financials_joined,86.01646047853251
dbsql,investor_commitment_summary,619.5595774914295
dbsql,top10_properties_by_revenue,870.9653377388804
lakebase,property_financials_joined,132.16023333524163
lakebase,pnl_rollup_multi_month,206.55657400038763
lakebase,property_financials_joined,87.16948609651354
dbsql,fund_performance_arena,542.3754806929537
lakebase,gl_monthly_by_arena_year,62.27664659803622
lakebase,gl_monthly_by_arena_year,68.01836636861935
lakebase,property_financials_joined,67.68804496061875
dbsql,property_financials_joined,553.4557939216143
lakebase,property_financials_joined,72.14805134449875
lakebase,property_financials_joined,87.06017435179092
dbsql,investor_commitment_summary,352.9968079080845
dbsql,fund_performance_arena,1782.7847232913996
dbsql,gl_monthly_by_arena_year,792.7184825774134
lakebase,fund_performance_arena,66.70600085851675
lakebase,pnl_rollup_multi_month,256.5741680264608
dbsql,investor_commitment_summary,688.1831330190948
dbsql,pnl_rollup_multi_month,944.0621964649836
lakebase,fund_performance_arena,62.85202597086936
dbsql,gl_monthly_by_arena_year,594.454707569497
dbsql,property_financials_joined,538.2422075848581
dbsql,worst_case_yoy_growth,715.6568118191444
lakebase,pnl_rollup_multi_month,174.4441073122971
dbsql,gl_monthly_by_arena_year,548.8004270107467
lakebase,top10_properties_by_revenue,78.78369206014213
dbsql,gl_monthly_by_arena_year,497.2372971136281
lakebase,gl_monthly_by_arena_year,57.062154085201655
dbsql,fund_performance_arena,377.31038073548007
lakebase,top10_properties_by_revenue,65.61337729033312
lakebase,gl_monthly_by_arena_year,61.986990024706756
lakebase,fund_performance_arena,60.35660996678871
lakebase,pnl_rollup_multi_month,96.68472247210502
lakebase,top10_properties_by_revenue,61.16444686779232
lakebase,investor_commitment_summary,77.13013523618883
lakebase,gl_monthly_by_arena_year,67.16942394135117
dbsql,investor_commitment_summary,724.0182820503094
dbsql,top10_properties_by_revenue,1481.2281069615096
lakebase,top10_properties_by_revenue,68.45343925778025
dbsql,property_financials_joined,490.0137972614971
lakebase,top10_properties_by_revenue,87.72480323597165
lakebase,pnl_rollup_multi_month,119.854512959364
dbsql,investor_commitment_summary,687.4984033687497
lakebase,investor_commitment_summary,77.37259699331389
dbsql,investor_commitment_summary,305.93960740495163
dbsql,gl_monthly_by_arena_year,845.8146548259577
dbsql,gl_monthly_by_arena_year,747.307454921156
dbsql,investor_commitment_summary,312.30158995697366
dbsql,property_financials_joined,912.7183590256323
lakebase,investor_commitment_summary,79.97030487899792
lakebase,pnl_rollup_multi_month,111.27660605811229
lakebase,property_financials_joined,72.5400882982683
lakebase,gl_monthly_by_arena_year,78.87507163093233
lakebase,fund_performance_arena,72.75753880355751
lakebase,fund_performance_arena,64.30159249725875
lakebase,top10_properties_by_revenue,64.27877796227222
dbsql,investor_commitment_summary,672.5062900831063
lakebase,gl_monthly_by_arena_year,180.3548667708128
dbsql,pnl_rollup_multi_month,969.0853653593194
dbsql,investor_commitment_summary,645.9843177381686
dbsql,fund_performance_arena,523.8712016061129
dbsql,investor_commitment_summary,716.2766193343941
dbsql,gl_monthly_by_arena_year,561.1795631582197
dbsql,top10_properties_by_revenue,2428.76439558367
lakebase,gl_monthly_by_arena_year,65.75454982959172
lakebase,gl_monthly_by_arena_year,65.82088158017996
lakebase,gl_monthly_by_arena_year,67.49147600828564
dbsql,fund_performance_arena,545.4563093257434
lakebase,pnl_rollup_multi_month,98.18661982257026
lakebase,gl_monthly_by_arena_year,81.53021603470734
dbsql,gl_monthly_by_arena_year,897.0875690545768
dbsql,pnl_rollup_multi_month,719.84441748819
lakebase,investor_commitment_summary,85.72072000384878
lakebase,pnl_rollup_multi_month,103.64243641487292
dbsql,fund_performance_arena,629.945841729949
lakebase,property_financials_joined,94.87896805752882
lakebase,investor_commitment_summary,63.41327077211645
lakebase,property_financials_joined,102.48437826992074
dbsql,worst_case_yoy_growth,695.6408401881049
dbsql,worst_case_yoy_growth,583.2716399954734
dbsql,pnl_rollup_multi_month,1166.8134490889486
dbsql,investor_commitment_summary,950.4312694196244
lakebase,pnl_rollup_multi_month,218.51656220727023
lakebase,investor_commitment_summary,81.41910545049313
dbsql,investor_commitment_summary,656.2338773820784
dbsql,top10_properties_by_revenue,894.3104146100893
lakebase,gl_monthly_by_arena_year,73.1007231172498
lakebase,gl_monthly_by_arena_year,70.60529692739692
lakebase,property_financials_joined,77.5745168064077
dbsql,fund_performance_arena,497.32898355904354
dbsql,fund_performance_arena,486.16542844683863
lakebase,fund_performance_arena,63.0814421060677
lakebase,gl_monthly_by_arena_year,67.82164038213523
dbsql,top10_properties_by_revenue,962.4062011409364
lakebase,investor_commitment_summary,80.45964460609412
dbsql,pnl_rollup_multi_month,557.828784321714
dbsql,property_financials_joined,818.985512802783
dbsql,property_financials_joined,540.6842740375168
lakebase,gl_monthly_by_arena_year,231.31642345427395
dbsql,property_financials_joined,541.5835123552597
lakebase,top10_properties_by_revenue,70.84148615928143
lakebase,investor_commitment_summary,93.95099113331185
lakebase,investor_commitment_summary,86.90495967880452
dbsql,gl_monthly_by_arena_year,767.8133049146254
dbsql,property_financials_joined,548.6647033279155
lakebase,top10_properties_by_revenue,74.7942497860663
lakebase,pnl_rollup_multi_month,133.53443198002424
dbsql,top10_properties_by_revenue,785.6483893451696
dbsql,property_financials_joined,596.1977088128378
dbsql,investor_commitment_summary,994.2834893472394
lakebase,top10_properties_by_revenue,94.01248933130546
dbsql,fund_performance_arena,586.3121992839808
dbsql,property_financials_joined,883.2212060562483
lakebase,property_financials_joined,99.62734914452653
dbsql,gl_monthly_by_arena_year,638.371797063428
lakebase,pnl_rollup_multi_month,136.5527409304832
lakebase,investor_commitment_summary,89.42762904138135
dbsql,investor_commitment_summary,369.23836963097756
dbsql,investor_commitment_summary,336.44204946426726
lakebase,pnl_rollup_multi_month,114.37771180192158
lakebase,pnl_rollup_multi_month,362.9567774770521
dbsql,pnl_rollup_multi_month,1143.2199653649775
lakebase,property_financials_joined,83.93962036396374
dbsql,investor_commitment_summary,1269.9469228583098
dbsql,fund_performance_arena,515.1504938687026
dbsql,property_financials_joined,582.7886353688996
lakebase,fund_performance_arena,60.72813962816781
lakebase,fund_performance_arena,56.73410587263561
lakebase,fund_performance_arena,71.81890331193586
dbsql,worst_case_yoy_growth,598.6624310718298
dbsql,gl_monthly_by_arena_year,659.4525798437303
dbsql,property_financials_joined,628.464288864393
dbsql,fund_performance_arena,567.1063622517636
lakebase,property_financials_joined,79.10490015936489
lakebase,fund_performance_arena,68.81943363958953
lakebase,fund_performance_arena,82.47846863417863
dbsql,pnl_rollup_multi_month,664.249632855217
lakebase,pnl_rollup_multi_month,135.33585517404845
dbsql,fund_performance_arena,388.2670307425542
lakebase,investor_commitment_summary,80.06552077733886
lakebase,fund_performance_arena,74.42830860654226
lakebase,property_financials_joined,76.59082463521827
lakebase,fund_performance_arena,50.95936908770682
lakebase,gl_monthly_by_arena_year,71.52531724796063
dbsql,investor_commitment_summary,643.9225658115788
dbsql,property_financials_joined,1516.92978541827
dbsql,gl_monthly_by_arena_year,533.0943545750415
lakebase,pnl_rollup_multi_month,164.080194219423
lakebase,gl_monthly_by_arena_year,71.95956927284897
dbsql,investor_commitment_summary,588.4465930898841
dbsql,investor_commitment_summary,661.360602331456
lakebase,gl_monthly_by_arena_year,66.40976318846015
dbsql,fund_performance_arena,332.34629471951393
dbsql,gl_monthly_by_arena_year,655.8719101474537
lakebase,property_financials_joined,78.51635368001553
dbsql,fund_performance_arena,522.5966896488217
lakebase,top10_properties_by_revenue,71.29316966722854
lakebase,property_financials_joined,64.34524752830839
dbsql,property_financials_joined,881.5629926280053
lakebase,pnl_rollup_multi_month,122.42054036528316
lakebase,gl_monthly_by_arena_year,75.46201048467083
lakebase,gl_monthly_by_arena_year,81.58131720728079
lakebase,top10_properties_by_revenue,89.32782994105537
lakebase,gl_monthly_by_arena_year,73.60085041705133
lakebase,investor_commitment_summary,72.6226755201651
dbsql,top10_properties_by_revenue,778.2612216476537
lakebase,investor_commitment_summary,99.94140543142294
dbsql,top10_properties_by_revenue,774.2332571600627
dbsql,investor_commitment_summary,350.5099847785118
lakebase,gl_monthly_by_arena_year,82.66665463384015
dbsql,top10_properties_by_revenue,998.0810563034765
lakebase,top10_properties_by_revenue,78.0758824377017
lakebase,property_financials_joined,69.73739368800125
lakebase,property_financials_joined,245.8674144509132
dbsql,gl_monthly_by_arena_year,806.6294695742044
dbsql,investor_commitment_summary,314.8790850619889
lakebase,pnl_rollup_multi_month,119.52396398825726
lakebase,property_financials_joined,97.21002672131362
lakebase,pnl_rollup_multi_month,101.27619321741577
lakebase,fund_performance_arena,54.86876733016288
lakebase,gl_monthly_by_arena_year,80.65882323859341
lakebase,top10_properties_by_revenue,77.86919854584085
lakebase,investor_commitment_summary,72.77371846703318
dbsql,top10_properties_by_revenue,787.1493138844698
dbsql,property_financials_joined,580.1602150536382
lakebase,pnl_rollup_multi_month,183.74334803718284
dbsql,investor_commitment_summary,663.3590241939373
lakebase,pnl_rollup_multi_month,113.08126394143869
lakebase,top10_properties_by_revenue,64.24548279323972
lakebase,pnl_rollup_multi_month,114.71746857017706
dbsql,pnl_rollup_multi_month,934.3168996422833
lakebase,fund_performance_arena,69.34429430884848
dbsql,pnl_rollup_multi_month,502.4484651324883
lakebase,investor_commitment_summary,91.89996442046322
lakebase,investor_commitment_summary,118.76298233232774
lakebase,pnl_rollup_multi_month,152.82176184257423
dbsql,property_financials_joined,497.6441078032394
lakebase,investor_commitment_summary,98.69331182727592
lakebase,investor_commitment_summary,74.54839960507798
lakebase,investor_commitment_summary,86.26600467374601
lakebase,property_financials_joined,77.50653136963592
dbsql,pnl_rollup_multi_month,568.81932511385
dbsql,fund_performance_arena,486.6711396967389
lakebase,property_financials_joined,112.98033930290785
dbsql,property_financials_joined,547.3917387863594
dbsql,property_financials_joined,544.2781132536538
lakebase,property_financials_joined,76.80340862069102
lakebase,gl_monthly_by_arena_year,93.28813415606874
lakebase,gl_monthly_by_arena_year,119.61076020077144
dbsql,investor_commitment_summary,701.5512956944008
dbsql,gl_monthly_by_arena_year,661.9243708579461
dbsql,gl_monthly_by_arena_year,512.0311699716922
dbsql,pnl_rollup_multi_month,971.2145188448176
lakebase,top10_properties_by_revenue,83.10046543107319
lakebase,investor_commitment_summary,94.3534683742655
dbsql,property_financials_joined,516.1971016009659
dbsql,fund_performance_arena,394.3165840162237
lakebase,gl_monthly_by_arena_year,70.58917285036159
lakebase,gl_monthly_by_arena_year,74.09511079134745
dbsql,property_financials_joined,488.29892998719515
dbsql,property_financials_joined,1778.4415305247876
dbsql,property_financials_joined,531.889455116783
lakebase,property_financials_joined,67.26270365021492
dbsql,investor_commitment_summary,304.2334626566685
dbsql,property_financials_joined,476.93550243741356
dbsql,top10_properties_by_revenue,843.6547536861099
dbsql,top10_properties_by_revenue,511.34102615105803
dbsql,worst_case_yoy_growth,798.4737880085504
lakebase,fund_performance_arena,57.453589311364794
dbsql,gl_monthly_by_arena_year,792.666096983254
dbsql,top10_properties_by_revenue,7209.285951698945
dbsql,property_financials_joined,910.7460084234731
lakebase,property_financials_joined,69.99509667730308
lakebase,gl_monthly_by_arena_year,70.19919545706443
lakebase,property_financials_joined,81.1972774588412
lakebase,gl_monthly_by_arena_year,65.73081038925466
lakebase,top10_properties_by_revenue,73.92051358147
lakebase,top10_properties_by_revenue,66.01049524988412
lakebase,gl_monthly_by_arena_year,92.04908203594186
lakebase,gl_monthly_by_arena_year,58.30646600520595
lakebase,top10_properties_by_revenue,62.75700407036311
dbsql,pnl_rollup_multi_month,1060.2560117666258
dbsql,gl_monthly_by_arena_year,470.95167010184014
lakebase,fund_performance_arena,67.78778347359093
lakebase,property_financials_joined,65.93401495581475
dbsql,pnl_rollup_multi_month,940.7472041285132
dbsql,gl_monthly_by_arena_year,698.0371835773553
lakebase,fund_performance_arena,267.89360619483205
dbsql,property_financials_joined,527.1675940167597
lakebase,fund_performance_arena,59.69699263698658
lakebase,top10_properties_by_revenue,71.672616525575
lakebase,fund_performance_arena,73.02390941826786
dbsql,worst_case_yoy_growth,672.1310627931416
lakebase,gl_monthly_by_arena_year,86.54497753582291
lakebase,property_financials_joined,85.17520557006719
lakebase,fund_performance_arena,56.258214245190175
lakebase,property_financials_joined,76.98777216799613
dbsql,property_financials_joined,567.6264872045067
lakebase,fund_performance_arena,57.59946833245522
dbsql,top10_properties_by_revenue,999.1457698019985
dbsql,worst_case_yoy_growth,611.3751207175255
lakebase,top10_properties_by_revenue,63.33876452220011
lakebase,gl_monthly_by_arena_year,66.58772096068333
dbsql,gl_monthly_by_arena_year,940.3599112617087
dbsql,worst_case_yoy_growth,578.1166401610562
dbsql,gl_monthly_by_arena_year,744.3719381154779
dbsql,fund_performance_arena,346.94988091922596
dbsql,top10_properties_by_revenue,596.6049154973234
dbsql,worst_case_yoy_growth,650.9504468036198
lakebase,gl_monthly_by_arena_year,58.56320481598232
lakebase,pnl_rollup_multi_month,183.43589560382156
dbsql,gl_monthly_by_arena_year,489.7730947974992
lakebase,pnl_rollup_multi_month,164.85544141482933
lakebase,top10_properties_by_revenue,69.16460788534096
lakebase,property_financials_joined,77.47326679739786
dbsql,pnl_rollup_multi_month,718.0424909543035
lakebase,gl_monthly_by_arena_year,66.18276252396527
dbsql,investor_commitment_summary,882.9448624909162
lakebase,pnl_rollup_multi_month,116.38873388631055
dbsql,investor_commitment_summary,1782.233235062364
dbsql,investor_commitment_summary,369.832431574423
lakebase,investor_commitment_summary,117.82770957427147
lakebase,property_financials_joined,66.37849062485657
lakebase,pnl_rollup_multi_month,107.76691731189203
dbsql,fund_performance_arena,339.21264200648693
dbsql,fund_performance_arena,361.6199218935492
lakebase,gl_monthly_by_arena_year,79.62253581922596
dbsql,pnl_rollup_multi_month,560.0824556693169
lakebase,investor_commitment_summary,79.07511620084051
dbsql,property_financials_joined,497.15575595223527
dbsql,top10_properties_by_revenue,581.7668014971105
dbsql,investor_commitment_summary,750.8231384529722
dbsql,investor_commitment_summary,793.705947490821
dbsql,worst_case_yoy_growth,732.6391410786073
dbsql,fund_performance_arena,503.50420950718444
dbsql,fund_performance_arena,539.147008670227
lakebase,fund_performance_arena,58.44064928550097
lakebase,investor_commitment_summary,82.04039073359581
lakebase,investor_commitment_summary,74.05349210571899
lakebase,pnl_rollup_multi_month,110.64257028533575
lakebase,investor_commitment_summary,77.93793633862833
dbsql,investor_commitment_summary,295.6391281967399
dbsql,worst_case_yoy_growth,575.9722528931661
lakebase,property_financials_joined,95.60321865512833
dbsql,pnl_rollup_multi_month,1093.8027443405645
dbsql,gl_monthly_by_arena_year,706.3758121227863
lakebase,property_financials_joined,68.43066536856668
dbsql,worst_case_yoy_growth,630.6950220252929
lakebase,fund_performance_arena,74.19728194747677
lakebase,top10_properties_by_revenue,70.2331939634746
dbsql,investor_commitment_summary,466.94046340741124
lakebase,property_financials_joined,100.70240353172721
lakebase,gl_monthly_by_arena_year,71.22763212674954
lakebase,pnl_rollup_multi_month,111.65525341095872
dbsql,fund_performance_arena,497.45314404134433
lakebase,investor_commitment_summary,114.50859816000047
lakebase,gl_monthly_by_arena_year,82.45337391599605
dbsql,property_financials_joined,1036.7609160803113
lakebase,gl_monthly_by_arena_year,81.30519562848804
lakebase,property_financials_joined,87.46389785744668
dbsql,fund_performance_arena,488.64778949428
dbsql,gl_monthly_by_arena_year,759.1152153355551
lakebase,top10_properties_by_revenue,62.498980533973736
lakebase,investor_commitment_summary,71.3215525648252
dbsql,pnl_rollup_multi_month,536.3603269016721
dbsql,fund_performance_arena,376.2731744662915
lakebase,pnl_rollup_multi_month,183.47923953750467
lakebase,investor_commitment_summary,77.66963694569995
lakebase,fund_performance_arena,69.97399190203168
lakebase,fund_performance_arena,73.38171200859733
dbsql,fund_performance_arena,491.289868000365
dbsql,property_financials_joined,546.503984039532
lakebase,property_financials_joined,101.40153922895934
lakebase,property_financials_joined,66.40114467444391
dbsql,investor_commitment_summary,689.2099943610219
lakebase,property_financials_joined,86.85803011258031
lakebase,property_financials_joined,141.0482807755784
dbsql,investor_commitment_summary,702.8866107301042
lakebase,investor_commitment_summary,123.54615897152144
dbsql,fund_performance_arena,461.14091881747754
dbsql,pnl_rollup_multi_month,546.1496060000286
dbsql,pnl_rollup_multi_month,939.3047468228133
lakebase,property_financials_joined,71.43371360899664
lakebase,property_financials_joined,89.6415287425043
lakebase,gl_monthly_by_arena_year,65.45212345366735
dbsql,gl_monthly_by_arena_year,723.1322406540244
dbsql,gl_monthly_by_arena_year,521.4010832933127
lakebase,top10_properties_by_revenue,61.70153891429209
dbsql,top10_properties_by_revenue,1254.1301430623264
dbsql,pnl_rollup_multi_month,930.1840999788737
lakebase,pnl_rollup_multi_month,114.14693938530718
lakebase,top10_properties_by_revenue,78.08129114226858
lakebase,investor_commitment_summary,72.63948959223399
dbsql,investor_commitment_summary,689.0812444138703
lakebase,fund_performance_arena,72.58943593383549
dbsql,top10_properties_by_revenue,898.9457280397914
lakebase,investor_commitment_summary,80.6998845388307
dbsql,property_financials_joined,898.2460243888681
dbsql,property_financials_joined,960.5855855732557
lakebase,property_financials_joined,57.8786823163
dbsql,worst_case_yoy_growth,607.1886565276259
dbsql,gl_monthly_by_arena_year,510.9682192280047
dbsql,property_financials_joined,481.0714201551036
lakebase,investor_commitment_summary,81.88613815610779
lakebase,pnl_rollup_multi_month,121.57795005799699
dbsql,worst_case_yoy_growth,553.2367627137091
dbsql,investor_commitment_summary,329.4707463719817
dbsql,pnl_rollup_multi_month,518.2266496644843
lakebase,property_financials_joined,69.45286968311848
lakebase,pnl_rollup_multi_month,189.23360450622795
lakebase,investor_commitment_summary,70.58198844475783
dbsql,worst_case_yoy_growth,529.0529834423978
lakebase,top10_properties_by_revenue,73.8361625121513
lakebase,investor_commitment_summary,109.71709408050856
dbsql,fund_performance_arena,501.4151421036672
lakebase,fund_performance_arena,96.4529101891003
dbsql,fund_performance_arena,584.042142677788
lakebase,pnl_rollup_multi_month,144.44545342280435
lakebase,investor_commitment_summary,107.53766020164335
dbsql,investor_commitment_summary,344.59755555633365
dbsql,top10_properties_by_revenue,554.4076968958507
dbsql,top10_properties_by_revenue,2155.818517202334
lakebase,top10_properties_by_revenue,64.49477043736351
dbsql,investor_commitment_summary,619.2573352495856
lakebase,fund_performance_arena,69.73064322153277
dbsql,pnl_rollup_multi_month,4570.644799213568
lakebase,pnl_rollup_multi_month,118.34013684580214
dbsql,property_financials_joined,1414.0343951788168
lakebase,investor_commitment_summary,103.12859455984835
dbsql,gl_monthly_by_arena_year,845.7557882747722
lakebase,property_financials_joined,61.60731894573246
dbsql,investor_commitment_summary,328.5906194275867
dbsql,investor_commitment_summary,667.763766894069
lakebase,top10_properties_by_revenue,61.42460292880969
dbsql,investor_commitment_summary,401.4394660981111
dbsql,pnl_rollup_multi_month,1462.0909001499456
lakebase,fund_performance_arena,61.91541040846005
dbsql,investor_commitment_summary,636.8407625049031
lakebase,top10_properties_by_revenue,105.2267523807302
dbsql,top10_properties_by_revenue,876.643134774838
dbsql,gl_monthly_by_arena_year,507.34109984455245
lakebase,top10_properties_by_revenue,83.73636327058875
dbsql,property_financials_joined,492.1196816136444
lakebase,pnl_rollup_multi_month,195.6188043636189
dbsql,fund_performance_arena,688.5038244611508
lakebase,property_financials_joined,81.88081019267202
dbsql,property_financials_joined,841.261687546762
dbsql,gl_monthly_by_arena_year,497.77107102482887
dbsql,investor_commitment_summary,336.38098203391564
lakebase,pnl_rollup_multi_month,131.53154265245348
lakebase,pnl_rollup_multi_month,122.11785585395774
dbsql,fund_performance_arena,524.9112336385906
dbsql,top10_properties_by_revenue,902.8418254276289
lakebase,fund_performance_arena,58.145747482114984
dbsql,top10_properties_by_revenue,846.6560091182487
dbsql,property_financials_joined,521.5635401617078
lakebase,investor_commitment_summary,83.71678688445172
lakebase,gl_monthly_by_arena_year,71.02674514271712
lakebase,fund_performance_arena,77.85095599498959
dbsql,investor_commitment_summary,740.2513278749439
lakebase,investor_commitment_summary,76.50341281305373
dbsql,investor_commitment_summary,325.20161384240964
dbsql,investor_commitment_summary,329.3446124239381
dbsql,worst_case_yoy_growth,956.7714563110314
lakebase,property_financials_joined,72.09014505269806
lakebase,fund_performance_arena,63.77881623427584
dbsql,gl_monthly_by_arena_year,678.5089041185302
dbsql,investor_commitment_summary,305.2096646119935
lakebase,property_financials_joined,94.76536009765368
dbsql,fund_performance_arena,587.7526828330986
lakebase,pnl_rollup_multi_month,131.62159015899988
lakebase,gl_monthly_by_arena_year,71.46192988670919
lakebase,fund_performance_arena,67.57620819630006
dbsql,top10_properties_by_revenue,799.8233766844578
dbsql,property_financials_joined,505.4147744426132
dbsql,top10_properties_by_revenue,784.006534670084
dbsql,gl_monthly_by_arena_year,578.3145388809317
lakebase,property_financials_joined,98.16842133506043
lakebase,gl_monthly_by_arena_year,64.25219792276948
lakebase,investor_commitment_summary,80.99167906732418
lakebase,investor_commitment_summary,77.2199105394975
dbsql,investor_commitment_summary,796.2922971976241
lakebase,pnl_rollup_multi_month,110.20730544538537
lakebase,investor_commitment_summary,101.06648802124596
lakebase,investor_commitment_summary,95.4315084261168
lakebase,gl_monthly_by_arena_year,56.89059328460644
dbsql,top10_properties_by_revenue,482.2174990046051
dbsql,property_financials_joined,551.3972443227431
dbsql,top10_properties_by_revenue,491.594970064682
dbsql,investor_commitment_summary,377.73008255572904
dbsql,investor_commitment_summary,318.82607043360167
lakebase,investor_commitment_summary,94.1064316897382
lakebase,fund_performance_arena,64.77310889462728
dbsql,investor_commitment_summary,334.04946995187856
dbsql,pnl_rollup_multi_month,500.3765744756947
lakebase,top10_properties_by_revenue,60.470101305895696
dbsql,property_financials_joined,612.349598968251
lakebase,property_financials_joined,100.82486321357464
lakebase,investor_commitment_summary,78.22653185394302
lakebase,fund_performance_arena,126.17258124868158
dbsql,fund_performance_arena,355.00733403762297
dbsql,gl_monthly_by_arena_year,522.1150591452215
dbsql,investor_commitment_summary,314.60248449252504
dbsql,fund_performance_arena,462.0654526842145
dbsql,investor_commitment_summary,674.646448831993
dbsql,gl_monthly_by_arena_year,715.8606656688562
lakebase,property_financials_joined,137.11936485154297
dbsql,gl_monthly_by_arena_year,509.9745614083986
lakebase,pnl_rollup_multi_month,167.08057781607977
lakebase,gl_monthly_by_arena_year,63.10129938128739
dbsql,gl_monthly_by_arena_year,801.17379579778
dbsql,gl_monthly_by_arena_year,674.1026124623772
lakebase,top10_properties_by_revenue,76.16263408064583
dbsql,gl_monthly_by_arena_year,968.0562228106027
lakebase,investor_commitment_summary,172.86362585315374
lakebase,gl_monthly_by_arena_year,102.10399058468056
dbsql,top10_properties_by_revenue,1405.1886591307152
lakebase,fund_performance_arena,76.79033655779222
lakebase,property_financials_joined,111.19536804443442
dbsql,gl_monthly_by_arena_year,1094.2327291384117
dbsql,gl_monthly_by_arena_year,697.3510937071978
dbsql,fund_performance_arena,465.1593106339078
dbsql,investor_commitment_summary,845.3198181477433
dbsql,pnl_rollup_multi_month,638.0435857439579
lakebase,pnl_rollup_multi_month,138.65808739299723
dbsql,gl_monthly_by_arena_year,951.9102761854299
dbsql,property_financials_joined,822.5174023648378
dbsql,top10_properties_by_revenue,863.6695445727156
lakebase,investor_commitment_summary,89.39144795022003
dbsql,investor_commitment_summary,2092.8593748832327
lakebase,property_financials_joined,101.83111040234394
dbsql,gl_monthly_by_arena_year,822.4194338556003
lakebase,investor_commitment_summary,81.73085246517076
lakebase,pnl_rollup_multi_month,106.67271973636616
lakebase,investor_commitment_summary,77.85519946855857
dbsql,fund_performance_arena,546.1933999845314
lakebase,investor_commitment_summary,84.11237525160686
lakebase,top10_properties_by_revenue,64.27045291979994
dbsql,investor_commitment_summary,681.8915928453748
dbsql,pnl_rollup_multi_month,1117.747143205662
lakebase,top10_properties_by_revenue,74.59626318518531
dbsql,top10_properties_by_revenue,495.2455882128106
dbsql,property_financials_joined,828.697623217181
dbsql,fund_performance_arena,361.98347301353806
lakebase,top10_properties_by_revenue,63.974378864642745
lakebase,top10_properties_by_revenue,69.91369310128448
lakebase,gl_monthly_by_arena_year,66.33297062410293
dbsql,investor_commitment_summary,321.7047533477455
dbsql,property_financials_joined,506.5035741552606
dbsql,property_financials_joined,925.9233185704261
dbsql,gl_monthly_by_arena_year,510.0523093169045
lakebase,property_financials_joined,128.70194797477552
lakebase,gl_monthly_by_arena_year,57.03395480247764
dbsql,gl_monthly_by_arena_year,491.75373595539895
dbsql,top10_properties_by_revenue,547.4032895401706
lakebase,gl_monthly_by_arena_year,75.8393403464197
dbsql,property_financials_joined,684.3870536057466
lakebase,gl_monthly_by_arena_year,56.67168778722953
lakebase,gl_monthly_by_arena_year,62.16930947925903
lakebase,top10_properties_by_revenue,82.76415202195153
dbsql,fund_performance_arena,390.63835702262395
dbsql,gl_monthly_by_arena_year,641.1655512955576
lakebase,investor_commitment_summary,75.86207026474767
dbsql,top10_properties_by_revenue,925.9381471456436
dbsql,property_financials_joined,525.4787617082002
dbsql,investor_commitment_summary,346.56106015864907
lakebase,pnl_rollup_multi_month,319.4575789947294
lakebase,fund_performance_arena,63.89470035554723
dbsql,investor_commitment_summary,526.6689018091029
dbsql,investor_commitment_summary,307.686268240559
dbsql,property_financials_joined,672.9357727304546
dbsql,gl_monthly_by_arena_year,538.9288294520611
dbsql,worst_case_yoy_growth,78778.31934651642
lakebase,investor_commitment_summary,91.53542508386181
lakebase,investor_commitment_summary,78.22125624539922
lakebase,gl_monthly_by_arena_year,94.1652013761427
lakebase,top10_properties_by_revenue,78.46221097565831
dbsql,property_financials_joined,980.9176506812491
dbsql,property_financials_joined,909.1842367142817
lakebase,pnl_rollup_multi_month,105.70895221451337
dbsql,gl_monthly_by_arena_year,674.5088982619336
dbsql,pnl_rollup_multi_month,1376.3281071811377
dbsql,investor_commitment_summary,686.9007729967507
dbsql,fund_performance_arena,516.9274809630906
lakebase,investor_commitment_summary,72.34906024154952
lakebase,gl_monthly_by_arena_year,60.712846501488116
dbsql,fund_performance_arena,325.8435056907274
dbsql,property_financials_joined,2552.277796190793
dbsql,top10_properties_by_revenue,507.0176241580384
dbsql,investor_commitment_summary,764.8953503754115
lakebase,pnl_rollup_multi_month,179.7409316572498
dbsql,top10_properties_by_revenue,887.183201265259
lakebase,fund_performance_arena,75.12639190019854
dbsql,property_financials_joined,830.3231098600463
dbsql,gl_monthly_by_arena_year,792.1439299358326
dbsql,gl_monthly_by_arena_year,995.7828358699317
lakebase,property_financials_joined,70.38138827056173
dbsql,investor_commitment_summary,767.9475024240503
dbsql,worst_case_yoy_growth,593.2267475001254
lakebase,property_financials_joined,62.10506084551071
dbsql,investor_commitment_summary,1167.1198601227388
lakebase,gl_monthly_by_arena_year,65.81636013089565
lakebase,pnl_rollup_multi_month,112.72841790503207
lakebase,property_financials_joined,84.00573444788506
lakebase,top10_properties_by_revenue,69.47891109217608
lakebase,investor_commitment_summary,77.49629820466453
lakebase,pnl_rollup_multi_month,126.82204213922432
lakebase,top10_properties_by_revenue,92.61786013169626
lakebase,investor_commitment_summary,81.20539644437486
dbsql,property_financials_joined,544.1440194359757
lakebase,investor_commitment_summary,70.19140806374935
lakebase,property_financials_joined,97.24280288838827
lakebase,gl_monthly_by_arena_year,66.01911314768927
dbsql,fund_performance_arena,354.5161585768142
dbsql,worst_case_yoy_growth,615.3168606830945
dbsql,property_financials_joined,493.93882171693804
lakebase,investor_commitment_summary,79.67996131264954
lakebase,top10_properties_by_revenue,75.04772809161864
dbsql,gl_monthly_by_arena_year,480.33009339360433
lakebase,top10_properties_by_revenue,58.714127185453435
lakebase,gl_monthly_by_arena_year,104.79663370617232
dbsql,top10_properties_by_revenue,882.3422018044198
lakebase,pnl_rollup_multi_month,115.93013166191213
dbsql,property_financials_joined,854.6106003811929
lakebase,fund_performance_arena,57.969773989441364
lakebase,property_financials_joined,75.84080553669992
lakebase,investor_commitment_summary,101.64419294966365
lakebase,property_financials_joined,99.3879283557817
dbsql,gl_monthly_by_arena_year,730.6210781047753
dbsql,top10_properties_by_revenue,832.0045453507419
lakebase,pnl_rollup_multi_month,120.58669133881494
dbsql,worst_case_yoy_growth,2562.4208897383055
dbsql,pnl_rollup_multi_month,943.124469138354
dbsql,pnl_rollup_multi_month,942.9638677030425
lakebase,investor_commitment_summary,91.93921984734743
lakebase,fund_performance_arena,62.86095179837048
lakebase,gl_monthly_by_arena_year,77.17706517007628
lakebase,property_financials_joined,82.24520227190624
dbsql,gl_monthly_by_arena_year,931.5542206050225
lakebase,investor_commitment_summary,83.5666111562432
dbsql,investor_commitment_summary,658.7184023723012
lakebase,property_financials_joined,84.47581865675602
dbsql,investor_commitment_summary,656.2174778693759
lakebase,pnl_rollup_multi_month,536.7542828058731
dbsql,gl_monthly_by_arena_year,474.13040011048224
lakebase,investor_commitment_summary,69.97383677406788
dbsql,investor_commitment_summary,308.46111611447213
dbsql,pnl_rollup_multi_month,2243.8887101049686
dbsql,top10_properties_by_revenue,845.490218940995
dbsql,fund_performance_arena,716.7337583725555
lakebase,property_financials_joined,135.55705742325586
dbsql,fund_performance_arena,365.2402049434613
lakebase,investor_commitment_summary,92.25076346274363
dbsql,investor_commitment_summary,769.5780161102448
lakebase,property_financials_joined,80.96455419251924
lakebase,gl_monthly_by_arena_year,62.330329162762155
dbsql,property_financials_joined,978.8986256099861
lakebase,investor_commitment_summary,70.60562402523374
dbsql,property_financials_joined,594.9500362582967
dbsql,fund_performance_arena,375.99505665252764
lakebase,investor_commitment_summary,86.01342063508355
dbsql,top10_properties_by_revenue,558.9441422010282
dbsql,property_financials_joined,875.7315576425526
dbsql,top10_properties_by_revenue,479.48932749318374
dbsql,gl_monthly_by_arena_year,689.8811421359596
dbsql,gl_monthly_by_arena_year,562.8586727980007
lakebase,fund_performance_arena,70.18138061781087
dbsql,investor_commitment_summary,741.0075050887599
dbsql,property_financials_joined,974.693954270549
lakebase,property_financials_joined,82.17966586664716
dbsql,gl_monthly_by_arena_year,521.3824214552574
lakebase,gl_monthly_by_arena_year,71.13655491116333
dbsql,investor_commitment_summary,737.7615629379477
lakebase,top10_properties_by_revenue,101.82048775064345
lakebase,top10_properties_by_revenue,69.11831016486758
lakebase,pnl_rollup_multi_month,121.9394967365588
lakebase,top10_properties_by_revenue,79.0513100336625
lakebase,fund_performance_arena,61.33909951148553
dbsql,property_financials_joined,864.5583084878012
lakebase,property_financials_joined,110.28336943991235
dbsql,worst_case_yoy_growth,594.4349779226741
lakebase,property_financials_joined,117.58606953210915
dbsql,property_financials_joined,906.9297830091045
dbsql,investor_commitment_summary,1407.2287700445117
lakebase,investor_commitment_summary,89.0233313174349
lakebase,gl_monthly_by_arena_year,83.06138048374123
dbsql,gl_monthly_by_arena_year,769.5801666853299
dbsql,top10_properties_by_revenue,2659.613143951191
dbsql,pnl_rollup_multi_month,1296.294557437136
lakebase,investor_commitment_summary,86.22611486043752
dbsql,pnl_rollup_multi_month,536.9494040463678
dbsql,property_financials_joined,1802.5899914340187
dbsql,property_financials_joined,794.421276846947
lakebase,fund_performance_arena,58.917915020984424
lakebase,investor_commitment_summary,90.15649713478524
lakebase,investor_commitment_summary,100.44628136324718
dbsql,property_financials_joined,586.4229198083422
dbsql,fund_performance_arena,628.8002789528093
dbsql,gl_monthly_by_arena_year,744.115699091509
lakebase,gl_monthly_by_arena_year,64.71273243255382
lakebase,property_financials_joined,121.64228852248016
lakebase,gl_monthly_by_arena_year,77.4959129889794
lakebase,property_financials_joined,90.14254681642342
dbsql,property_financials_joined,505.5541008000546
dbsql,top10_properties_by_revenue,767.3371043141515
dbsql,gl_monthly_by_arena_year,731.8466489453215
dbsql,fund_performance_arena,521.2150527859194
dbsql,gl_monthly_by_arena_year,522.3162130320134
dbsql,property_financials_joined,2819.6258923916703
lakebase,pnl_rollup_multi_month,183.17197335767332
dbsql,gl_monthly_by_arena_year,492.65408831467994
lakebase,pnl_rollup_multi_month,162.37525487861149
dbsql,investor_commitment_summary,321.7858595770622
dbsql,property_financials_joined,654.6399183195604
dbsql,gl_monthly_by_arena_year,666.280589487144
dbsql,top10_properties_by_revenue,707.1560025267445
dbsql,gl_monthly_by_arena_year,553.1005854215891
lakebase,investor_commitment_summary,87.75122653457856
lakebase,property_financials_joined,84.1781217411608
dbsql,pnl_rollup_multi_month,920.1645485188692
dbsql,pnl_rollup_multi_month,921.0902253256563
dbsql,top10_properties_by_revenue,820.6474079150325
dbsql,property_financials_joined,847.532159199659
lakebase,top10_properties_by_revenue,70.61429451931645
lakebase,top10_properties_by_revenue,71.85173313740734
dbsql,investor_commitment_summary,686.1076405023709
lakebase,top10_properties_by_revenue,71.57347733709685
dbsql,gl_monthly_by_arena_year,520.588365580835
lakebase,top10_properties_by_revenue,99.78850143821205
lakebase,gl_monthly_by_arena_year,67.83317893797403
lakebase,pnl_rollup_multi_month,118.77409695688357
dbsql,property_financials_joined,869.7484469701635
lakebase,investor_commitment_summary,73.61890507604585
lakebase,top10_properties_by_revenue,68.41391685452436
dbsql,worst_case_yoy_growth,648.3844504547847
lakebase,gl_monthly_by_arena_year,65.31964103487553
dbsql,investor_commitment_summary,307.0098988858945
lakebase,pnl_rollup_multi_month,130.2809480448559
lakebase,pnl_rollup_multi_month,108.34697134157523
dbsql,fund_performance_arena,364.3792686765437
dbsql,property_financials_joined,2600.2690833459783
dbsql,gl_monthly_by_arena_year,710.1940602408376
lakebase,property_financials_joined,61.361085331441245
lakebase,fund_performance_arena,59.91512570994928
lakebase,gl_monthly_by_arena_year,69.65026050409051
dbsql,fund_performance_arena,552.6062789396065
lakebase,property_financials_joined,73.03236767040744
dbsql,property_financials_joined,3006.06767006866
lakebase,top10_properties_by_revenue,74.02102574462788
lakebase,investor_commitment_summary,81.8443387267962
lakebase,gl_monthly_by_arena_year,70.75212100505723
dbsql,fund_performance_arena,486.98220698850037
dbsql,pnl_rollup_multi_month,932.4394897865602
dbsql,property_financials_joined,867.9228726846873
lakebase,property_financials_joined,61.55747532852729
lakebase,investor_commitment_summary,96.80699042553442
dbsql,gl_monthly_by_arena_year,465.5843284584762
lakebase,fund_performance_arena,75.92259145704361
dbsql,fund_performance_arena,437.05166590632416
dbsql,pnl_rollup_multi_month,1133.709505973357
dbsql,top10_properties_by_revenue,490.49695457529197
lakebase,top10_properties_by_revenue,92.86603889837863
dbsql,pnl_rollup_multi_month,1442.7452201191784
dbsql,property_financials_joined,753.4968468067405
lakebase,property_financials_joined,67.88232460192489
lakebase,property_financials_joined,111.61169535193949
lakebase,gl_monthly_by_arena_year,76.21196589451529
dbsql,top10_properties_by_revenue,856.3646043173776
lakebase,gl_monthly_by_arena_year,66.80712122960131
dbsql,top10_properties_by_revenue,618.1530383403242
lakebase,top10_properties_by_revenue,58.80536829369021
lakebase,pnl_rollup_multi_month,123.63713264437592
lakebase,property_financials_joined,73.249136993212
dbsql,property_financials_joined,1319.9397811744689
lakebase,gl_monthly_by_arena_year,76.53183666320729
dbsql,pnl_rollup_multi_month,985.7950204278723
dbsql,gl_monthly_by_arena_year,663.3623920765785
lakebase,pnl_rollup_multi_month,360.16757669597155
lakebase,fund_performance_arena,59.50992035278091
dbsql,fund_performance_arena,471.7470308510201
lakebase,gl_monthly_by_arena_year,65.3357089957467
lakebase,top10_properties_by_revenue,82.61376626390415
dbsql,property_financials_joined,508.03696331058745
lakebase,investor_commitment_summary,77.97621494006535
lakebase,fund_performance_arena,68.81518188600921
dbsql,property_financials_joined,846.4711451929361
lakebase,top10_properties_by_revenue,82.73300667497097
lakebase,investor_commitment_summary,76.22797538272152
dbsql,fund_performance_arena,450.5631674195456
dbsql,property_financials_joined,927.4638045605457
lakebase,investor_commitment_summary,78.07436074938323
dbsql,gl_monthly_by_arena_year,499.9297535700862
lakebase,gl_monthly_by_arena_year,62.79639421103411
dbsql,gl_monthly_by_arena_year,832.3472623075929
lakebase,top10_properties_by_revenue,72.18801600140523
dbsql,pnl_rollup_multi_month,798.4433304139884
dbsql,gl_monthly_by_arena_year,850.4923859917426
dbsql,fund_performance_arena,513.7186365504931
lakebase,fund_performance_arena,76.35151931501127
lakebase,fund_performance_arena,66.40676309450555
lakebase,investor_commitment_summary,75.20053146791383
dbsql,investor_commitment_summary,1226.2989839092738
dbsql,property_financials_joined,1821.1144612581193
dbsql,pnl_rollup_multi_month,978.2459247014117
dbsql,gl_monthly_by_arena_year,536.3667657895803
lakebase,property_financials_joined,75.63106108796092
dbsql,fund_performance_arena,648.6037691120146
dbsql,top10_properties_by_revenue,2131.20358230654
lakebase,top10_properties_by_revenue,58.0767929141075
lakebase,property_financials_joined,90.3557984564145
lakebase,property_financials_joined,72.33997730995156
dbsql,gl_monthly_by_arena_year,576.7460428928644
dbsql,property_financials_joined,1069.6878381463648
dbsql,worst_case_yoy_growth,711.6400554432971
dbsql,pnl_rollup_multi_month,1445.790888742522
lakebase,pnl_rollup_multi_month,112.8824079724211
dbsql,property_financials_joined,1156.7195587217043
lakebase,property_financials_joined,91.08149387805042
dbsql,gl_monthly_by_arena_year,530.4670830881832
dbsql,fund_performance_arena,457.35813158535166
lakebase,fund_performance_arena,66.33374381078738
lakebase,property_financials_joined,86.12016731211725
dbsql,property_financials_joined,906.6988609970394
lakebase,property_financials_joined,107.76795061121902
lakebase,investor_commitment_summary,78.15627410758452
dbsql,investor_commitment_summary,637.757334322032
lakebase,gl_monthly_by_arena_year,70.74063656591534
dbsql,investor_commitment_summary,288.24523640378175
dbsql,property_financials_joined,526.5933592330043
dbsql,property_financials_joined,3203.047022747512
dbsql,top10_properties_by_revenue,666.7475893582093
lakebase,investor_commitment_summary,79.39879804564498
lakebase,fund_performance_arena,69.250162788137
dbsql,property_financials_joined,822.2758321967945
lakebase,investor_commitment_summary,103.45096552009636
dbsql,property_financials_joined,536.020036055902
dbsql,property_financials_joined,491.0170094548221
lakebase,property_financials_joined,80.71433412703755
dbsql,property_financials_joined,520.600764328151
lakebase,fund_performance_arena,55.68608112039897
dbsql,gl_monthly_by_arena_year,716.3140418375065
dbsql,worst_case_yoy_growth,635.7421591189905
dbsql,property_financials_joined,928.2065429127897
dbsql,gl_monthly_by_arena_year,569.4703367720422
dbsql,property_financials_joined,1296.33990291876
lakebase,property_financials_joined,106.49139386373463
lakebase,fund_performance_arena,57.25272239988044
lakebase,property_financials_joined,157.41318124582904
dbsql,top10_properties_by_revenue,533.7344658347547
lakebase,property_financials_joined,77.72926023721993
lakebase,investor_commitment_summary,78.8315269419968
lakebase,investor_commitment_summary,74.99873535095958
lakebase,investor_commitment_summary,77.52451770465996
dbsql,property_financials_joined,516.2116036662496
dbsql,investor_commitment_summary,720.5428654883121
lakebase,investor_commitment_summary,76.78664818331526
dbsql,property_financials_joined,599.3086303155906
dbsql,investor_commitment_summary,672.2856414074272
dbsql,property_financials_joined,496.02126887725717
lakebase,pnl_rollup_multi_month,252.30413238585925
dbsql,top10_properties_by_revenue,928.5447154204576
dbsql,property_financials_joined,960.6023718700385
lakebase,investor_commitment_summary,72.79199005694181
dbsql,investor_commitment_summary,673.9624853414057
dbsql,gl_monthly_by_arena_year,514.252675880357
lakebase,pnl_rollup_multi_month,193.63494431672734
lakebase,fund_performance_arena,78.08937040786645
dbsql,investor_commitment_summary,308.2433726513045
dbsql,fund_performance_arena,605.4894348460493
lakebase,gl_monthly_by_arena_year,72.76948875926337
dbsql,top10_properties_by_revenue,490.68631980935606
lakebase,property_financials_joined,58.097738343406036
dbsql,top10_properties_by_revenue,548.8875199420704
lakebase,gl_monthly_by_arena_year,85.72094445835887
lakebase,gl_monthly_by_arena_year,61.708260482760124
dbsql,top10_properties_by_revenue,475.4180377580042
lakebase,property_financials_joined,88.27227412729144
lakebase,investor_commitment_summary,104.92552334113725
dbsql,investor_commitment_summary,339.19452878063794
lakebase,top10_properties_by_revenue,68.15793962471162
lakebase,investor_commitment_summary,106.88553408751034
lakebase,pnl_rollup_multi_month,213.82394952331651
dbsql,fund_performance_arena,690.0472876631625
lakebase,fund_performance_arena,56.49810231602714
lakebase,property_financials_joined,87.18609405133293
dbsql,gl_monthly_by_arena_year,750.0440114110347
lakebase,pnl_rollup_multi_month,151.3779880856987
lakebase,top10_properties_by_revenue,67.07857367968018
dbsql,pnl_rollup_multi_month,975.7279650673922
lakebase,investor_commitment_summary,83.02996464895784
dbsql,gl_monthly_by_arena_year,490.5051950330517
dbsql,investor_commitment_summary,313.87552679905184
lakebase,gl_monthly_by_arena_year,64.91209668581632
lakebase,top10_properties_by_revenue,70.04858804197056
lakebase,top10_properties_by_revenue,59.47957125738412
lakebase,gl_monthly_by_arena_year,70.05051336898305
dbsql,property_financials_joined,2049.4832587393716
dbsql,investor_commitment_summary,625.4014873650249
dbsql,gl_monthly_by_arena_year,762.0850536171133
lakebase,pnl_rollup_multi_month,154.09724802589153
lakebase,gl_monthly_by_arena_year,69.9888457072575
dbsql,gl_monthly_by_arena_year,647.0107824724778
lakebase,property_financials_joined,90.18374985623723
dbsql,investor_commitment_summary,313.9194879257161
lakebase,gl_monthly_by_arena_year,79.70793235523388
lakebase,pnl_rollup_multi_month,131.81886145582666
dbsql,investor_commitment_summary,696.0367739387721
dbsql,top10_properties_by_revenue,788.7046434875629
dbsql,top10_properties_by_revenue,1176.0287096442426
dbsql,pnl_rollup_multi_month,961.8056017197887
dbsql,gl_monthly_by_arena_year,655.5805646101192
lakebase,property_financials_joined,98.7044815139484
dbsql,investor_commitment_summary,336.514747012302
lakebase,property_financials_joined,89.688317892751
dbsql,fund_performance_arena,524.9920998847415
dbsql,investor_commitment_summary,889.570035682766
lakebase,gl_monthly_by_arena_year,64.22517524305249
lakebase,fund_performance_arena,75.48439290997067
lakebase,top10_properties_by_revenue,71.49571565233259
dbsql,investor_commitment_summary,751.641979483054
lakebase,fund_performance_arena,56.28083098338266
dbsql,gl_monthly_by_arena_year,1125.0924685157884
dbsql,investor_commitment_summary,337.990320219717
lakebase,fund_performance_arena,67.65275417052408
dbsql,pnl_rollup_multi_month,832.6983298909454
lakebase,property_financials_joined,96.52834338902494
lakebase,pnl_rollup_multi_month,115.46552965080537
lakebase,property_financials_joined,75.20386021093373
dbsql,fund_performance_arena,511.0390517100427
lakebase,property_financials_joined,96.24131713985662
lakebase,property_financials_joined,87.08948212284895
dbsql,top10_properties_by_revenue,869.2638775763726
dbsql,pnl_rollup_multi_month,880.9605907484865
dbsql,investor_commitment_summary,316.8953462176205
lakebase,top10_properties_by_revenue,87.59301299551225
dbsql,pnl_rollup_multi_month,1338.1146595707776
dbsql,property_financials_joined,847.263071080647
lakebase,gl_monthly_by_arena_year,79.63287115410367
lakebase,pnl_rollup_multi_month,155.60218993130093
lakebase,fund_performance_arena,100.25982188801663
dbsql,fund_performance_arena,468.39978635443913
dbsql,worst_case_yoy_growth,639.5019845799084
lakebase,investor_commitment_summary,69.81007672970918
dbsql,pnl_rollup_multi_month,983.5391204940152
lakebase,fund_performance_arena,84.7995736703524
dbsql,gl_monthly_by_arena_year,600.8997612355529
lakebase,investor_commitment_summary,91.26144325051655
dbsql,investor_commitment_summary,314.2892978080454
dbsql,property_financials_joined,1085.9811941122075
dbsql,top10_properties_by_revenue,945.4912426277247
lakebase,top10_properties_by_revenue,74.39339407022771
lakebase,gl_monthly_by_arena_year,69.44000460919142
dbsql,investor_commitment_summary,652.9349291143944
dbsql,top10_properties_by_revenue,706.44460320284
dbsql,property_financials_joined,528.5525155708228
lakebase,gl_monthly_by_arena_year,81.21884925935774
lakebase,pnl_rollup_multi_month,175.8357334213514
dbsql,investor_commitment_summary,509.5477572621121
lakebase,property_financials_joined,93.06555231830771
lakebase,top10_properties_by_revenue,63.96128428423253
lakebase,property_financials_joined,96.67287333417107
lakebase,investor_commitment_summary,79.83177025027999
dbsql,property_financials_joined,2509.738786177337
dbsql,fund_performance_arena,536.2772445575956
dbsql,top10_properties_by_revenue,483.82814633407634
lakebase,top10_properties_by_revenue,68.78431213874592
dbsql,top10_properties_by_revenue,832.3209535867591
lakebase,property_financials_joined,71.26824659394515
lakebase,gl_monthly_by_arena_year,72.62915896464506
dbsql,property_financials_joined,826.8999572142661
lakebase,investor_commitment_summary,96.12725242493525
lakebase,gl_monthly_by_arena_year,79.8807134111712
dbsql,pnl_rollup_multi_month,951.0845995922068
dbsql,property_financials_joined,11502.717155575481
lakebase,gl_monthly_by_arena_year,64.69660913649022
lakebase,investor_commitment_summary,73.34618082242628
dbsql,top10_properties_by_revenue,884.1332102478532
lakebase,gl_monthly_by_arena_year,82.31197289319425
lakebase,gl_monthly_by_arena_year,80.41924771379172
lakebase,investor_commitment_summary,73.72136932303874
dbsql,property_financials_joined,481.55650142672357
lakebase,top10_properties_by_revenue,84.75799311935361
lakebase,pnl_rollup_multi_month,134.7963494928308
lakebase,gl_monthly_by_arena_year,75.09190183736791
dbsql,gl_monthly_by_arena_year,706.8702730517771
dbsql,investor_commitment_summary,684.0937766716024
dbsql,investor_commitment_summary,5092.405168517047
dbsql,property_financials_joined,833.4865923861798
dbsql,gl_monthly_by_arena_year,745.456593251447
dbsql,investor_commitment_summary,306.5494450408437
dbsql,top10_properties_by_revenue,792.9068228660299
lakebase,fund_performance_arena,80.15681029058896
dbsql,property_financials_joined,863.881152201202
lakebase,property_financials_joined,67.2125672264201
lakebase,top10_properties_by_revenue,60.303444512442184
dbsql,investor_commitment_summary,805.0871962729502
lakebase,pnl_rollup_multi_month,225.2950835679144
dbsql,investor_commitment_summary,337.4645607044613
dbsql,gl_monthly_by_arena_year,910.3443916868343
lakebase,top10_properties_by_revenue,68.0333753434752
dbsql,gl_monthly_by_arena_year,679.0968622413516
lakebase,investor_commitment_summary,85.54022584507948
dbsql,worst_case_yoy_growth,676.2882894684026
lakebase,property_financials_joined,62.07583596437871
lakebase,gl_monthly_by_arena_year,74.29650337883231
dbsql,worst_case_yoy_growth,640.3351674200053
lakebase,investor_commitment_summary,81.00045616288298
lakebase,top10_properties_by_revenue,63.91081783431218
dbsql,gl_monthly_by_arena_year,811.3294564071794
lakebase,property_financials_joined,95.4688150164884
dbsql,gl_monthly_by_arena_year,736.7388547214659
dbsql,fund_performance_arena,500.3909021701247
lakebase,fund_performance_arena,65.84938737000812
lakebase,property_financials_joined,68.13088767580666
dbsql,property_financials_joined,534.0978323744707
lakebase,investor_commitment_summary,117.53738086082421
lakebase,fund_performance_arena,60.48895707175461
dbsql,property_financials_joined,542.8769123979009
dbsql,property_financials_joined,723.0479256504623
dbsql,top10_properties_by_revenue,450.46822514052565
lakebase,investor_commitment_summary,81.82363471229337
dbsql,property_financials_joined,519.7458537792272
dbsql,gl_monthly_by_arena_year,550.9589885517698
dbsql,top10_properties_by_revenue,544.6093816818802
dbsql,gl_monthly_by_arena_year,698.5036511231328
dbsql,top10_properties_by_revenue,1832.3154785600764
lakebase,investor_commitment_summary,74.466466634874
lakebase,property_financials_joined,85.97573208231779
lakebase,pnl_rollup_multi_month,116.43400179951868
lakebase,pnl_rollup_multi_month,160.80397756945786
lakebase,property_financials_joined,88.88644689824332
lakebase,top10_properties_by_revenue,116.03368087713761
dbsql,investor_commitment_summary,340.9007568355378
dbsql,fund_performance_arena,527.6015776415193
lakebase,investor_commitment_summary,81.92281791502865
lakebase,pnl_rollup_multi_month,169.97897041977694
dbsql,fund_performance_arena,1026.890196583821
dbsql,pnl_rollup_multi_month,891.929002338145
dbsql,fund_performance_arena,508.80972469741437
dbsql,gl_monthly_by_arena_year,899.3987451048753
dbsql,gl_monthly_by_arena_year,849.0581495985907
lakebase,top10_properties_by_revenue,81.7978336179408
dbsql,top10_properties_by_revenue,965.5477320961836
dbsql,investor_commitment_summary,736.67009777364
dbsql,property_financials_joined,640.8336713714107
dbsql,pnl_rollup_multi_month,888.6656807075042
dbsql,gl_monthly_by_arena_year,645.8048709821469
lakebase,property_financials_joined,61.54130606850572
dbsql,top10_properties_by_revenue,785.4375175722907
lakebase,property_financials_joined,67.95449256196662
dbsql,gl_monthly_by_arena_year,756.0730331605328
lakebase,investor_commitment_summary,194.28954919740704
lakebase,investor_commitment_summary,74.60184885667331
lakebase,gl_monthly_by_arena_year,58.24746300794459
dbsql,top10_properties_by_revenue,790.8733149051272
dbsql,gl_monthly_by_arena_year,619.0824687084273
dbsql,pnl_rollup_multi_month,1113.1427334851196
dbsql,pnl_rollup_multi_month,792.6502694291457
dbsql,fund_performance_arena,680.2782100010347
lakebase,investor_commitment_summary,83.60272068725294
lakebase,fund_performance_arena,57.92673545735738
lakebase,property_financials_joined,61.0590306365566
lakebase,fund_performance_arena,55.64450817666966
dbsql,investor_commitment_summary,636.590737553206
dbsql,pnl_rollup_multi_month,567.3297783826001
dbsql,gl_monthly_by_arena_year,1182.8614235576538
dbsql,property_financials_joined,1222.418223717085
dbsql,property_financials_joined,672.5140068580373
lakebase,fund_performance_arena,60.70533208554707
lakebase,gl_monthly_by_arena_year,74.70365444373783
dbsql,investor_commitment_summary,673.3327233430373
dbsql,investor_commitment_summary,490.53196469685645
lakebase,property_financials_joined,64.03646536864471
lakebase,pnl_rollup_multi_month,119.06520605893434
dbsql,investor_commitment_summary,696.1448115810072
dbsql,property_financials_joined,502.3905630804961
lakebase,property_financials_joined,75.11633962542419
lakebase,property_financials_joined,84.52795146115477
dbsql,pnl_rollup_multi_month,556.5348590097301
lakebase,investor_commitment_summary,90.19531619952659
dbsql,top10_properties_by_revenue,941.4744782719708
dbsql,top10_properties_by_revenue,532.6707366024266
dbsql,investor_commitment_summary,518.7232278121883
dbsql,investor_commitment_summary,318.1437684580146
dbsql,property_financials_joined,1603.5344192500816
dbsql,gl_monthly_by_arena_year,578.089576900652
lakebase,top10_properties_by_revenue,70.72372295777996
dbsql,gl_monthly_by_arena_year,642.4918809150313
dbsql,property_financials_joined,932.6696025947854
dbsql,pnl_rollup_multi_month,1030.0819607662959
lakebase,fund_performance_arena,79.8025530477986
dbsql,property_financials_joined,879.5700680315122
lakebase,investor_commitment_summary,84.73108644892591
dbsql,gl_monthly_by_arena_year,899.1785155708953
lakebase,fund_performance_arena,65.08783491108261
dbsql,fund_performance_arena,600.6338887571019
lakebase,pnl_rollup_multi_month,123.65048332463857
lakebase,fund_performance_arena,57.91964607664113
dbsql,property_financials_joined,1012.9529914249531
lakebase,gl_monthly_by_arena_year,93.59515641469329
dbsql,pnl_rollup_multi_month,881.9684954047489
lakebase,property_financials_joined,89.69529604738113
lakebase,investor_commitment_summary,87.93337607676222
dbsql,gl_monthly_by_arena_year,489.5269691030535
dbsql,investor_commitment_summary,369.5601828930961
lakebase,investor_commitment_summary,70.25122651714355
lakebase,gl_monthly_by_arena_year,88.68919437952627
lakebase,property_financials_joined,81.60773412441813
lakebase,gl_monthly_by_arena_year,85.26164621923726
dbsql,property_financials_joined,589.6579674791838
dbsql,property_financials_joined,563.1010403621985
dbsql,worst_case_yoy_growth,626.1139683108468
dbsql,gl_monthly_by_arena_year,498.1839552517613
dbsql,property_financials_joined,1866.6857458846096
dbsql,pnl_rollup_multi_month,1045.6553325846016
dbsql,worst_case_yoy_growth,619.2993894409824
lakebase,property_financials_joined,313.98225680845826
lakebase,property_financials_joined,87.3899624208434
lakebase,gl_monthly_by_arena_year,62.16833926214349
dbsql,top10_properties_by_revenue,504.33174293016236
lakebase,gl_monthly_by_arena_year,57.441689836281284
lakebase,investor_commitment_summary,88.39050704307283
lakebase,fund_performance_arena,77.80203057495783
lakebase,pnl_rollup_multi_month,184.94664166243524
lakebase,pnl_rollup_multi_month,327.73770371272803
lakebase,investor_commitment_summary,83.21809287812698
lakebase,top10_properties_by_revenue,100.72645482750886
dbsql,property_financials_joined,504.52701818028345
dbsql,property_financials_joined,1165.4191839425607
dbsql,property_financials_joined,559.636820342746
lakebase,investor_commitment_summary,81.85132248740956
dbsql,top10_properties_by_revenue,631.3948714299613
dbsql,pnl_rollup_multi_month,785.2186352356512
dbsql,fund_performance_arena,396.2566901457194
lakebase,property_financials_joined,61.30452115183971
dbsql,pnl_rollup_multi_month,1028.7473122465371
dbsql,investor_commitment_summary,325.69639092997704
lakebase,pnl_rollup_multi_month,129.86822575987844
lakebase,property_financials_joined,93.08752859693925
lakebase,property_financials_joined,79.0171376518174
lakebase,pnl_rollup_multi_month,101.17053631478257
dbsql,property_financials_joined,524.3470019430845
dbsql,fund_performance_arena,502.8320481718538
lakebase,pnl_rollup_multi_month,197.31645337094506
lakebase,pnl_rollup_multi_month,195.39170490645574
lakebase,property_financials_joined,76.28696153329884
dbsql,pnl_rollup_multi_month,867.5637690649864
dbsql,gl_monthly_by_arena_year,656.2995726243912
lakebase,pnl_rollup_multi_month,191.00527505668197
lakebase,pnl_rollup_multi_month,110.7067311818355
dbsql,gl_monthly_by_arena_year,1178.102757446993
lakebase,gl_monthly_by_arena_year,63.79999415742077
dbsql,fund_performance_arena,345.54694754933735
lakebase,top10_properties_by_revenue,68.92316059213499
lakebase,gl_monthly_by_arena_year,71.79577915337632
lakebase,top10_properties_by_revenue,129.0530960696401
lakebase,fund_performance_arena,64.98430350723083
lakebase,fund_performance_arena,73.22524654047413
dbsql,fund_performance_arena,496.37833570670864
lakebase,fund_performance_arena,114.77014773890915
dbsql,top10_properties_by_revenue,1273.8491596698793
lakebase,gl_monthly_by_arena_year,59.664750779916176
lakebase,pnl_rollup_multi_month,103.80331443167279
lakebase,investor_commitment_summary,84.04916307944177
lakebase,investor_commitment_summary,81.05606166847679
lakebase,property_financials_joined,79.48467514154345
lakebase,fund_performance_arena,64.79133240111423
lakebase,property_financials_joined,88.75878361260447
lakebase,gl_monthly_by_arena_year,64.51992062932277
dbsql,top10_properties_by_revenue,859.7568165157554
lakebase,property_financials_joined,77.2927300335482
lakebase,gl_monthly_by_arena_year,66.60160405709803
dbsql,property_financials_joined,957.7457719472022
lakebase,property_financials_joined,84.57767194136068
dbsql,fund_performance_arena,451.7492718545668
dbsql,investor_commitment_summary,320.48891484396336
lakebase,property_financials_joined,86.32685669965667
dbsql,property_financials_joined,870.8508667746173
lakebase,fund_performance_arena,47.535562497841966
lakebase,top10_properties_by_revenue,75.8801305534007
dbsql,top10_properties_by_revenue,604.3136294777582
lakebase,property_financials_joined,64.85163074501088
lakebase,investor_commitment_summary,79.38518248116111
dbsql,fund_performance_arena,463.09100872701947
lakebase,fund_performance_arena,57.207380719262346
dbsql,property_financials_joined,1549.861102860774
dbsql,pnl_rollup_multi_month,795.7153802063885
dbsql,fund_performance_arena,398.79307838236855
lakebase,gl_monthly_by_arena_year,94.88085012867487
lakebase,gl_monthly_by_arena_year,93.54262228498555
lakebase,property_financials_joined,101.43930209494556
dbsql,investor_commitment_summary,845.2039591925882
dbsql,top10_properties_by_revenue,1186.0276126714382
lakebase,fund_performance_arena,63.562208692758304
lakebase,fund_performance_arena,82.66092667264502
lakebase,gl_monthly_by_arena_year,65.93352371717742
dbsql,fund_performance_arena,507.59874457850174
dbsql,investor_commitment_summary,737.150625997856
dbsql,investor_commitment_summary,661.1238394765451
dbsql,pnl_rollup_multi_month,1564.525075292778
lakebase,top10_properties_by_revenue,84.51958155228567
dbsql,gl_monthly_by_arena_year,1007.0627621969948
lakebase,gl_monthly_by_arena_year,132.64428558592556
dbsql,investor_commitment_summary,324.1651286877527
lakebase,top10_properties_by_revenue,86.33799414809573
lakebase,investor_commitment_summary,64.78663868301737
lakebase,investor_commitment_summary,65.42900201003476
dbsql,gl_monthly_by_arena_year,721.956662454943
lakebase,gl_monthly_by_arena_year,67.76052300318725
dbsql,top10_properties_by_revenue,535.8405992779467
dbsql,gl_monthly_by_arena_year,556.5232540906209
lakebase,investor_commitment_summary,98.47477601363153
lakebase,top10_properties_by_revenue,84.34469807059486
dbsql,investor_commitment_summary,698.1151698281565
lakebase,top10_properties_by_revenue,64.22285686403484
lakebase,gl_monthly_by_arena_year,82.74903414090318
lakebase,pnl_rollup_multi_month,113.17930032333834
dbsql,fund_performance_arena,347.89477913341216
dbsql,top10_properties_by_revenue,1287.9703008581487
dbsql,worst_case_yoy_growth,657.8410931670646
dbsql,gl_monthly_by_arena_year,887.1571972850063
lakebase,pnl_rollup_multi_month,119.39147956195484
lakebase,top10_properties_by_revenue,62.83031083171409
dbsql,property_financials_joined,916.5622952639296
lakebase,top10_properties_by_revenue,60.707747462970474
dbsql,investor_commitment_summary,320.9051825867846
lakebase,gl_monthly_by_arena_year,78.45798164055395
dbsql,worst_case_yoy_growth,585.3213319240922
lakebase,fund_performance_arena,60.504795961037416
dbsql,fund_performance_arena,592.5937343747876
dbsql,investor_commitment_summary,864.356833169154
lakebase,gl_monthly_by_arena_year,63.022368025997366
lakebase,fund_performance_arena,59.28414765475054
dbsql,pnl_rollup_multi_month,914.3088125876488
lakebase,property_financials_joined,84.51766053349274
dbsql,property_financials_joined,505.14637959690845
dbsql,gl_monthly_by_arena_year,489.3937367551189
dbsql,property_financials_joined,924.7450238904662
lakebase,investor_commitment_summary,85.97418380406907
dbsql,investor_commitment_summary,657.9946357092297
lakebase,investor_commitment_summary,79.55341104269564
lakebase,property_financials_joined,242.94663585510534
lakebase,pnl_rollup_multi_month,112.50125326688476
dbsql,fund_performance_arena,384.6195574474507
lakebase,investor_commitment_summary,92.94136621457483
dbsql,top10_properties_by_revenue,851.3117360382694
dbsql,fund_performance_arena,751.644215214128
dbsql,worst_case_yoy_growth,618.7590837013772
dbsql,property_financials_joined,670.1636921376348
lakebase,property_financials_joined,93.09850628989125
lakebase,top10_properties_by_revenue,74.53441655292181
lakebase,property_financials_joined,86.46096602626585
dbsql,investor_commitment_summary,1014.3894806335823
lakebase,property_financials_joined,70.51614914485071
dbsql,gl_monthly_by_arena_year,902.2116111738683
lakebase,investor_commitment_summary,82.91009709455466
dbsql,fund_performance_arena,469.7853425280982
dbsql,gl_monthly_by_arena_year,1307.9204014884453
dbsql,pnl_rollup_multi_month,566.4988253787442
dbsql,top10_properties_by_revenue,887.6975411196781
dbsql,fund_performance_arena,475.1006228011079
lakebase,property_financials_joined,81.35473272943727
dbsql,pnl_rollup_multi_month,1042.6922767471751
dbsql,fund_performance_arena,362.5630928510759
dbsql,top10_properties_by_revenue,768.372991700744
lakebase,property_financials_joined,95.6177721220115
dbsql,fund_performance_arena,341.355932739134
lakebase,investor_commitment_summary,103.59556023081495
lakebase,investor_commitment_summary,81.44423780561283
lakebase,gl_monthly_by_arena_year,110.2074571645062
dbsql,top10_properties_by_revenue,900.5820995818112
lakebase,investor_commitment_summary,106.78750867759845
dbsql,fund_performance_arena,343.6652001823859
lakebase,property_financials_joined,82.20565368037569
lakebase,top10_properties_by_revenue,73.09315201160871
lakebase,top10_properties_by_revenue,70.87361716986607
dbsql,fund_performance_arena,548.4597922317107
dbsql,investor_commitment_summary,672.9849709517453
lakebase,property_financials_joined,91.60801540974717
lakebase,property_financials_joined,98.3782296250979
dbsql,pnl_rollup_multi_month,998.3595734575772
dbsql,investor_commitment_summary,1299.701601607012
lakebase,property_financials_joined,72.69659713068677
lakebase,gl_monthly_by_arena_year,79.11516078877412
lakebase,fund_performance_arena,72.20991350584427
lakebase,top10_properties_by_revenue,58.35558236333327
dbsql,fund_performance_arena,507.11716337195867
dbsql,pnl_rollup_multi_month,1044.174032869023
dbsql,property_financials_joined,895.773543969483
lakebase,investor_commitment_summary,80.5187134886296
lakebase,fund_performance_arena,83.87808785300876
dbsql,property_financials_joined,525.1136764270541
dbsql,pnl_rollup_multi_month,677.9907288036497
dbsql,property_financials_joined,932.8499048029357
dbsql,gl_monthly_by_arena_year,653.8651075772464
dbsql,top10_properties_by_revenue,473.0629483564144
dbsql,investor_commitment_summary,7350.377475424338
lakebase,pnl_rollup_multi_month,118.11324757672992
dbsql,worst_case_yoy_growth,578.5389254660913
dbsql,worst_case_yoy_growth,584.2858528211536
dbsql,gl_monthly_by_arena_year,592.9492277548576
lakebase,gl_monthly_by_arena_year,72.78762142374262
dbsql,gl_monthly_by_arena_year,556.4126107453262
lakebase,gl_monthly_by_arena_year,57.05388704825509
dbsql,pnl_rollup_multi_month,1359.1374425581648
lakebase,property_financials_joined,136.64909939635095
dbsql,investor_commitment_summary,299.0361152370724
lakebase,property_financials_joined,59.56384930959757
dbsql,gl_monthly_by_arena_year,446.5725542997916
lakebase,gl_monthly_by_arena_year,74.6037309659755
lakebase,investor_commitment_summary,92.61734410659983
lakebase,top10_properties_by_revenue,71.26126899640894
lakebase,property_financials_joined,69.9138137480304
dbsql,pnl_rollup_multi_month,997.2589258588869
dbsql,top10_properties_by_revenue,787.3214611123558
dbsql,investor_commitment_summary,945.6272853818746
dbsql,top10_properties_by_revenue,544.5227391346634
lakebase,investor_commitment_summary,96.45316628575529
lakebase,fund_performance_arena,72.7649091454623
dbsql,pnl_rollup_multi_month,626.4344656304388
dbsql,investor_commitment_summary,670.221185896196
lakebase,property_financials_joined,93.42202663560784
dbsql,gl_monthly_by_arena_year,566.9748532235417
dbsql,fund_performance_arena,770.8695601298956
dbsql,property_financials_joined,868.446251420778
dbsql,property_financials_joined,497.53598541838073
lakebase,fund_performance_arena,59.52621160201943
dbsql,investor_commitment_summary,633.0472955709183
dbsql,gl_monthly_by_arena_year,811.0193630811295
dbsql,fund_performance_arena,361.119649328316
dbsql,property_financials_joined,846.3754364746592
lakebase,gl_monthly_by_arena_year,77.48254870494975
lakebase,property_financials_joined,77.76373727227792
lakebase,gl_monthly_by_arena_year,79.1651618843332
lakebase,fund_performance_arena,77.37499918243884
dbsql,gl_monthly_by_arena_year,690.3229765370611
lakebase,property_financials_joined,98.8275437114794
lakebase,property_financials_joined,67.41525085251965
dbsql,worst_case_yoy_growth,677.4478667270785
dbsql,fund_performance_arena,434.6853913099551
lakebase,fund_performance_arena,54.96575598442632
dbsql,fund_performance_arena,469.910020082807
dbsql,property_financials_joined,623.7328042988111
dbsql,pnl_rollup_multi_month,909.1170140633267
lakebase,fund_performance_arena,82.40141632330733
lakebase,gl_monthly_by_arena_year,78.32724968199045
dbsql,investor_commitment_summary,1115.778728239036
dbsql,investor_commitment_summary,310.9014656904492
lakebase,investor_commitment_summary,74.91643664718595
lakebase,property_financials_joined,110.33521444272765
dbsql,top10_properties_by_revenue,894.8943877795728
lakebase,fund_performance_arena,58.76270707202025
lakebase,property_financials_joined,72.74913653390058
dbsql,top10_properties_by_revenue,911.8146138985139
dbsql,fund_performance_arena,338.8572660638829
lakebase,property_financials_joined,63.119539447995976
lakebase,gl_monthly_by_arena_year,61.76285878359522
lakebase,top10_properties_by_revenue,64.00606946226617
lakebase,gl_monthly_by_arena_year,67.53341671480939
lakebase,gl_monthly_by_arena_year,90.75699205953924
lakebase,top10_properties_by_revenue,123.82007513613758
dbsql,investor_commitment_summary,660.572444676859
dbsql,top10_properties_by_revenue,794.2851743320034
dbsql,property_financials_joined,537.9502802630896
lakebase,fund_performance_arena,68.0604104997542
dbsql,property_financials_joined,553.8452162594467
lakebase,gl_monthly_by_arena_year,101.91318480963218
lakebase,top10_properties_by_revenue,58.01538549462748
lakebase,top10_properties_by_revenue,68.51588878907933
dbsql,investor_commitment_summary,662.3130016193954
dbsql,gl_monthly_by_arena_year,520.7169447281217
lakebase,top10_properties_by_revenue,64.12560555065738
lakebase,top10_properties_by_revenue,407.14639137419795
dbsql,gl_monthly_by_arena_year,504.2506842280545
lakebase,gl_monthly_by_arena_year,105.73336899250307
dbsql,gl_monthly_by_arena_year,827.8856457695838
lakebase,gl_monthly_by_arena_year,60.683443591017294
lakebase,top10_properties_by_revenue,95.01319264853691
lakebase,pnl_rollup_multi_month,101.9131804717972
lakebase,fund_performance_arena,66.4479275268377
lakebase,investor_commitment_summary,102.30163516510515
dbsql,pnl_rollup_multi_month,560.7444328472866
lakebase,pnl_rollup_multi_month,134.79130947712292
lakebase,gl_monthly_by_arena_year,93.6896116335788
lakebase,pnl_rollup_multi_month,108.53687750582708
dbsql,gl_monthly_by_arena_year,499.0353197400168
dbsql,gl_monthly_by_arena_year,496.47685464162805
lakebase,pnl_rollup_multi_month,325.6137214452792
dbsql,property_financials_joined,2222.786874138137
dbsql,property_financials_joined,487.539844913897
dbsql,top10_properties_by_revenue,518.8765899702048
dbsql,gl_monthly_by_arena_year,485.92049560829764
dbsql,fund_performance_arena,548.1546521582459
dbsql,investor_commitment_summary,683.8794822014052
dbsql,gl_monthly_by_arena_year,810.2207517611646
lakebase,property_financials_joined,124.75706177679058
dbsql,property_financials_joined,951.2454732268907
lakebase,investor_commitment_summary,74.78951631173913
dbsql,gl_monthly_by_arena_year,655.6021061132924
dbsql,pnl_rollup_multi_month,550.0839752604634
lakebase,property_financials_joined,83.13821223225659
lakebase,property_financials_joined,99.90011575769131
dbsql,fund_performance_arena,521.9413348400508
dbsql,gl_monthly_by_arena_year,557.1531882172849
lakebase,pnl_rollup_multi_month,117.83268438854577
dbsql,fund_performance_arena,354.37289836522723
dbsql,fund_performance_arena,591.3794931046539
lakebase,top10_properties_by_revenue,91.505923916543
dbsql,fund_performance_arena,634.7600764034382
dbsql,fund_performance_arena,546.746489734204
dbsql,investor_commitment_summary,320.78230653246464
dbsql,fund_performance_arena,467.40151291999155
dbsql,gl_monthly_by_arena_year,487.78145300798315
lakebase,top10_properties_by_revenue,69.23375642213614
dbsql,gl_monthly_by_arena_year,468.4313967950402
dbsql,investor_commitment_summary,319.7239755133978
dbsql,pnl_rollup_multi_month,977.0642336799114
lakebase,fund_performance_arena,62.43431806649369
lakebase,property_financials_joined,58.0315353467995
lakebase,gl_monthly_by_arena_year,71.4675130848832
lakebase,pnl_rollup_multi_month,115.88721688917758
lakebase,top10_properties_by_revenue,66.76435156492744
lakebase,property_financials_joined,289.55870281390617
lakebase,property_financials_joined,82.53074642630054
dbsql,property_financials_joined,676.1476615294839
lakebase,fund_performance_arena,61.4297440135374
lakebase,investor_commitment_summary,98.09340496803998
dbsql,top10_properties_by_revenue,562.676970879977
lakebase,fund_performance_arena,78.76310472727255
lakebase,gl_monthly_by_arena_year,117.15457760402614
lakebase,top10_properties_by_revenue,61.101552980971974
dbsql,pnl_rollup_multi_month,511.35772625070786
dbsql,worst_case_yoy_growth,670.318812076971
dbsql,property_financials_joined,939.9415748592901
lakebase,investor_commitment_summary,89.8029293413174
lakebase,gl_monthly_by_arena_year,78.82147055090627
lakebase,investor_commitment_summary,81.43720675263921
lakebase,gl_monthly_by_arena_year,66.56613308871329
lakebase,pnl_rollup_multi_month,125.22364484823356
lakebase,gl_monthly_by_arena_year,102.8641356737694
lakebase,gl_monthly_by_arena_year,111.51531850134688
lakebase,pnl_rollup_multi_month,108.75879304273894
lakebase,gl_monthly_by_arena_year,92.69283530335315
dbsql,investor_commitment_summary,704.4863301538555
dbsql,investor_commitment_summary,650.8634945905101
lakebase,top10_properties_by_revenue,96.76414774020259
lakebase,pnl_rollup_multi_month,108.51900479377719
lakebase,investor_commitment_summary,91.04519018325163
dbsql,gl_monthly_by_arena_year,716.3296351800454
lakebase,investor_commitment_summary,101.81357162349514
dbsql,property_financials_joined,1619.7311463889719
dbsql,investor_commitment_summary,477.99653320043944
dbsql,pnl_rollup_multi_month,1103.3490911732713
lakebase,investor_commitment_summary,104.11606987521793
lakebase,investor_commitment_summary,76.92183225566396
lakebase,property_financials_joined,67.3300208065939
lakebase,gl_monthly_by_arena_year,76.40888307889782
dbsql,gl_monthly_by_arena_year,897.5455961907812
lakebase,pnl_rollup_multi_month,106.12540852355323
dbsql,investor_commitment_summary,807.1801934001428
lakebase,top10_properties_by_revenue,75.07434036847371
dbsql,top10_properties_by_revenue,623.6381426770095
lakebase,gl_monthly_by_arena_year,60.52683435839867
dbsql,top10_properties_by_revenue,868.0405560212989
lakebase,top10_properties_by_revenue,71.82013376086616
dbsql,pnl_rollup_multi_month,1017.8326288830135
lakebase,investor_commitment_summary,90.29600534069004
lakebase,property_financials_joined,67.63324213832789
dbsql,investor_commitment_summary,675.6164105626681
lakebase,property_financials_joined,109.42752741073036
dbsql,investor_commitment_summary,332.2923573454659
dbsql,fund_performance_arena,532.6344916533401
lakebase,gl_monthly_by_arena_year,65.75840445827907
lakebase,top10_properties_by_revenue,86.62752539567009
lakebase,property_financials_joined,92.97714008243929
dbsql,worst_case_yoy_growth,546.5637226385525
dbsql,top10_properties_by_revenue,853.1009150008231
dbsql,fund_performance_arena,459.87271695150866
dbsql,fund_performance_arena,494.47291059533427
lakebase,investor_commitment_summary,77.64537568709784
dbsql,gl_monthly_by_arena_year,823.9761829696448
dbsql,top10_properties_by_revenue,550.8028225144699
dbsql,fund_performance_arena,502.87350489219307
dbsql,property_financials_joined,911.5037539236823
dbsql,gl_monthly_by_arena_year,779.757458459926
dbsql,investor_commitment_summary,339.0130265757989
lakebase,property_financials_joined,68.6724345751486
dbsql,gl_monthly_by_arena_year,674.60450426438
lakebase,top10_properties_by_revenue,60.08042914285738
dbsql,pnl_rollup_multi_month,546.1693253761268
dbsql,property_financials_joined,560.7455050634371
lakebase,gl_monthly_by_arena_year,80.42839660060963
dbsql,pnl_rollup_multi_month,511.13808236021896
lakebase,top10_properties_by_revenue,96.6626005906619
dbsql,gl_monthly_by_arena_year,746.6526646725242
lakebase,gl_monthly_by_arena_year,66.40341292580842
dbsql,property_financials_joined,1084.00647929534
lakebase,investor_commitment_summary,80.36573782928258
dbsql,investor_commitment_summary,672.9097185425985
dbsql,gl_monthly_by_arena_year,475.36490709728696
lakebase,pnl_rollup_multi_month,101.3466888646235
lakebase,pnl_rollup_multi_month,104.89082685040785
lakebase,property_financials_joined,145.36696692570672
dbsql,investor_commitment_summary,308.86828661948584
dbsql,investor_commitment_summary,660.6113901245578
dbsql,pnl_rollup_multi_month,935.5718199993817
dbsql,top10_properties_by_revenue,847.3024967183278
dbsql,pnl_rollup_multi_month,1020.4562575618183
dbsql,property_financials_joined,617.09892166391
lakebase,fund_performance_arena,81.52718992681685
dbsql,top10_properties_by_revenue,568.3684331560244
dbsql,investor_commitment_summary,722.7996815190636
lakebase,investor_commitment_summary,87.82109961600781
lakebase,fund_performance_arena,63.73493176857892
lakebase,gl_monthly_by_arena_year,65.88205370701417
lakebase,investor_commitment_summary,80.35529971374444
lakebase,gl_monthly_by_arena_year,87.0401118182258
lakebase,pnl_rollup_multi_month,108.45464207289979
dbsql,gl_monthly_by_arena_year,827.3872429851679
dbsql,investor_commitment_summary,979.5386241558361
dbsql,gl_monthly_by_arena_year,871.9857940705396
lakebase,investor_commitment_summary,108.37043126849721
dbsql,fund_performance_arena,515.6054611731236
lakebase,fund_performance_arena,64.14483675490601
lakebase,property_financials_joined,80.49392481802897
lakebase,gl_monthly_by_arena_year,58.875116364333735
dbsql,gl_monthly_by_arena_year,494.23812888596785
lakebase,investor_commitment_summary,80.04292784107747
dbsql,gl_monthly_by_arena_year,515.0343415905354
lakebase,investor_commitment_summary,77.24875249869001
dbsql,pnl_rollup_multi_month,956.3407118097871
dbsql,worst_case_yoy_growth,675.0245173811891
lakebase,pnl_rollup_multi_month,96.82328764341719
lakebase,gl_monthly_by_arena_year,83.483764335881
dbsql,top10_properties_by_revenue,517.8778660465468
lakebase,gl_monthly_by_arena_year,103.10885911385981
dbsql,top10_properties_by_revenue,816.4002435721613
dbsql,fund_performance_arena,656.9518765173825
lakebase,pnl_rollup_multi_month,108.44357708106145
dbsql,gl_monthly_by_arena_year,1032.9047429497678
dbsql,fund_performance_arena,334.36868701051026
lakebase,investor_commitment_summary,87.38203981897641
lakebase,fund_performance_arena,55.01886308388748
lakebase,property_financials_joined,214.8159766023241
lakebase,fund_performance_arena,65.52524067313925
lakebase,gl_monthly_by_arena_year,96.72331022787262
lakebase,investor_commitment_summary,94.31579461465844
lakebase,investor_commitment_summary,78.73157184221213
dbsql,investor_commitment_summary,618.0706557457825
dbsql,fund_performance_arena,583.9353602966071
lakebase,investor_commitment_summary,75.08121395164835
lakebase,gl_monthly_by_arena_year,81.28969446931933
lakebase,gl_monthly_by_arena_year,61.87733190199651
dbsql,top10_properties_by_revenue,791.818681222594
lakebase,pnl_rollup_multi_month,111.8901568382853
lakebase,top10_properties_by_revenue,55.734113461255674
dbsql,property_financials_joined,920.2482007426056
lakebase,gl_monthly_by_arena_year,67.19421771543921
dbsql,top10_properties_by_revenue,2377.4352234738244
dbsql,investor_commitment_summary,342.72927256000685
lakebase,property_financials_joined,83.46020777037211
lakebase,property_financials_joined,74.55834590734867
dbsql,gl_monthly_by_arena_year,623.6034185992594
lakebase,gl_monthly_by_arena_year,68.23253458230738
lakebase,top10_properties_by_revenue,90.06085106727824
lakebase,pnl_rollup_multi_month,113.25182472154438
lakebase,fund_performance_arena,57.37793522763468
dbsql,property_financials_joined,564.8199451858886
lakebase,property_financials_joined,92.35452968744085
lakebase,investor_commitment_summary,79.74334733461319
lakebase,investor_commitment_summary,94.0850000009732
lakebase,property_financials_joined,74.90654250125317
dbsql,investor_commitment_summary,660.7324532698158
lakebase,property_financials_joined,73.27222555619528
lakebase,property_financials_joined,86.80096050520092
lakebase,gl_monthly_by_arena_year,61.85718094062054
lakebase,pnl_rollup_multi_month,110.64816177156445
lakebase,pnl_rollup_multi_month,119.03856351648301
dbsql,gl_monthly_by_arena_year,777.5982516499198
dbsql,property_financials_joined,868.6742804392225
dbsql,gl_monthly_by_arena_year,533.3921399130759
lakebase,property_financials_joined,76.25816410836705
lakebase,gl_monthly_by_arena_year,61.952132454734965
dbsql,property_financials_joined,1228.135935117109
dbsql,worst_case_yoy_growth,597.9903511854445
lakebase,property_financials_joined,72.7049201973955
dbsql,gl_monthly_by_arena_year,630.8752938582529
dbsql,top10_properties_by_revenue,798.8398498875995
dbsql,worst_case_yoy_growth,65480.2114429414
dbsql,worst_case_yoy_growth,610.1990995792903
dbsql,investor_commitment_summary,3558.4953302931126
lakebase,gl_monthly_by_arena_year,66.34130016561812
lakebase,pnl_rollup_multi_month,91.92842688895553
dbsql,property_financials_joined,556.8386313400424
dbsql,fund_performance_arena,454.1072447225929
lakebase,property_financials_joined,91.1614482476466
dbsql,investor_commitment_summary,743.4443006899869
dbsql,property_financials_joined,1288.9350985275883
dbsql,property_financials_joined,861.0575534797249
dbsql,investor_commitment_summary,650.29143077345
lakebase,gl_monthly_by_arena_year,62.349999307912185
lakebase,property_financials_joined,83.61305493514237
lakebase,property_financials_joined,93.76657452389736
dbsql,pnl_rollup_multi_month,2317.0292942433975
dbsql,investor_commitment_summary,426.68397579802786
dbsql,property_financials_joined,550.3016416955688
lakebase,investor_commitment_summary,80.46965959269414
lakebase,investor_commitment_summary,118.72096207991945
dbsql,pnl_rollup_multi_month,560.1733454946043
dbsql,gl_monthly_by_arena_year,756.2769608333042
dbsql,fund_performance_arena,499.64031790830177
dbsql,property_financials_joined,775.8339297977841
lakebase,top10_properties_by_revenue,306.70844609417713
lakebase,property_financials_joined,90.13446211577048
dbsql,investor_commitment_summary,1040.7773015679568
dbsql,pnl_rollup_multi_month,3798.7593517272417
dbsql,pnl_rollup_multi_month,1045.4749956043088
dbsql,investor_commitment_summary,333.2370927521424
dbsql,gl_monthly_by_arena_year,652.5284714884947
lakebase,gl_monthly_by_arena_year,67.5328211718238
lakebase,investor_commitment_summary,82.9280859455821
lakebase,fund_performance_arena,65.84796825620742
dbsql,top10_properties_by_revenue,1157.7634747083607
dbsql,fund_performance_arena,918.1283876264104
dbsql,investor_commitment_summary,299.6238947686152
lakebase,top10_properties_by_revenue,96.85517890227402
lakebase,property_financials_joined,72.5685658581483
dbsql,gl_monthly_by_arena_year,688.4575001245707
lakebase,property_financials_joined,71.31484362346896
dbsql,investor_commitment_summary,334.2050906478562
dbsql,gl_monthly_by_arena_year,472.17573492878273
dbsql,pnl_rollup_multi_month,943.6321009473545
lakebase,fund_performance_arena,66.67523823961119
dbsql,gl_monthly_by_arena_year,461.3864035879942
dbsql,property_financials_joined,1057.5093794786312
lakebase,gl_monthly_by_arena_year,72.783647506526
lakebase,top10_properties_by_revenue,63.92933995932992
dbsql,property_financials_joined,592.8953035256654
dbsql,top10_properties_by_revenue,833.2737028402448
dbsql,gl_monthly_by_arena_year,707.4903987154357
dbsql,property_financials_joined,852.1907638747734
dbsql,gl_monthly_by_arena_year,523.9845846663229
dbsql,top10_properties_by_revenue,788.7605127849611
dbsql,property_financials_joined,853.1657465264288
dbsql,fund_performance_arena,501.4043217869357
lakebase,investor_commitment_summary,81.71144066210445
dbsql,pnl_rollup_multi_month,2924.1838360006514
lakebase,pnl_rollup_multi_month,207.37974176216767
dbsql,property_financials_joined,1035.2475261486518
dbsql,worst_case_yoy_growth,551.8973366032469
dbsql,property_financials_joined,870.5859875765896
dbsql,gl_monthly_by_arena_year,542.8723785415741
lakebase,property_financials_joined,64.4307151011958
dbsql,gl_monthly_by_arena_year,758.3293478605242
lakebase,top10_properties_by_revenue,159.68512321467188
dbsql,pnl_rollup_multi_month,687.0503540118307
lakebase,investor_commitment_summary,98.9002149971725
lakebase,top10_properties_by_revenue,58.48563394579287
dbsql,top10_properties_by_revenue,2003.1682464094301
dbsql,pnl_rollup_multi_month,1608.9703081932498
dbsql,pnl_rollup_multi_month,5805.292202096623
dbsql,fund_performance_arena,657.7691105804035
dbsql,top10_properties_by_revenue,541.9335299398256
dbsql,pnl_rollup_multi_month,608.8456095361607
dbsql,property_financials_joined,599.338825713744
dbsql,fund_performance_arena,612.262810797489
dbsql,top10_properties_by_revenue,779.720304194484
dbsql,worst_case_yoy_growth,561.046961793636
lakebase,property_financials_joined,80.22889030299041
dbsql,property_financials_joined,944.4119338010921
lakebase,fund_performance_arena,67.0747960590461
dbsql,worst_case_yoy_growth,722.5199392101729
lakebase,fund_performance_arena,84.27204322038051
dbsql,investor_commitment_summary,1123.460809528325
lakebase,pnl_rollup_multi_month,121.9497506910443
lakebase,fund_performance_arena,67.86456037710309
dbsql,top10_properties_by_revenue,769.2932918132556
dbsql,property_financials_joined,568.2852764078916
lakebase,property_financials_joined,106.09352536761207
lakebase,fund_performance_arena,64.96788851825386
dbsql,fund_performance_arena,494.8340362028034
dbsql,fund_performance_arena,501.88487283026006
lakebase,property_financials_joined,131.74911153214452
dbsql,property_financials_joined,469.89750147270115
lakebase,pnl_rollup_multi_month,99.2618285497997
dbsql,property_financials_joined,559.8624442837945
lakebase,investor_commitment_summary,83.21323178546436
dbsql,gl_monthly_by_arena_year,514.4961031334105
dbsql,property_financials_joined,1006.4821815161622
dbsql,gl_monthly_by_arena_year,623.5554282333453
dbsql,top10_properties_by_revenue,489.9651849955262
lakebase,top10_properties_by_revenue,96.53441844125155
dbsql,top10_properties_by_revenue,938.3194021981467
dbsql,investor_commitment_summary,309.8733685285424
dbsql,property_financials_joined,849.8662372314243
dbsql,property_financials_joined,1968.6184064672432
lakebase,property_financials_joined,68.40771656584366
dbsql,investor_commitment_summary,644.1875806206099
lakebase,pnl_rollup_multi_month,160.61042221701882
dbsql,investor_commitment_summary,324.19406848435983
lakebase,fund_performance_arena,96.34825637635913
lakebase,gl_monthly_by_arena_year,77.43230981554916
lakebase,investor_commitment_summary,93.87200335885382
lakebase,gl_monthly_by_arena_year,63.99595925313406
dbsql,property_financials_joined,694.9838050181256
lakebase,gl_monthly_by_arena_year,67.26604691667148
dbsql,worst_case_yoy_growth,622.608581012571
dbsql,pnl_rollup_multi_month,946.5680750419949
lakebase,pnl_rollup_multi_month,158.0853586442572
lakebase,gl_monthly_by_arena_year,83.63454799518877
lakebase,investor_commitment_summary,89.50087059412226
dbsql,top10_properties_by_revenue,1160.2475653088788
lakebase,investor_commitment_summary,87.72983914042243
lakebase,fund_performance_arena,74.11361077174661
lakebase,top10_properties_by_revenue,56.74687253417687
dbsql,gl_monthly_by_arena_year,930.4388854316414
lakebase,gl_monthly_by_arena_year,107.75670618581046
dbsql,gl_monthly_by_arena_year,729.7241042253404
dbsql,property_financials_joined,579.8153155529349
dbsql,top10_properties_by_revenue,845.73575278813
lakebase,investor_commitment_summary,78.46705091526474
dbsql,property_financials_joined,531.0657855652039
lakebase,gl_monthly_by_arena_year,57.52313019570465
lakebase,gl_monthly_by_arena_year,82.2688330991923
dbsql,gl_monthly_by_arena_year,672.2705152316735
dbsql,pnl_rollup_multi_month,887.1008235913109
lakebase,gl_monthly_by_arena_year,63.86093997576836
dbsql,gl_monthly_by_arena_year,684.0209268955277
lakebase,investor_commitment_summary,78.6678910060914
lakebase,pnl_rollup_multi_month,101.02434230873314
dbsql,fund_performance_arena,813.0258708532949
dbsql,investor_commitment_summary,437.39549302836167
dbsql,gl_monthly_by_arena_year,692.7597961915808
dbsql,gl_monthly_by_arena_year,584.8194607997357
lakebase,property_financials_joined,98.97093314373251
lakebase,investor_commitment_summary,77.96203695488657
lakebase,investor_commitment_summary,80.39572730345412
lakebase,gl_monthly_by_arena_year,76.16990595931838
dbsql,investor_commitment_summary,615.9435668851074
lakebase,property_financials_joined,68.074234780795
lakebase,top10_properties_by_revenue,97.0640647519474
dbsql,gl_monthly_by_arena_year,827.3608506931964
dbsql,investor_commitment_summary,631.2210577056021
lakebase,gl_monthly_by_arena_year,66.48772617950272
dbsql,top10_properties_by_revenue,903.4823925201181
lakebase,gl_monthly_by_arena_year,68.05664833433411
dbsql,investor_commitment_summary,625.585496999463
dbsql,gl_monthly_by_arena_year,490.5726275814004
dbsql,investor_commitment_summary,937.0488331036313
lakebase,pnl_rollup_multi_month,134.2134451680863
dbsql,property_financials_joined,837.6285255769744
dbsql,property_financials_joined,555.8998328311873
dbsql,investor_commitment_summary,704.2307776762016
lakebase,pnl_rollup_multi_month,106.63310192502706
dbsql,fund_performance_arena,571.62351869178
dbsql,investor_commitment_summary,814.8874699359965
dbsql,worst_case_yoy_growth,794.2994387116471
dbsql,property_financials_joined,538.5362612503855
dbsql,fund_performance_arena,355.1601863744054
lakebase,investor_commitment_summary,89.58785639694611
lakebase,property_financials_joined,72.03852675854705
dbsql,investor_commitment_summary,352.3030660310269
lakebase,gl_monthly_by_arena_year,67.76873517284798
lakebase,investor_commitment_summary,72.03426744035824
dbsql,top10_properties_by_revenue,874.5453137236154
dbsql,top10_properties_by_revenue,1276.6346310832546
dbsql,property_financials_joined,581.4484541328966
dbsql,investor_commitment_summary,627.044231511718
dbsql,fund_performance_arena,595.122297223952
lakebase,gl_monthly_by_arena_year,56.454829828339825
dbsql,investor_commitment_summary,721.9150253859539
dbsql,worst_case_yoy_growth,569.7386194154888
dbsql,fund_performance_arena,453.059438664809
lakebase,gl_monthly_by_arena_year,66.02319254119493
lakebase,investor_commitment_summary,87.00470146163752
dbsql,property_financials_joined,2797.9012997286363
dbsql,top10_properties_by_revenue,2243.5256562744426
dbsql,gl_monthly_by_arena_year,503.255806354332
lakebase,fund_performance_arena,60.90663305349153
lakebase,investor_commitment_summary,81.80075584229485
dbsql,gl_monthly_by_arena_year,521.229632190682
lakebase,property_financials_joined,85.05022813255891
dbsql,top10_properties_by_revenue,754.7795590573969
lakebase,investor_commitment_summary,70.38420319901206
dbsql,fund_performance_arena,402.16917314194234
lakebase,gl_monthly_by_arena_year,68.769978541809
dbsql,property_financials_joined,1317.6199133425541
lakebase,fund_performance_arena,60.22093538877016
lakebase,property_financials_joined,101.02846796976905
lakebase,top10_properties_by_revenue,91.86153182963608
dbsql,property_financials_joined,579.8935588422864
dbsql,pnl_rollup_multi_month,1329.5692831916028
dbsql,investor_commitment_summary,925.5481806515604
lakebase,investor_commitment_summary,77.42612961584427
dbsql,gl_monthly_by_arena_year,499.23024687927864
lakebase,investor_commitment_summary,77.12472311796148
dbsql,investor_commitment_summary,665.490830458964
dbsql,gl_monthly_by_arena_year,662.7432113004943
dbsql,investor_commitment_summary,360.7066816741735
dbsql,top10_properties_by_revenue,788.8994147306789
dbsql,top10_properties_by_revenue,917.8149730436758
dbsql,property_financials_joined,1342.4816941462439
lakebase,property_financials_joined,64.75517361459993
dbsql,property_financials_joined,940.3396800812516
lakebase,property_financials_joined,75.40667180808214
dbsql,investor_commitment_summary,1487.5069412235575
lakebase,investor_commitment_summary,77.9261393544175
dbsql,fund_performance_arena,704.664392890237
dbsql,worst_case_yoy_growth,672.9697970962434
lakebase,property_financials_joined,88.07774193940077
lakebase,pnl_rollup_multi_month,179.42362287499236
lakebase,property_financials_joined,94.80734022940851
dbsql,property_financials_joined,935.1366828811933
lakebase,gl_monthly_by_arena_year,64.47605214566465
lakebase,pnl_rollup_multi_month,143.9208420979412
dbsql,investor_commitment_summary,719.2704532102425
lakebase,fund_performance_arena,63.52727141401715
lakebase,top10_properties_by_revenue,76.01691623733586
lakebase,pnl_rollup_multi_month,118.23074305027603
dbsql,pnl_rollup_multi_month,520.5816497350497
lakebase,property_financials_joined,90.17058581443393
dbsql,investor_commitment_summary,317.164370972705
dbsql,property_financials_joined,924.6346690353562
dbsql,fund_performance_arena,570.0884826208039
dbsql,investor_commitment_summary,657.3702693514178
lakebase,property_financials_joined,84.05854213958719
lakebase,investor_commitment_summary,105.41643910858056
lakebase,property_financials_joined,87.62890896559838
dbsql,gl_monthly_by_arena_year,721.8697289197848
lakebase,fund_performance_arena,80.68867099257204
lakebase,pnl_rollup_multi_month,139.4340056803003
dbsql,investor_commitment_summary,1015.5714810534278
dbsql,top10_properties_by_revenue,546.8410902508367
dbsql,pnl_rollup_multi_month,933.2430122258302
dbsql,gl_monthly_by_arena_year,687.1768307941011
dbsql,gl_monthly_by_arena_year,2463.8313475338123
lakebase,fund_performance_arena,99.60723075491273
dbsql,gl_monthly_by_arena_year,890.2852874778375
lakebase,investor_commitment_summary,93.32404054748622
dbsql,property_financials_joined,1794.418646172744
lakebase,property_financials_joined,80.37777151957926
lakebase,property_financials_joined,83.6883659429759
lakebase,top10_properties_by_revenue,70.08641999777865
dbsql,gl_monthly_by_arena_year,484.9946453571192
dbsql,gl_monthly_by_arena_year,908.3536394539635
lakebase,top10_properties_by_revenue,84.45721504290304
lakebase,investor_commitment_summary,79.04198497203652
dbsql,investor_commitment_summary,353.8280732056478
lakebase,investor_commitment_summary,80.0068503398279
lakebase,investor_commitment_summary,84.73851840949465
dbsql,property_financials_joined,641.5094197101325
lakebase,property_financials_joined,71.72643145020174
lakebase,investor_commitment_summary,102.63137208829676
lakebase,gl_monthly_by_arena_year,73.90073693832733
dbsql,fund_performance_arena,523.3382248682972
lakebase,gl_monthly_by_arena_year,67.02284834346983
dbsql,pnl_rollup_multi_month,1009.0166112032364
lakebase,top10_properties_by_revenue,82.26804336885607
lakebase,top10_properties_by_revenue,86.64051762025338
dbsql,property_financials_joined,547.903025403798
dbsql,pnl_rollup_multi_month,596.5267942726769
dbsql,worst_case_yoy_growth,626.7046899148738
dbsql,worst_case_yoy_growth,614.3635387975905
dbsql,investor_commitment_summary,694.3396778973465
dbsql,investor_commitment_summary,298.893836400282
lakebase,fund_performance_arena,80.5018642208779
dbsql,investor_commitment_summary,309.7972876657309
dbsql,gl_monthly_by_arena_year,597.3442002438105
dbsql,pnl_rollup_multi_month,1587.3274076825226
dbsql,gl_monthly_by_arena_year,647.1649669079227
lakebase,investor_commitment_summary,94.17636318383416
lakebase,top10_properties_by_revenue,78.94743749830013
lakebase,gl_monthly_by_arena_year,68.79253319334566
dbsql,fund_performance_arena,537.982999698329
dbsql,top10_properties_by_revenue,798.446570136548
lakebase,property_financials_joined,78.1692467056132
lakebase,property_financials_joined,84.95849765461116
lakebase,gl_monthly_by_arena_year,63.00167753022379
lakebase,fund_performance_arena,75.15503677652191
dbsql,investor_commitment_summary,757.5564071016743
dbsql,investor_commitment_summary,712.477452360929
lakebase,investor_commitment_summary,80.09705977212889
dbsql,fund_performance_arena,568.828647896936
dbsql,fund_performance_arena,422.333578939174
dbsql,investor_commitment_summary,318.51096822191494
dbsql,gl_monthly_by_arena_year,839.6327440006246
dbsql,fund_performance_arena,537.0087197848648
lakebase,investor_commitment_summary,74.1945893284992
dbsql,gl_monthly_by_arena_year,666.2667171834755
dbsql,pnl_rollup_multi_month,998.4897572583407
dbsql,gl_monthly_by_arena_year,527.4497778338514
dbsql,gl_monthly_by_arena_year,533.6613815886722
dbsql,investor_commitment_summary,300.00381211482363
lakebase,fund_performance_arena,69.2504984150446
lakebase,investor_commitment_summary,88.84962554424192
dbsql,pnl_rollup_multi_month,1051.7674495354754
lakebase,gl_monthly_by_arena_year,67.82648816903247
lakebase,investor_commitment_summary,73.57427439876574
dbsql,property_financials_joined,801.3956650700038
lakebase,gl_monthly_by_arena_year,95.10525079087984
dbsql,investor_commitment_summary,721.170399755124
lakebase,fund_performance_arena,106.81959596888646
lakebase,top10_properties_by_revenue,92.3066559577137
lakebase,investor_commitment_summary,93.95951876399522
lakebase,gl_monthly_by_arena_year,66.4682987610945
dbsql,gl_monthly_by_arena_year,783.9048574986975
lakebase,property_financials_joined,92.8918119982427
lakebase,top10_properties_by_revenue,110.63451229449583
lakebase,property_financials_joined,58.40330813816763
dbsql,property_financials_joined,488.10451817757894
lakebase,gl_monthly_by_arena_year,76.39935573467938
dbsql,property_financials_joined,698.3193818622624
dbsql,fund_performance_arena,1007.2810907356597
dbsql,property_financials_joined,936.8151097108353
lakebase,fund_performance_arena,67.59278101230848
dbsql,pnl_rollup_multi_month,1100.5316179508782
lakebase,pnl_rollup_multi_month,130.1741838083217
lakebase,pnl_rollup_multi_month,166.97183962605777
dbsql,gl_monthly_by_arena_year,562.2108166725184
dbsql,property_financials_joined,923.1011919534069
lakebase,top10_properties_by_revenue,75.38798990481155
lakebase,gl_monthly_by_arena_year,60.80252222329818
dbsql,worst_case_yoy_growth,69654.72411230174
dbsql,top10_properties_by_revenue,860.6486590598479
lakebase,top10_properties_by_revenue,72.95551685524515
dbsql,property_financials_joined,504.7361884478505
dbsql,property_financials_joined,888.5671511418423
dbsql,property_financials_joined,994.2419526799426
dbsql,worst_case_yoy_growth,656.401282766609
lakebase,top10_properties_by_revenue,74.38821661202155
dbsql,top10_properties_by_revenue,618.3343456935404
dbsql,pnl_rollup_multi_month,907.9525622940992
lakebase,gl_monthly_by_arena_year,71.26477506079709
lakebase,pnl_rollup_multi_month,133.46126222052135
lakebase,top10_properties_by_revenue,65.24793441690235
dbsql,investor_commitment_summary,382.64849298434456
dbsql,investor_commitment_summary,655.1492051024752
lakebase,investor_commitment_summary,79.70898212226984
dbsql,worst_case_yoy_growth,786.1951679534513
lakebase,top10_properties_by_revenue,74.6416665440961
dbsql,pnl_rollup_multi_month,897.8849194669465
lakebase,investor_commitment_summary,109.71555812406564
lakebase,top10_properties_by_revenue,84.28010453496881
dbsql,worst_case_yoy_growth,596.4943776188534
lakebase,gl_monthly_by_arena_year,67.48444730465053
dbsql,investor_commitment_summary,618.0953970239784
dbsql,top10_properties_by_revenue,2814.596858001636
dbsql,worst_case_yoy_growth,84334.92861225891
lakebase,investor_commitment_summary,79.0793409492494
dbsql,gl_monthly_by_arena_year,718.30691529982
dbsql,gl_monthly_by_arena_year,764.4538809247479
lakebase,top10_properties_by_revenue,58.03745669709315
lakebase,pnl_rollup_multi_month,131.81270408165346
dbsql,property_financials_joined,1199.2135873197185
lakebase,top10_properties_by_revenue,97.1865514019612
lakebase,fund_performance_arena,65.65896749077638
lakebase,gl_monthly_by_arena_year,63.652813006541464
dbsql,pnl_rollup_multi_month,964.525416338688
lakebase,investor_commitment_summary,95.80105207538736
dbsql,pnl_rollup_multi_month,1027.0931119917464
dbsql,fund_performance_arena,557.4234599180841
dbsql,pnl_rollup_multi_month,532.2182251208005
dbsql,gl_monthly_by_arena_year,739.7680673186642
lakebase,top10_properties_by_revenue,93.09205185809333
lakebase,gl_monthly_by_arena_year,131.23141785843018
lakebase,fund_performance_arena,69.63677439429716
lakebase,fund_performance_arena,310.0542778754516
dbsql,property_financials_joined,898.1944962315538
dbsql,top10_properties_by_revenue,2265.3167169246444
dbsql,gl_monthly_by_arena_year,643.6839113915767
lakebase,gl_monthly_by_arena_year,66.32104199468358
lakebase,top10_properties_by_revenue,80.15502105723726
dbsql,gl_monthly_by_arena_year,653.2711708984493
lakebase,top10_properties_by_revenue,64.61217099382566
dbsql,gl_monthly_by_arena_year,730.9902983718075
dbsql,top10_properties_by_revenue,530.4755765729396
lakebase,fund_performance_arena,57.36532896975177
dbsql,worst_case_yoy_growth,608.6003667784325
lakebase,top10_properties_by_revenue,79.40343506609793
lakebase,top10_properties_by_revenue,77.63460152344237
lakebase,property_financials_joined,95.3697386827912
lakebase,property_financials_joined,60.30876895175652
dbsql,gl_monthly_by_arena_year,458.89316174839223
lakebase,pnl_rollup_multi_month,112.85159547455237
dbsql,investor_commitment_summary,326.0970190012813
lakebase,property_financials_joined,56.54249516157961
dbsql,top10_properties_by_revenue,570.3878661428234
dbsql,investor_commitment_summary,966.0258669115507
lakebase,pnl_rollup_multi_month,445.5551149907251
lakebase,pnl_rollup_multi_month,216.01100610041613
dbsql,property_financials_joined,932.4453131702342
lakebase,top10_properties_by_revenue,122.13682043314122
dbsql,pnl_rollup_multi_month,552.7236545952974
lakebase,top10_properties_by_revenue,65.33181949157552
lakebase,property_financials_joined,71.33288852392639
dbsql,property_financials_joined,914.2044774286546
dbsql,property_financials_joined,502.11671825070425
lakebase,investor_commitment_summary,85.39705533156905
dbsql,top10_properties_by_revenue,1544.7691068696656
lakebase,gl_monthly_by_arena_year,71.39494193154405
lakebase,investor_commitment_summary,88.0032470046217
lakebase,gl_monthly_by_arena_year,70.8567428964102
lakebase,property_financials_joined,69.94022246038867
lakebase,property_financials_joined,89.10727902122062
lakebase,top10_properties_by_revenue,64.70361036548411
dbsql,property_financials_joined,514.5966441056089
lakebase,gl_monthly_by_arena_year,74.32075563900753
dbsql,property_financials_joined,746.7422581732421
lakebase,investor_commitment_summary,84.48624720341513
lakebase,pnl_rollup_multi_month,106.62163775617728
dbsql,property_financials_joined,967.9966632173773
lakebase,top10_properties_by_revenue,83.11254980640115
lakebase,property_financials_joined,75.6042610613008
lakebase,fund_performance_arena,63.76310977708499
dbsql,gl_monthly_by_arena_year,490.5888963644429
dbsql,property_financials_joined,854.0960513565778
dbsql,fund_performance_arena,497.1424978723462
lakebase,top10_properties_by_revenue,83.07059835519226
dbsql,investor_commitment_summary,294.83764455505934
lakebase,gl_monthly_by_arena_year,61.17801663890532
lakebase,property_financials_joined,108.76507051665385
lakebase,top10_properties_by_revenue,109.05723740592066
lakebase,investor_commitment_summary,95.4704008836984
dbsql,top10_properties_by_revenue,806.3073309444917
lakebase,gl_monthly_by_arena_year,60.844138165521144
dbsql,pnl_rollup_multi_month,554.6607581933358
lakebase,top10_properties_by_revenue,75.93900230605755
lakebase,top10_properties_by_revenue,78.60090601357683
dbsql,gl_monthly_by_arena_year,786.1645199396605
dbsql,top10_properties_by_revenue,1078.8654770524033
lakebase,gl_monthly_by_arena_year,70.42836806328978
dbsql,gl_monthly_by_arena_year,466.0803160539899
lakebase,investor_commitment_summary,81.87666972790453
lakebase,investor_commitment_summary,75.84301875840538
dbsql,investor_commitment_summary,660.5892322966724
dbsql,top10_properties_by_revenue,1319.1794594441717
lakebase,pnl_rollup_multi_month,100.81083542252145
lakebase,property_financials_joined,61.15456122813612
lakebase,gl_monthly_by_arena_year,69.22704683125858
dbsql,pnl_rollup_multi_month,915.0624275421251
lakebase,investor_commitment_summary,72.89891361153877
dbsql,gl_monthly_by_arena_year,566.6261570663664
lakebase,gl_monthly_by_arena_year,72.28774672091731
lakebase,fund_performance_arena,53.316360045442934
dbsql,gl_monthly_by_arena_year,565.6427431923703
dbsql,gl_monthly_by_arena_year,745.0384263269427
dbsql,property_financials_joined,842.6649104986836
dbsql,investor_commitment_summary,380.6924650343717
dbsql,investor_commitment_summary,910.1611360761694
lakebase,property_financials_joined,81.42590037323316
lakebase,property_financials_joined,94.46754177758976
dbsql,fund_performance_arena,329.1731383641263
dbsql,gl_monthly_by_arena_year,464.9047334643228
dbsql,fund_performance_arena,606.8746100715003
lakebase,investor_commitment_summary,89.48107997446186
dbsql,fund_performance_arena,493.37114414794314
dbsql,worst_case_yoy_growth,752.3735698202074
dbsql,fund_performance_arena,503.7110216923679
dbsql,investor_commitment_summary,658.1461105123481
dbsql,top10_properties_by_revenue,799.1386872533894
dbsql,fund_performance_arena,388.96641616469196
dbsql,gl_monthly_by_arena_year,457.4018624649625
dbsql,property_financials_joined,602.7673558173348
lakebase,top10_properties_by_revenue,71.87545101669457
dbsql,pnl_rollup_multi_month,1197.7489401087666
dbsql,pnl_rollup_multi_month,965.7564978674031
dbsql,top10_properties_by_revenue,1863.2426964869496
lakebase,property_financials_joined,97.78600900369838
dbsql,gl_monthly_by_arena_year,556.9229595565162
dbsql,property_financials_joined,1209.752639190981
dbsql,pnl_rollup_multi_month,883.0225185261042
lakebase,top10_properties_by_revenue,84.05593848280546
dbsql,pnl_rollup_multi_month,535.0734717678733
dbsql,property_financials_joined,589.9461274739224
lakebase,pnl_rollup_multi_month,107.82193240152083
lakebase,fund_performance_arena,70.62199606633612
lakebase,investor_commitment_summary,84.16981876564478
lakebase,property_financials_joined,90.07631633392066
dbsql,gl_monthly_by_arena_year,1013.0683630238195
lakebase,pnl_rollup_multi_month,119.06501564376981
dbsql,investor_commitment_summary,614.9249520278772
lakebase,fund_performance_arena,53.58925730917008
dbsql,property_financials_joined,853.9669142382422
dbsql,gl_monthly_by_arena_year,777.4873844725221
dbsql,property_financials_joined,518.824511236744
lakebase,property_financials_joined,89.2172607171915
lakebase,pnl_rollup_multi_month,215.35491082620695
lakebase,gl_monthly_by_arena_year,67.90086979492571
lakebase,gl_monthly_by_arena_year,65.19143540049299
lakebase,top10_properties_by_revenue,85.70113591738959
dbsql,investor_commitment_summary,308.704995015205
dbsql,fund_performance_arena,461.10749347610636
dbsql,gl_monthly_by_arena_year,583.7130879616552
dbsql,investor_commitment_summary,601.6069978269343
dbsql,pnl_rollup_multi_month,558.4420860905084
lakebase,pnl_rollup_multi_month,107.0138376126124
dbsql,pnl_rollup_multi_month,673.0377618913508
lakebase,pnl_rollup_multi_month,171.89735225940694
dbsql,property_financials_joined,4187.335713674727
dbsql,gl_monthly_by_arena_year,735.0473172262468
dbsql,top10_properties_by_revenue,1488.0829596261265
dbsql,property_financials_joined,876.8036701246444
dbsql,gl_monthly_by_arena_year,1053.5866283925657
dbsql,gl_monthly_by_arena_year,816.9406757040463
lakebase,gl_monthly_by_arena_year,56.099254857372216
lakebase,fund_performance_arena,52.76464853284324
dbsql,fund_performance_arena,569.8625238806017
dbsql,investor_commitment_summary,321.9010637911879
dbsql,property_financials_joined,963.8979294085175
dbsql,top10_properties_by_revenue,597.975799259558
lakebase,pnl_rollup_multi_month,132.17778042695727
lakebase,pnl_rollup_multi_month,171.9335910036648
dbsql,fund_performance_arena,491.54544379342724
dbsql,gl_monthly_by_arena_year,705.9526991880034
dbsql,pnl_rollup_multi_month,1909.306471942756
lakebase,gl_monthly_by_arena_year,75.58337879572719
dbsql,pnl_rollup_multi_month,1003.3518015262644
dbsql,top10_properties_by_revenue,847.2302900412387
lakebase,fund_performance_arena,55.77245081519777
lakebase,property_financials_joined,82.74970961849704
dbsql,property_financials_joined,546.1834921451896
dbsql,property_financials_joined,505.6378368543619
lakebase,fund_performance_arena,52.77653477378408
lakebase,gl_monthly_by_arena_year,73.08226014873753
dbsql,worst_case_yoy_growth,713.2850863155227
lakebase,gl_monthly_by_arena_year,79.14366775992221
lakebase,property_financials_joined,94.68080278656998
lakebase,gl_monthly_by_arena_year,122.92884080883937
dbsql,top10_properties_by_revenue,743.4133929898508
dbsql,fund_performance_arena,386.172793511264
dbsql,property_financials_joined,531.6357258802213
lakebase,fund_performance_arena,59.77845164898099
lakebase,fund_performance_arena,68.2073143497064
lakebase,gl_monthly_by_arena_year,60.70607849881071
lakebase,investor_commitment_summary,139.77334466937918
lakebase,top10_properties_by_revenue,81.33167940957264
dbsql,property_financials_joined,469.8013999628756
dbsql,property_financials_joined,865.2524953471925
dbsql,fund_performance_arena,2100.6900518759153
lakebase,gl_monthly_by_arena_year,57.61570993308851
lakebase,fund_performance_arena,60.73481873806941
dbsql,worst_case_yoy_growth,725.4637574364864
dbsql,top10_properties_by_revenue,847.1367452352183
lakebase,gl_monthly_by_arena_year,94.10068402939942
dbsql,property_financials_joined,670.9889046338731
dbsql,property_financials_joined,495.42522420301793
dbsql,pnl_rollup_multi_month,1477.6541549608169
dbsql,top10_properties_by_revenue,1011.3020491134534
lakebase,gl_monthly_by_arena_year,84.84407595631183
lakebase,gl_monthly_by_arena_year,69.58405008796831
lakebase,investor_commitment_summary,108.67094454465587
dbsql,property_financials_joined,844.2605196354407
dbsql,investor_commitment_summary,340.7127371939396
lakebase,fund_performance_arena,57.457686337329505
dbsql,investor_commitment_summary,745.4619009723729
lakebase,property_financials_joined,91.62144721409504
dbsql,investor_commitment_summary,315.4468077121919
dbsql,worst_case_yoy_growth,46734.20924197265
dbsql,gl_monthly_by_arena_year,534.6003852221486
lakebase,pnl_rollup_multi_month,98.61990878908955
dbsql,pnl_rollup_multi_month,2585.147424025621
lakebase,investor_commitment_summary,100.30453024981512
lakebase,investor_commitment_summary,68.30573850018595
dbsql,top10_properties_by_revenue,533.2563415005325
lakebase,gl_monthly_by_arena_year,67.73808630777012
dbsql,pnl_rollup_multi_month,970.2037366228637
lakebase,fund_performance_arena,62.870613138500175
lakebase,property_financials_joined,72.0072303940924
lakebase,top10_properties_by_revenue,58.10802278219285
dbsql,gl_monthly_by_arena_year,877.0865914719934
lakebase,top10_properties_by_revenue,84.52069705049325
lakebase,gl_monthly_by_arena_year,94.68877441327095
dbsql,investor_commitment_summary,321.7427404590012
lakebase,investor_commitment_summary,116.45788530586287
lakebase,property_financials_joined,74.89879942636435
lakebase,investor_commitment_summary,91.73275987342322
lakebase,fund_performance_arena,63.7657866649306
lakebase,gl_monthly_by_arena_year,92.27559952103093
dbsql,pnl_rollup_multi_month,874.8867063376906
dbsql,pnl_rollup_multi_month,987.2466423659603
lakebase,investor_commitment_summary,66.08656508024069
lakebase,property_financials_joined,66.01042069394225
dbsql,pnl_rollup_multi_month,1953.4055512374096
dbsql,gl_monthly_by_arena_year,1024.858483152002
lakebase,property_financials_joined,78.23669773267738
dbsql,investor_commitment_summary,317.34316391498396
lakebase,property_financials_joined,88.87845150951534
lakebase,fund_performance_arena,54.07235649113318
dbsql,pnl_rollup_multi_month,900.2561574195056
lakebase,top10_properties_by_revenue,84.98497993741694
dbsql,top10_properties_by_revenue,1003.3511016738998
dbsql,worst_case_yoy_growth,53071.51170805525
dbsql,gl_monthly_by_arena_year,713.8322772012202
lakebase,gl_monthly_by_arena_year,63.501245175302756
dbsql,investor_commitment_summary,771.176973358493
dbsql,gl_monthly_by_arena_year,509.34970911930577
lakebase,top10_properties_by_revenue,71.54864754943446
lakebase,investor_commitment_summary,88.69666626935668
lakebase,property_financials_joined,93.55351242459164
dbsql,pnl_rollup_multi_month,935.2804164474833
dbsql,top10_properties_by_revenue,2262.87992478629
dbsql,worst_case_yoy_growth,628.5930578648617
lakebase,pnl_rollup_multi_month,115.8106084578776
lakebase,gl_monthly_by_arena_year,63.4819759658285
lakebase,property_financials_joined,255.27278443118462
dbsql,investor_commitment_summary,319.3260955119399
lakebase,gl_monthly_by_arena_year,64.96587714923407
lakebase,investor_commitment_summary,75.41009616659267
dbsql,top10_properties_by_revenue,848.6501672690565
lakebase,property_financials_joined,95.24368157721597
dbsql,property_financials_joined,970.9272507677156
lakebase,gl_monthly_by_arena_year,94.92916327769763
lakebase,investor_commitment_summary,88.71052156575843
dbsql,worst_case_yoy_growth,615.9438143362763
lakebase,investor_commitment_summary,110.56462886921281
lakebase,investor_commitment_summary,72.08093601343535
dbsql,worst_case_yoy_growth,580.6025167721742
lakebase,fund_performance_arena,54.96515906710897
dbsql,pnl_rollup_multi_month,528.3885447267949
lakebase,fund_performance_arena,59.25717649165563
lakebase,gl_monthly_by_arena_year,68.53149859944097
dbsql,top10_properties_by_revenue,535.8966606617059
lakebase,property_financials_joined,61.45892483539228
lakebase,property_financials_joined,94.69345970728682
lakebase,investor_commitment_summary,82.04947650175143
lakebase,investor_commitment_summary,92.83356829553213
lakebase,gl_monthly_by_arena_year,75.25260509834197
dbsql,fund_performance_arena,657.6282561714208
dbsql,investor_commitment_summary,680.3299256208675
dbsql,top10_properties_by_revenue,518.2593184857751
lakebase,fund_performance_arena,69.21591281292194
lakebase,property_financials_joined,71.82539049568959
lakebase,property_financials_joined,58.59023978246114
dbsql,worst_case_yoy_growth,591.1159229244163
lakebase,property_financials_joined,71.50903230999006
dbsql,worst_case_yoy_growth,642.5230891039746
lakebase,gl_monthly_by_arena_year,267.5715085967454
lakebase,property_financials_joined,88.27518862622696
lakebase,investor_commitment_summary,68.74534066105298
dbsql,pnl_rollup_multi_month,1017.238207728127
dbsql,fund_performance_arena,780.4636305920951
lakebase,fund_performance_arena,72.27984197146498
lakebase,investor_commitment_summary,113.27480401519097
lakebase,top10_properties_by_revenue,59.320437296833006
dbsql,top10_properties_by_revenue,927.3154267367545
dbsql,pnl_rollup_multi_month,619.8650331530189
dbsql,investor_commitment_summary,863.1532566946873
dbsql,pnl_rollup_multi_month,513.935034146698
dbsql,worst_case_yoy_growth,612.2945826140267
dbsql,property_financials_joined,632.1519412122143
dbsql,gl_monthly_by_arena_year,837.4773534256974
lakebase,investor_commitment_summary,77.71618812915904
dbsql,property_financials_joined,502.96715257343294
lakebase,investor_commitment_summary,81.50604288761087
dbsql,top10_properties_by_revenue,915.1945756437385
dbsql,top10_properties_by_revenue,488.2474759141928
dbsql,investor_commitment_summary,878.9981398752502
lakebase,gl_monthly_by_arena_year,62.48287624919158
lakebase,pnl_rollup_multi_month,171.63909752810014
lakebase,top10_properties_by_revenue,88.09484005297463
lakebase,top10_properties_by_revenue,64.14514806272109
dbsql,top10_properties_by_revenue,773.2353008517521
lakebase,property_financials_joined,75.47481934710731
dbsql,gl_monthly_by_arena_year,491.224171894487
dbsql,top10_properties_by_revenue,1526.1272029533188
lakebase,property_financials_joined,103.0615752712265
dbsql,investor_commitment_summary,727.2743557505805
dbsql,property_financials_joined,4622.65544457378
dbsql,gl_monthly_by_arena_year,976.6895972768594
lakebase,top10_properties_by_revenue,97.26277693840757
dbsql,property_financials_joined,11441.072695213265
lakebase,gl_monthly_by_arena_year,90.3401644565065
dbsql,investor_commitment_summary,297.422756231299
dbsql,worst_case_yoy_growth,625.8665372699852
dbsql,fund_performance_arena,357.30501492355415
lakebase,property_financials_joined,96.25349465216004
dbsql,fund_performance_arena,626.2499044113099
lakebase,investor_commitment_summary,116.95786489124771
dbsql,investor_commitment_summary,366.9886615362259
lakebase,investor_commitment_summary,78.9838397718654
dbsql,property_financials_joined,905.5491627738661
dbsql,investor_commitment_summary,303.6195624118818
dbsql,property_financials_joined,570.646289088586
lakebase,top10_properties_by_revenue,64.02695679935277
dbsql,pnl_rollup_multi_month,493.91529060324046
dbsql,fund_performance_arena,351.7549247503666
lakebase,top10_properties_by_revenue,59.34771413717499
lakebase,pnl_rollup_multi_month,163.27738647790113
dbsql,investor_commitment_summary,706.6839417460642
lakebase,investor_commitment_summary,104.38915997463027
lakebase,gl_monthly_by_arena_year,94.49180367620613
dbsql,worst_case_yoy_growth,634.2761740831406
lakebase,investor_commitment_summary,78.15229314019234
dbsql,property_financials_joined,944.2197132906927
lakebase,gl_monthly_by_arena_year,73.72007354581456
dbsql,pnl_rollup_multi_month,687.2540524757369
dbsql,investor_commitment_summary,633.7703294253743
dbsql,fund_performance_arena,513.8876178003784
dbsql,pnl_rollup_multi_month,1063.8860048371157
dbsql,investor_commitment_summary,1130.6903235625043
lakebase,property_financials_joined,89.7038235797254
dbsql,top10_properties_by_revenue,740.4328942566849
lakebase,gl_monthly_by_arena_year,67.11839124170638
lakebase,gl_monthly_by_arena_year,58.71169369913787
dbsql,property_financials_joined,498.59093252825915
dbsql,fund_performance_arena,449.03144141312623
dbsql,fund_performance_arena,512.7949106686174
dbsql,investor_commitment_summary,612.8196842906846
dbsql,gl_monthly_by_arena_year,480.03556167191164
lakebase,fund_performance_arena,67.28022496599806
dbsql,fund_performance_arena,494.16585798326196
dbsql,property_financials_joined,968.3407144169678
dbsql,top10_properties_by_revenue,849.204378518607
lakebase,top10_properties_by_revenue,80.32715372712573
dbsql,investor_commitment_summary,295.6806730653625
dbsql,property_financials_joined,507.35784922906646
lakebase,investor_commitment_summary,73.99992200578254
lakebase,top10_properties_by_revenue,93.60772352442837
lakebase,investor_commitment_summary,71.53181393130126
lakebase,gl_monthly_by_arena_year,87.64204237502327
lakebase,top10_properties_by_revenue,58.44465303090374
lakebase,pnl_rollup_multi_month,117.6302642475946
dbsql,pnl_rollup_multi_month,1045.409151119884
dbsql,pnl_rollup_multi_month,931.7889534054302
dbsql,pnl_rollup_multi_month,1160.1280071397184
lakebase,investor_commitment_summary,71.84650219073774
lakebase,top10_properties_by_revenue,64.6053051692661
lakebase,pnl_rollup_multi_month,179.96620538153252
dbsql,pnl_rollup_multi_month,529.436418533578
lakebase,pnl_rollup_multi_month,184.37095933535375
dbsql,gl_monthly_by_arena_year,517.334591999429
lakebase,top10_properties_by_revenue,95.20097318190324
lakebase,property_financials_joined,102.61866578139234
lakebase,top10_properties_by_revenue,85.3134243429281
lakebase,pnl_rollup_multi_month,111.76895906328355
dbsql,pnl_rollup_multi_month,972.2660383748973
dbsql,gl_monthly_by_arena_year,795.8758353633755
dbsql,fund_performance_arena,645.9527401187017
dbsql,pnl_rollup_multi_month,501.75795782251953
lakebase,gl_monthly_by_arena_year,155.41102916290583
lakebase,investor_commitment_summary,83.39555891433292
dbsql,gl_monthly_by_arena_year,606.9899026870473
lakebase,top10_properties_by_revenue,71.25527606638116
lakebase,fund_performance_arena,59.97243109391093
lakebase,fund_performance_arena,62.08786302681801
dbsql,property_financials_joined,1198.1898900311592
lakebase,investor_commitment_summary,89.94411460332685
lakebase,investor_commitment_summary,139.22535060476093
lakebase,pnl_rollup_multi_month,186.93948056554177
lakebase,gl_monthly_by_arena_year,65.63718204847646
lakebase,investor_commitment_summary,89.26149734577393
dbsql,gl_monthly_by_arena_year,493.73595450845187
lakebase,investor_commitment_summary,74.42725843316111
lakebase,fund_performance_arena,94.18233093632011
dbsql,worst_case_yoy_growth,602.8426246107301
dbsql,top10_properties_by_revenue,843.9577333114698
lakebase,gl_monthly_by_arena_year,61.7993073389016
dbsql,fund_performance_arena,546.6019845627557
lakebase,pnl_rollup_multi_month,158.12890796969725
lakebase,pnl_rollup_multi_month,120.19094337892966
lakebase,property_financials_joined,75.9795473039162
lakebase,top10_properties_by_revenue,78.55642401420937
lakebase,pnl_rollup_multi_month,145.78301173264663
dbsql,worst_case_yoy_growth,759.5771598222996
dbsql,investor_commitment_summary,682.4323579906206
lakebase,top10_properties_by_revenue,91.34258150504593
dbsql,worst_case_yoy_growth,646.2382624600025
lakebase,investor_commitment_summary,86.77674708735594
lakebase,top10_properties_by_revenue,82.27531828316614
dbsql,pnl_rollup_multi_month,527.5052727577076
dbsql,fund_performance_arena,501.5027344726377
dbsql,worst_case_yoy_growth,619.191091152004
lakebase,property_financials_joined,79.50950689780711
dbsql,worst_case_yoy_growth,562.1189062828762
dbsql,pnl_rollup_multi_month,1587.4679307068789
dbsql,pnl_rollup_multi_month,550.3729474728516
lakebase,property_financials_joined,63.70010956175065
dbsql,pnl_rollup_multi_month,2321.7887719507075
dbsql,property_financials_joined,817.415775588529
dbsql,property_financials_joined,1645.9217608465622
lakebase,investor_commitment_summary,99.33002288266835
dbsql,property_financials_joined,528.0373012166137
dbsql,gl_monthly_by_arena_year,521.0063344591163
lakebase,top10_properties_by_revenue,73.05389559479636
dbsql,gl_monthly_by_arena_year,955.6058886807932
dbsql,investor_commitment_summary,380.0495647136586
lakebase,property_financials_joined,61.996175651529484
lakebase,gl_monthly_by_arena_year,86.13209662632926
dbsql,gl_monthly_by_arena_year,474.05753579221255
lakebase,gl_monthly_by_arena_year,76.53418863208117
lakebase,top10_properties_by_revenue,61.394503835288106
dbsql,investor_commitment_summary,822.2715909545002
lakebase,property_financials_joined,57.53799732360676
dbsql,property_financials_joined,953.3345080497497
lakebase,fund_performance_arena,57.220677778332174
dbsql,pnl_rollup_multi_month,1018.4364218243047
lakebase,investor_commitment_summary,74.79694266288561
lakebase,gl_monthly_by_arena_year,74.18724127757059
dbsql,investor_commitment_summary,346.68711832432564
dbsql,property_financials_joined,880.286557543684
lakebase,pnl_rollup_multi_month,105.75034930695892
lakebase,gl_monthly_by_arena_year,95.76469726414416
lakebase,pnl_rollup_multi_month,107.781134160291
lakebase,investor_commitment_summary,313.87186478787044
lakebase,fund_performance_arena,62.757221068181934
lakebase,top10_properties_by_revenue,176.96755429415134
lakebase,gl_monthly_by_arena_year,64.30334855906494
dbsql,top10_properties_by_revenue,800.4522248917567
lakebase,top10_properties_by_revenue,60.530663504323456
dbsql,worst_case_yoy_growth,616.9776279944585
dbsql,gl_monthly_by_arena_year,1162.2531130582702
dbsql,property_financials_joined,2298.65750565952
lakebase,fund_performance_arena,76.98670083954084
dbsql,property_financials_joined,519.369587652136
lakebase,pnl_rollup_multi_month,122.27895603939487
lakebase,pnl_rollup_multi_month,106.99111111290449
dbsql,top10_properties_by_revenue,771.0811165765108
lakebase,investor_commitment_summary,77.74784231185095
dbsql,property_financials_joined,1340.598889133986
lakebase,property_financials_joined,110.7501862211393
lakebase,pnl_rollup_multi_month,157.1191176340676
lakebase,investor_commitment_summary,77.19884344692218
lakebase,property_financials_joined,88.05345750045035
dbsql,pnl_rollup_multi_month,921.2064836676745
lakebase,investor_commitment_summary,133.94040796765694
lakebase,pnl_rollup_multi_month,92.9782495429663
dbsql,investor_commitment_summary,716.5573088566362
lakebase,property_financials_joined,123.84380465198319
lakebase,fund_performance_arena,72.32578857610861
dbsql,fund_performance_arena,538.0297083883363
lakebase,gl_monthly_by_arena_year,83.61598115683933
lakebase,property_financials_joined,57.815176640417576
dbsql,gl_monthly_by_arena_year,743.9136212356061
dbsql,pnl_rollup_multi_month,971.0493800735094
dbsql,top10_properties_by_revenue,1612.9467065368744
dbsql,pnl_rollup_multi_month,1051.665164317967
dbsql,pnl_rollup_multi_month,931.9902880850464
dbsql,property_financials_joined,2217.437371794233
lakebase,fund_performance_arena,64.08484364499145
lakebase,fund_performance_arena,61.739117420927414
lakebase,investor_commitment_summary,98.57161876789178
lakebase,pnl_rollup_multi_month,108.35136420399749
lakebase,pnl_rollup_multi_month,131.53341110887595
dbsql,gl_monthly_by_arena_year,492.238679648608
dbsql,gl_monthly_by_arena_year,1158.11396453104
dbsql,fund_performance_arena,501.91841834902107
dbsql,top10_properties_by_revenue,875.6896101371865
lakebase,property_financials_joined,60.78470301838479
lakebase,gl_monthly_by_arena_year,73.76624428519563
dbsql,fund_performance_arena,553.1938987737703
lakebase,top10_properties_by_revenue,79.81901783364265
dbsql,pnl_rollup_multi_month,559.9979945721998
lakebase,property_financials_joined,121.08333787136871
lakebase,investor_commitment_summary,90.87559614863494
dbsql,investor_commitment_summary,609.0971267000214
lakebase,investor_commitment_summary,76.53937107966158
dbsql,worst_case_yoy_growth,601.6865678519707
lakebase,pnl_rollup_multi_month,99.8497193863841
lakebase,gl_monthly_by_arena_year,58.572643242058575
dbsql,investor_commitment_summary,647.2932622774579
lakebase,pnl_rollup_multi_month,125.70720594555951
lakebase,investor_commitment_summary,81.80980207771427
dbsql,top10_properties_by_revenue,1314.935689421958
lakebase,investor_commitment_summary,77.99110350185856
dbsql,top10_properties_by_revenue,522.697948503037
dbsql,fund_performance_arena,334.60580203768586
lakebase,property_financials_joined,65.12349175848442
dbsql,property_financials_joined,824.2055782219495
dbsql,fund_performance_arena,640.8063070535377
dbsql,gl_monthly_by_arena_year,651.1199437329651
dbsql,gl_monthly_by_arena_year,461.1463375592848
lakebase,investor_commitment_summary,72.53000647619956
lakebase,gl_monthly_by_arena_year,62.14057843939713
lakebase,property_financials_joined,163.60700793040905
lakebase,investor_commitment_summary,87.04730524382853
dbsql,property_financials_joined,855.4031950696981
dbsql,investor_commitment_summary,2928.93043975603
lakebase,investor_commitment_summary,80.37339110535413
dbsql,worst_case_yoy_growth,654.8817362230466
lakebase,property_financials_joined,83.59764382771573
dbsql,pnl_rollup_multi_month,1284.2604508143438
lakebase,investor_commitment_summary,73.6630969105363
dbsql,pnl_rollup_multi_month,950.9766648596951
lakebase,fund_performance_arena,54.9010591419119
dbsql,gl_monthly_by_arena_year,775.6131884695492
lakebase,top10_properties_by_revenue,75.1192119771531
lakebase,gl_monthly_by_arena_year,63.28752670344784
dbsql,fund_performance_arena,581.257489001132
dbsql,investor_commitment_summary,326.1655790859095
dbsql,property_financials_joined,508.05095672214406
dbsql,property_financials_joined,529.7743721751544
lakebase,property_financials_joined,62.27373009545545
dbsql,top10_properties_by_revenue,902.948078674001
dbsql,property_financials_joined,1250.0659771645815
dbsql,gl_monthly_by_arena_year,582.3902466816548
lakebase,investor_commitment_summary,74.13209563327428
lakebase,fund_performance_arena,57.402820984862046
dbsql,worst_case_yoy_growth,711.6622208650369
dbsql,property_financials_joined,537.0998967939613
dbsql,worst_case_yoy_growth,781.1811939259599
dbsql,property_financials_joined,1982.0969349293307
lakebase,property_financials_joined,70.6112278173805
lakebase,property_financials_joined,56.8514302173071
lakebase,gl_monthly_by_arena_year,75.70130286774202
lakebase,fund_performance_arena,74.29668542295076
dbsql,gl_monthly_by_arena_year,654.2428031892769
lakebase,property_financials_joined,109.67040500565872
lakebase,gl_monthly_by_arena_year,66.80641264040332
dbsql,top10_properties_by_revenue,814.8786366645027
lakebase,property_financials_joined,77.61631329128704
dbsql,pnl_rollup_multi_month,956.372593051583
dbsql,fund_performance_arena,569.0920202447671
dbsql,investor_commitment_summary,677.4620385824619
dbsql,worst_case_yoy_growth,591.4173777387646
lakebase,fund_performance_arena,101.81046771666047
dbsql,top10_properties_by_revenue,497.7850520191396
dbsql,gl_monthly_by_arena_year,505.7325250078293
lakebase,investor_commitment_summary,74.7005884393559
lakebase,pnl_rollup_multi_month,127.03935066994632
lakebase,fund_performance_arena,66.50034762384394
lakebase,top10_properties_by_revenue,68.73643983379907
lakebase,fund_performance_arena,100.32436760576502
lakebase,gl_monthly_by_arena_year,68.72024195411086
dbsql,property_financials_joined,921.3599831246313
dbsql,gl_monthly_by_arena_year,835.5496306412817
dbsql,investor_commitment_summary,299.2426364176026
dbsql,investor_commitment_summary,628.2764510838206
dbsql,property_financials_joined,558.1129868253356
dbsql,property_financials_joined,522.4640954550068
lakebase,pnl_rollup_multi_month,163.81243203585427
lakebase,fund_performance_arena,71.9436033582781
lakebase,investor_commitment_summary,77.98598031331494
lakebase,top10_properties_by_revenue,62.65392287528471
dbsql,investor_commitment_summary,309.48817621788294
lakebase,fund_performance_arena,56.33828776115024
lakebase,gl_monthly_by_arena_year,87.55705638975542
dbsql,pnl_rollup_multi_month,658.651568291134
dbsql,pnl_rollup_multi_month,1239.0313930800544
lakebase,fund_performance_arena,60.06699418810513
lakebase,fund_performance_arena,69.25902453235722
dbsql,investor_commitment_summary,676.333551071366
dbsql,fund_performance_arena,553.1156249588776
lakebase,investor_commitment_summary,83.01210946626725
lakebase,gl_monthly_by_arena_year,62.327651527368744
lakebase,investor_commitment_summary,89.52340870490616
dbsql,property_financials_joined,471.80169448233755
dbsql,property_financials_joined,496.4162310108122
lakebase,property_financials_joined,103.45959712671515
dbsql,fund_performance_arena,526.0350636459634
dbsql,gl_monthly_by_arena_year,541.6712884829167
lakebase,top10_properties_by_revenue,77.18691770531905
dbsql,property_financials_joined,933.376987311874
lakebase,investor_commitment_summary,77.74433641861833
lakebase,gl_monthly_by_arena_year,83.46046449287314
lakebase,investor_commitment_summary,78.66239382656204
dbsql,top10_properties_by_revenue,550.0225675999673
dbsql,gl_monthly_by_arena_year,1090.272941146793
lakebase,property_financials_joined,66.60011620795103
dbsql,fund_performance_arena,345.1384249797229
lakebase,gl_monthly_by_arena_year,94.08119863513775
dbsql,property_financials_joined,926.062194379142
dbsql,property_financials_joined,827.720589003377
dbsql,worst_case_yoy_growth,633.031088736999
dbsql,property_financials_joined,967.0193017221891
dbsql,investor_commitment_summary,339.0144862694342
lakebase,property_financials_joined,65.57936932631492
dbsql,top10_properties_by_revenue,510.88253878691603
lakebase,property_financials_joined,87.52485428868795
lakebase,fund_performance_arena,67.31040169552216
dbsql,top10_properties_by_revenue,556.1535881405462
dbsql,top10_properties_by_revenue,853.7399539004014
lakebase,investor_commitment_summary,80.8000215051834
dbsql,property_financials_joined,823.1009798336117
lakebase,investor_commitment_summary,77.39045821750778
lakebase,pnl_rollup_multi_month,129.23824993220023
lakebase,fund_performance_arena,76.58686903056378
dbsql,top10_properties_by_revenue,563.5123608309414
dbsql,gl_monthly_by_arena_year,581.2509100524039
lakebase,gl_monthly_by_arena_year,75.528488409077
dbsql,gl_monthly_by_arena_year,614.1564825043133
lakebase,top10_properties_by_revenue,66.72697562898122
dbsql,property_financials_joined,1160.1609339824392
dbsql,pnl_rollup_multi_month,962.2728906909401
dbsql,property_financials_joined,495.8820633964933
dbsql,investor_commitment_summary,726.8241643461124
lakebase,property_financials_joined,113.89851144826935
dbsql,top10_properties_by_revenue,774.9775052108134
dbsql,property_financials_joined,977.7470972667857
dbsql,gl_monthly_by_arena_year,496.2405447675451
lakebase,investor_commitment_summary,312.0598739951106
dbsql,worst_case_yoy_growth,591.594395382117
dbsql,fund_performance_arena,489.37774058072137
lakebase,gl_monthly_by_arena_year,153.1484861116894
lakebase,pnl_rollup_multi_month,167.0959385903643
dbsql,investor_commitment_summary,359.85349808572664
dbsql,top10_properties_by_revenue,544.021019623699
lakebase,investor_commitment_summary,78.57084669615233
dbsql,investor_commitment_summary,771.9468941095329
dbsql,gl_monthly_by_arena_year,656.4484497038734
dbsql,worst_case_yoy_growth,569.264615365455
lakebase,investor_commitment_summary,91.96039620289298
lakebase,pnl_rollup_multi_month,105.00857800741414
dbsql,property_financials_joined,1016.6730516920097
dbsql,investor_commitment_summary,350.67667833186533
lakebase,property_financials_joined,68.69104839915963
lakebase,investor_commitment_summary,71.6978703088671
dbsql,investor_commitment_summary,740.3857346398866
lakebase,fund_performance_arena,65.41125215665033
dbsql,property_financials_joined,850.9735724618395
lakebase,gl_monthly_by_arena_year,78.57051224243605
lakebase,pnl_rollup_multi_month,103.43298676622226
dbsql,pnl_rollup_multi_month,562.7799580087185
dbsql,gl_monthly_by_arena_year,530.7596525561848
lakebase,pnl_rollup_multi_month,108.79602004843036
lakebase,top10_properties_by_revenue,82.88965734845988
lakebase,gl_monthly_by_arena_year,68.53630968709012
dbsql,top10_properties_by_revenue,1557.8708643728874
dbsql,fund_performance_arena,396.05680771566654
lakebase,gl_monthly_by_arena_year,61.9325530557262
lakebase,fund_performance_arena,56.30622408227737
dbsql,pnl_rollup_multi_month,538.569194319507
lakebase,gl_monthly_by_arena_year,70.2035349011112
dbsql,gl_monthly_by_arena_year,1096.6013565392245
dbsql,top10_properties_by_revenue,493.1146091480514
lakebase,investor_commitment_summary,87.84147739169157
lakebase,investor_commitment_summary,100.44056081034114
lakebase,property_financials_joined,103.44316256191632
lakebase,fund_performance_arena,58.57501818621813
lakebase,property_financials_joined,83.95608962581491
lakebase,investor_commitment_summary,84.65031478743867
lakebase,top10_properties_by_revenue,100.04433791880274
lakebase,gl_monthly_by_arena_year,87.46858188683859
dbsql,top10_properties_by_revenue,808.978619423641
lakebase,top10_properties_by_revenue,83.2787481356263
dbsql,pnl_rollup_multi_month,912.1142954568882
lakebase,gl_monthly_by_arena_year,67.02183572866716
lakebase,investor_commitment_summary,78.85815692543474
lakebase,gl_monthly_by_arena_year,87.18021902816986
lakebase,investor_commitment_summary,101.0697877027269
lakebase,investor_commitment_summary,78.19169688798411
dbsql,property_financials_joined,1000.598472334076
dbsql,gl_monthly_by_arena_year,488.31211279738795
lakebase,gl_monthly_by_arena_year,71.71432482186901
lakebase,property_financials_joined,74.92037629799597
lakebase,fund_performance_arena,58.57545202172787
dbsql,top10_properties_by_revenue,802.9460014565188
lakebase,property_financials_joined,85.93061470418206
dbsql,fund_performance_arena,563.0055147076973
dbsql,fund_performance_arena,371.45566243685835
dbsql,gl_monthly_by_arena_year,663.6623270237294
dbsql,fund_performance_arena,494.6382701299399
lakebase,gl_monthly_by_arena_year,62.774494222139765
dbsql,top10_properties_by_revenue,766.4997314478796
dbsql,top10_properties_by_revenue,919.1837647646253
lakebase,property_financials_joined,88.04561374552122
lakebase,gl_monthly_by_arena_year,81.44003088921181
lakebase,fund_performance_arena,69.26250937038958
lakebase,investor_commitment_summary,75.27041713554183
lakebase,fund_performance_arena,64.50425371167512
lakebase,pnl_rollup_multi_month,133.70853068011002
dbsql,top10_properties_by_revenue,757.3944815853793
lakebase,investor_commitment_summary,99.6080349341355
lakebase,top10_properties_by_revenue,70.45909001720929
dbsql,top10_properties_by_revenue,499.82916111662234
dbsql,investor_commitment_summary,679.0516582464079
dbsql,gl_monthly_by_arena_year,773.3670605617249
dbsql,investor_commitment_summary,674.8066299717408
lakebase,investor_commitment_summary,94.2236668769425
lakebase,pnl_rollup_multi_month,217.24237009627245
lakebase,pnl_rollup_multi_month,118.89075667801308
dbsql,gl_monthly_by_arena_year,650.3031422056438
lakebase,fund_performance_arena,59.44327857918097
lakebase,property_financials_joined,96.33592787110956
dbsql,investor_commitment_summary,361.0785437180084
dbsql,investor_commitment_summary,655.7053075433714
lakebase,fund_performance_arena,49.62800445082394
lakebase,gl_monthly_by_arena_year,76.61283875233948
dbsql,property_financials_joined,809.6660542718155
dbsql,gl_monthly_by_arena_year,518.3349762936587
dbsql,gl_monthly_by_arena_year,512.5662348944502
dbsql,investor_commitment_summary,671.9423827044579
lakebase,pnl_rollup_multi_month,211.13428848681792
lakebase,gl_monthly_by_arena_year,66.24123733774923
lakebase,investor_commitment_summary,83.46353420313335
dbsql,worst_case_yoy_growth,568.9341689595722
lakebase,fund_performance_arena,64.24223642704874
lakebase,investor_commitment_summary,77.38682902746064
dbsql,pnl_rollup_multi_month,1030.2597659299977
dbsql,investor_commitment_summary,662.1702678864381
dbsql,pnl_rollup_multi_month,1009.6181052945781
dbsql,fund_performance_arena,451.8204594663757
dbsql,investor_commitment_summary,758.2617499116964
dbsql,top10_properties_by_revenue,525.3656742072508
lakebase,top10_properties_by_revenue,63.639949608045754
lakebase,top10_properties_by_revenue,63.93809715791576
dbsql,property_financials_joined,989.4303053363842
lakebase,pnl_rollup_multi_month,100.10816832436831
lakebase,fund_performance_arena,58.57626098020319
lakebase,fund_performance_arena,72.10250311436539
lakebase,property_financials_joined,158.47242731217648
dbsql,pnl_rollup_multi_month,959.9387525707073
lakebase,gl_monthly_by_arena_year,65.13579641659817
lakebase,property_financials_joined,69.26346241078818
dbsql,worst_case_yoy_growth,993.0866424811029
lakebase,top10_properties_by_revenue,84.65337481322877
lakebase,gl_monthly_by_arena_year,68.7208982587606
lakebase,pnl_rollup_multi_month,217.9701754799339
dbsql,investor_commitment_summary,368.40120949904076
lakebase,top10_properties_by_revenue,63.8119099899086
dbsql,top10_properties_by_revenue,837.6531083812324
lakebase,gl_monthly_by_arena_year,67.46035765814895
lakebase,property_financials_joined,83.48298593989512
dbsql,pnl_rollup_multi_month,926.646276692054
lakebase,fund_performance_arena,59.025293794348954
lakebase,property_financials_joined,58.62744043804469
lakebase,top10_properties_by_revenue,87.12537272981535
dbsql,top10_properties_by_revenue,537.7326284850028
dbsql,gl_monthly_by_arena_year,812.4895020671943
lakebase,pnl_rollup_multi_month,140.0710476004292
lakebase,gl_monthly_by_arena_year,75.39709997746513
dbsql,gl_monthly_by_arena_year,748.9311796350648
lakebase,gl_monthly_by_arena_year,60.58337127268487
dbsql,top10_properties_by_revenue,465.1650447060547
lakebase,gl_monthly_by_arena_year,72.90769887578108
lakebase,property_financials_joined,70.9070474909197
lakebase,investor_commitment_summary,82.95970919840556
lakebase,gl_monthly_by_arena_year,67.84591574307797
dbsql,pnl_rollup_multi_month,550.376438915464
lakebase,gl_monthly_by_arena_year,246.84422776337556
dbsql,pnl_rollup_multi_month,932.4019406626576
dbsql,investor_commitment_summary,686.6666684430243
dbsql,pnl_rollup_multi_month,1177.2705177114062
lakebase,fund_performance_arena,57.31124317452441
lakebase,property_financials_joined,92.79560855969748
dbsql,gl_monthly_by_arena_year,678.888847778012
dbsql,top10_properties_by_revenue,501.43343674233165
dbsql,worst_case_yoy_growth,652.4626228951433
dbsql,fund_performance_arena,576.2951202148088
lakebase,top10_properties_by_revenue,62.24083444885764
dbsql,fund_performance_arena,749.9821811175025
dbsql,property_financials_joined,862.4541554664802
dbsql,fund_performance_arena,534.5848876391415
lakebase,fund_performance_arena,64.54130577321848
lakebase,investor_commitment_summary,96.93748037480532
lakebase,gl_monthly_by_arena_year,62.92420564125223
dbsql,pnl_rollup_multi_month,2699.6185732209315
dbsql,property_financials_joined,581.3976228108686
lakebase,fund_performance_arena,83.0961636306995
dbsql,investor_commitment_summary,699.3640396925969
lakebase,investor_commitment_summary,72.9882059896454
lakebase,gl_monthly_by_arena_year,71.32624923019648
dbsql,investor_commitment_summary,340.1390005076337
lakebase,property_financials_joined,81.38035753810868
dbsql,investor_commitment_summary,648.8230704358102
lakebase,fund_performance_arena,64.09279833872006
dbsql,gl_monthly_by_arena_year,520.416140788825
lakebase,gl_monthly_by_arena_year,147.32088990626835
dbsql,property_financials_joined,939.593931001582
dbsql,property_financials_joined,536.8651865321681
dbsql,top10_properties_by_revenue,478.30554555935123
dbsql,property_financials_joined,504.76722171003985
lakebase,pnl_rollup_multi_month,103.75064005512513
lakebase,gl_monthly_by_arena_year,68.83891500422123
dbsql,investor_commitment_summary,745.2364375491811
dbsql,property_financials_joined,1514.1759990676887
dbsql,gl_monthly_by_arena_year,744.6666180113652
dbsql,fund_performance_arena,1105.672334000701
lakebase,gl_monthly_by_arena_year,74.6664552125651
lakebase,investor_commitment_summary,98.37321285647249
dbsql,investor_commitment_summary,2410.354244509932
lakebase,top10_properties_by_revenue,94.07381146519356
dbsql,property_financials_joined,883.9469192661795
lakebase,gl_monthly_by_arena_year,67.04807941014224
lakebase,property_financials_joined,317.3368666500096
lakebase,fund_performance_arena,54.572977370071385
lakebase,pnl_rollup_multi_month,186.0359275174801
lakebase,gl_monthly_by_arena_year,78.10792704282221
lakebase,investor_commitment_summary,77.431673986041
lakebase,gl_monthly_by_arena_year,65.50952600940718
lakebase,gl_monthly_by_arena_year,88.28977045266129
lakebase,fund_performance_arena,73.63705943176058
lakebase,fund_performance_arena,83.83916452172002
dbsql,fund_performance_arena,511.0724185777826
lakebase,pnl_rollup_multi_month,100.70102071654219
lakebase,investor_commitment_summary,103.9120248708798
lakebase,gl_monthly_by_arena_year,82.62396589603327
dbsql,investor_commitment_summary,358.06760365773016
dbsql,worst_case_yoy_growth,695.5077417552502
dbsql,gl_monthly_by_arena_year,637.1891408346073
dbsql,gl_monthly_by_arena_year,477.83611475966836
lakebase,pnl_rollup_multi_month,132.22642280652508
dbsql,fund_performance_arena,493.88405052746975
dbsql,top10_properties_by_revenue,805.4594265876744
dbsql,fund_performance_arena,371.5317456279763
lakebase,investor_commitment_summary,105.83757082579837
lakebase,investor_commitment_summary,74.04190171666869
lakebase,investor_commitment_summary,82.59449105347016
lakebase,top10_properties_by_revenue,69.13565838340219
lakebase,fund_performance_arena,64.643996693178
lakebase,gl_monthly_by_arena_year,64.49761029409729
lakebase,fund_performance_arena,87.98364651030965
lakebase,gl_monthly_by_arena_year,71.5531261586193
lakebase,fund_performance_arena,64.07519352768531
lakebase,investor_commitment_summary,75.46995734458051
dbsql,top10_properties_by_revenue,531.8770701647964
dbsql,top10_properties_by_revenue,2044.4215894968352
lakebase,property_financials_joined,86.7388235690214
dbsql,worst_case_yoy_growth,104868.41699567759
dbsql,pnl_rollup_multi_month,612.7233502651279
lakebase,gl_monthly_by_arena_year,70.38867699873208
lakebase,investor_commitment_summary,81.80727599079773
dbsql,gl_monthly_by_arena_year,477.5013967632731
dbsql,worst_case_yoy_growth,579.0962469117176
lakebase,top10_properties_by_revenue,63.348048406624
lakebase,top10_properties_by_revenue,61.54896853900027
lakebase,property_financials_joined,68.95749957732278
dbsql,property_financials_joined,667.1376895849335
lakebase,gl_monthly_by_arena_year,67.702573840279
lakebase,pnl_rollup_multi_month,122.04243409519222
lakebase,investor_commitment_summary,80.2085385687974
lakebase,top10_properties_by_revenue,63.75227450683951
dbsql,gl_monthly_by_arena_year,778.7323313618231
dbsql,gl_monthly_by_arena_year,513.602595904672
lakebase,property_financials_joined,83.83758219736137
lakebase,gl_monthly_by_arena_year,87.71301466822479
dbsql,property_financials_joined,986.2205019804264
lakebase,pnl_rollup_multi_month,112.63522970261874
dbsql,investor_commitment_summary,285.1621887066358
dbsql,fund_performance_arena,499.78081639193306
dbsql,top10_properties_by_revenue,672.8948548243352
lakebase,pnl_rollup_multi_month,105.5939888000097
dbsql,investor_commitment_summary,684.5726967067662
dbsql,top10_properties_by_revenue,758.4287305030557
lakebase,property_financials_joined,85.86836861303482
lakebase,investor_commitment_summary,88.55672432969186
lakebase,investor_commitment_summary,70.23632145137526
lakebase,property_financials_joined,114.48498127015228
lakebase,property_financials_joined,159.41121569932193
lakebase,gl_monthly_by_arena_year,69.38245714874824
dbsql,fund_performance_arena,523.1380095822828
lakebase,investor_commitment_summary,116.3357858180234
dbsql,gl_monthly_by_arena_year,626.1182667802814
dbsql,top10_properties_by_revenue,880.683495544929
dbsql,pnl_rollup_multi_month,625.0448808675628
dbsql,fund_performance_arena,324.62351328126715
dbsql,property_financials_joined,602.0718740853681
dbsql,property_financials_joined,478.54110497962665
dbsql,investor_commitment_summary,642.7743073693932
dbsql,pnl_rollup_multi_month,964.1270141244718
dbsql,investor_commitment_summary,703.1491105302905
dbsql,investor_commitment_summary,852.3160446869156
lakebase,investor_commitment_summary,83.98502475517944
dbsql,investor_commitment_summary,327.2661393813223
dbsql,investor_commitment_summary,768.6017195488262
dbsql,property_financials_joined,950.4801470429243
lakebase,gl_monthly_by_arena_year,105.36343925429037
dbsql,gl_monthly_by_arena_year,715.2551719821076
lakebase,top10_properties_by_revenue,83.76242891108632
dbsql,property_financials_joined,547.1780065049643
lakebase,investor_commitment_summary,89.86881795793522
lakebase,pnl_rollup_multi_month,139.4688094300136
dbsql,gl_monthly_by_arena_year,737.7631221144156
dbsql,fund_performance_arena,521.4733366263431
lakebase,property_financials_joined,104.6631325844487
dbsql,gl_monthly_by_arena_year,657.8839651976978
lakebase,pnl_rollup_multi_month,187.03067766531944
dbsql,property_financials_joined,671.0858201345218
dbsql,gl_monthly_by_arena_year,523.0679063424759
dbsql,investor_commitment_summary,455.35875740006304
dbsql,fund_performance_arena,327.82850893943305
dbsql,fund_performance_arena,330.3847000223641
dbsql,gl_monthly_by_arena_year,483.4184187318442
dbsql,gl_monthly_by_arena_year,660.6513635627493
lakebase,gl_monthly_by_arena_year,92.56371909941663
dbsql,property_financials_joined,596.7325820510325
dbsql,pnl_rollup_multi_month,877.3300440111598
lakebase,property_financials_joined,82.8257446245857
lakebase,investor_commitment_summary,95.67933530479422
dbsql,investor_commitment_summary,700.8213279103472
lakebase,property_financials_joined,89.2765168320011
lakebase,gl_monthly_by_arena_year,68.68256616598956
lakebase,gl_monthly_by_arena_year,67.91948390275593
lakebase,investor_commitment_summary,76.44820560233256
lakebase,investor_commitment_summary,82.19139530285702
dbsql,gl_monthly_by_arena_year,627.8976896082895
dbsql,investor_commitment_summary,405.2563221801222
dbsql,gl_monthly_by_arena_year,848.9428721157424
lakebase,property_financials_joined,89.53163731558789
lakebase,gl_monthly_by_arena_year,70.72466694205559
dbsql,gl_monthly_by_arena_year,675.6211370001779
lakebase,gl_monthly_by_arena_year,68.22820023757004
lakebase,property_financials_joined,63.11528569594316
dbsql,property_financials_joined,555.8262397372573
lakebase,investor_commitment_summary,88.9959588569127
lakebase,top10_properties_by_revenue,76.50587985813218
dbsql,gl_monthly_by_arena_year,477.493386960532
dbsql,investor_commitment_summary,683.8706755755766
lakebase,investor_commitment_summary,93.21327459019813
dbsql,pnl_rollup_multi_month,890.6997126738361
dbsql,worst_case_yoy_growth,589.2919074665315
lakebase,investor_commitment_summary,81.11187298459299
dbsql,property_financials_joined,538.6594061591268
lakebase,property_financials_joined,82.3826049308991
dbsql,pnl_rollup_multi_month,607.5101376816292
lakebase,top10_properties_by_revenue,61.25279587459431
dbsql,gl_monthly_by_arena_year,500.0296091503742
lakebase,pnl_rollup_multi_month,100.51247573539968
lakebase,fund_performance_arena,62.90378449637046
lakebase,investor_commitment_summary,88.95456743061914
dbsql,pnl_rollup_multi_month,961.8262300919582
lakebase,gl_monthly_by_arena_year,167.7154180033824
dbsql,gl_monthly_by_arena_year,687.8684470329404
lakebase,top10_properties_by_revenue,102.86024749086664
lakebase,fund_performance_arena,60.65298110979711
lakebase,pnl_rollup_multi_month,213.988118427892
dbsql,property_financials_joined,1049.93652917247
lakebase,property_financials_joined,95.37533986423341
dbsql,investor_commitment_summary,626.2505565688912
dbsql,fund_performance_arena,442.12752042164993
dbsql,fund_performance_arena,549.3863933193666
dbsql,pnl_rollup_multi_month,945.463020928571
lakebase,top10_properties_by_revenue,74.61845591382144
dbsql,top10_properties_by_revenue,567.9364577606236
dbsql,fund_performance_arena,514.1378290692273
lakebase,pnl_rollup_multi_month,176.0966878693182
dbsql,top10_properties_by_revenue,857.6775911920436
lakebase,gl_monthly_by_arena_year,69.36966077648776
lakebase,fund_performance_arena,73.10792446472192
lakebase,fund_performance_arena,67.61441552407632
lakebase,top10_properties_by_revenue,70.54081930755274
lakebase,investor_commitment_summary,91.11184223013424
dbsql,investor_commitment_summary,339.6975048352715
lakebase,property_financials_joined,72.53811697984247
lakebase,investor_commitment_summary,78.22969323115103
dbsql,top10_properties_by_revenue,938.1005189081861
dbsql,fund_performance_arena,520.7321651514007
lakebase,top10_properties_by_revenue,65.05900408234311
dbsql,pnl_rollup_multi_month,939.6112085591994
dbsql,property_financials_joined,930.3235671473544
lakebase,property_financials_joined,60.81992163188943
lakebase,investor_commitment_summary,78.60066017549627
dbsql,top10_properties_by_revenue,840.9198584913042
lakebase,gl_monthly_by_arena_year,64.81122636097325
dbsql,pnl_rollup_multi_month,1006.6967875577859
lakebase,investor_commitment_summary,91.6670466241385
dbsql,investor_commitment_summary,325.485515189996
lakebase,pnl_rollup_multi_month,111.64212742585278
dbsql,worst_case_yoy_growth,1961.1326125784103
dbsql,property_financials_joined,1158.2337084039978
lakebase,pnl_rollup_multi_month,110.55233508204765
lakebase,property_financials_joined,60.14848531617645
lakebase,top10_properties_by_revenue,70.90389361439975
lakebase,investor_commitment_summary,80.8928337062298
lakebase,property_financials_joined,78.0723697199619
lakebase,investor_commitment_summary,228.10364022330987
dbsql,fund_performance_arena,522.3721611052952
dbsql,pnl_rollup_multi_month,551.0880432153726
dbsql,gl_monthly_by_arena_year,642.402811482043
lakebase,property_financials_joined,120.12779649150218
lakebase,fund_performance_arena,67.80263983296209
lakebase,gl_monthly_by_arena_year,71.87076591384312
lakebase,investor_commitment_summary,71.73646987450866
lakebase,investor_commitment_summary,96.47722192502783
lakebase,gl_monthly_by_arena_year,77.63872234636437
dbsql,property_financials_joined,3054.041285716181
lakebase,top10_properties_by_revenue,74.24866318763179
dbsql,gl_monthly_by_arena_year,499.68060523642066
lakebase,investor_commitment_summary,91.33269328310689
lakebase,pnl_rollup_multi_month,121.6575665413302
dbsql,fund_performance_arena,493.4442248610367
dbsql,investor_commitment_summary,300.9662359098684
dbsql,pnl_rollup_multi_month,589.7577002251637
lakebase,property_financials_joined,512.440729499076
lakebase,pnl_rollup_multi_month,109.06367456522048
dbsql,gl_monthly_by_arena_year,671.5476803088336
dbsql,investor_commitment_summary,529.843075418384
lakebase,gl_monthly_by_arena_year,61.4602958244177
dbsql,gl_monthly_by_arena_year,760.6198394936996
dbsql,pnl_rollup_multi_month,950.3244389627525
lakebase,property_financials_joined,65.20518169452316
dbsql,fund_performance_arena,471.72855670783065
dbsql,worst_case_yoy_growth,781.6079207301527
lakebase,fund_performance_arena,84.95832681944648
lakebase,investor_commitment_summary,83.42885173220793
dbsql,investor_commitment_summary,337.9661194298933
dbsql,pnl_rollup_multi_month,730.5373513851805
dbsql,property_financials_joined,914.8868784945421
lakebase,investor_commitment_summary,70.99966502713073
lakebase,property_financials_joined,85.43359595144295
dbsql,investor_commitment_summary,412.47616757345895
dbsql,pnl_rollup_multi_month,849.865515079955
lakebase,investor_commitment_summary,100.24029849159888
lakebase,top10_properties_by_revenue,92.0340480678874
lakebase,property_financials_joined,70.46162762958375
lakebase,property_financials_joined,95.56465865179575
dbsql,investor_commitment_summary,693.6280601318003
lakebase,pnl_rollup_multi_month,117.9627272301218
dbsql,pnl_rollup_multi_month,1269.7052367959714
lakebase,investor_commitment_summary,98.6187572855215
dbsql,gl_monthly_by_arena_year,779.8927207712154
dbsql,pnl_rollup_multi_month,635.7267397153237
dbsql,property_financials_joined,1030.3617073564908
dbsql,fund_performance_arena,491.8979666783798
lakebase,property_financials_joined,66.98688259783125
dbsql,gl_monthly_by_arena_year,645.9247160311179
lakebase,investor_commitment_summary,73.81623561661854
lakebase,gl_monthly_by_arena_year,79.8574158098404
lakebase,investor_commitment_summary,96.45721314404909
lakebase,gl_monthly_by_arena_year,80.76251033958215
lakebase,gl_monthly_by_arena_year,65.89436575609398
lakebase,property_financials_joined,96.17822366516293
dbsql,pnl_rollup_multi_month,1059.4643002875728
lakebase,pnl_rollup_multi_month,118.5369673146397
dbsql,worst_case_yoy_growth,589.7304054028609
dbsql,pnl_rollup_multi_month,901.1507094713238
dbsql,property_financials_joined,541.6727147648999
dbsql,property_financials_joined,505.5089137636628
lakebase,pnl_rollup_multi_month,103.02617761408328
dbsql,fund_performance_arena,463.0197001696388
lakebase,property_financials_joined,93.76012221369479
lakebase,gl_monthly_by_arena_year,62.651217042457574
dbsql,fund_performance_arena,416.7195461744768
lakebase,gl_monthly_by_arena_year,61.842745709668634
lakebase,investor_commitment_summary,94.95038596503491
dbsql,pnl_rollup_multi_month,897.9437392671343
dbsql,gl_monthly_by_arena_year,680.5323054226733
dbsql,property_financials_joined,999.7035161841268
dbsql,investor_commitment_summary,362.47268065085336
dbsql,investor_commitment_summary,939.9334022019019
dbsql,investor_commitment_summary,307.3722124501046
dbsql,gl_monthly_by_arena_year,571.0768540326399
dbsql,pnl_rollup_multi_month,927.5997504215638
lakebase,investor_commitment_summary,84.86621993290555
dbsql,pnl_rollup_multi_month,577.4185681643758
lakebase,top10_properties_by_revenue,60.242145825100124
lakebase,gl_monthly_by_arena_year,90.6810786061385
lakebase,gl_monthly_by_arena_year,62.95604708981273
lakebase,gl_monthly_by_arena_year,321.96819250918907
dbsql,top10_properties_by_revenue,786.1238223200075
dbsql,fund_performance_arena,372.31576471481276
lakebase,investor_commitment_summary,119.32393219913706
dbsql,investor_commitment_summary,343.6867760229916
lakebase,fund_performance_arena,68.96581839646387
lakebase,property_financials_joined,81.9506558932801
dbsql,property_financials_joined,909.4388804753919
lakebase,gl_monthly_by_arena_year,76.53266071656617
dbsql,property_financials_joined,2893.211458197129
lakebase,investor_commitment_summary,79.12712801311272
lakebase,fund_performance_arena,59.67052205720336
dbsql,worst_case_yoy_growth,555.8280779797542
dbsql,fund_performance_arena,426.1733236203611
lakebase,gl_monthly_by_arena_year,70.1382419073866
dbsql,top10_properties_by_revenue,842.6815896926882
dbsql,investor_commitment_summary,308.2387048344799
lakebase,pnl_rollup_multi_month,147.2262113055649
lakebase,property_financials_joined,67.8312078425165
dbsql,property_financials_joined,534.2847168088838
lakebase,gl_monthly_by_arena_year,71.52397002909083
dbsql,gl_monthly_by_arena_year,466.7548508072059
lakebase,investor_commitment_summary,77.20287010431548
dbsql,gl_monthly_by_arena_year,507.98668477034425
lakebase,fund_performance_arena,64.37047140320828
dbsql,fund_performance_arena,368.3772332390163
dbsql,fund_performance_arena,510.9131626449539
lakebase,property_financials_joined,106.22770840120666
dbsql,top10_properties_by_revenue,2071.3738173543843
dbsql,gl_monthly_by_arena_year,639.931615850287
lakebase,property_financials_joined,84.39763504338771
dbsql,worst_case_yoy_growth,686.0314541644925
lakebase,property_financials_joined,88.33134232494899
dbsql,investor_commitment_summary,692.2538678927026
lakebase,top10_properties_by_revenue,73.96076982547584
dbsql,gl_monthly_by_arena_year,662.199514336919
dbsql,fund_performance_arena,561.825395399012
dbsql,worst_case_yoy_growth,607.5077594093159
lakebase,top10_properties_by_revenue,120.396993769873
dbsql,top10_properties_by_revenue,989.4899358867804
lakebase,gl_monthly_by_arena_year,78.1816208644841
dbsql,fund_performance_arena,642.4638379700411
lakebase,investor_commitment_summary,97.8596646961023
lakebase,pnl_rollup_multi_month,119.15885085227274
lakebase,property_financials_joined,71.11267327525184
lakebase,property_financials_joined,65.95845044716953
lakebase,gl_monthly_by_arena_year,69.1243682990148
dbsql,investor_commitment_summary,320.25408769732167
dbsql,top10_properties_by_revenue,855.4740489331607
lakebase,property_financials_joined,79.72011534252488
dbsql,property_financials_joined,906.8600506459461
dbsql,investor_commitment_summary,337.9284277920078
lakebase,investor_commitment_summary,295.9047259778913
lakebase,gl_monthly_by_arena_year,73.04384159408528
dbsql,fund_performance_arena,361.3327829082209
lakebase,property_financials_joined,78.0555789182813
dbsql,investor_commitment_summary,603.8945044157344
dbsql,fund_performance_arena,308.5860514380556
dbsql,pnl_rollup_multi_month,1122.0572760914251
lakebase,pnl_rollup_multi_month,131.23917330625545
dbsql,gl_monthly_by_arena_year,901.0292634769996
dbsql,property_financials_joined,857.0106566888853
lakebase,gl_monthly_by_arena_year,67.8768359678088
dbsql,top10_properties_by_revenue,1405.8862620315722
lakebase,investor_commitment_summary,105.44432614040034
lakebase,gl_monthly_by_arena_year,55.66419200306427
dbsql,investor_commitment_summary,691.4731508437058
lakebase,property_financials_joined,78.22209145274428
dbsql,investor_commitment_summary,341.9990956966785
dbsql,gl_monthly_by_arena_year,642.6558874791795
lakebase,property_financials_joined,87.9963000703583
dbsql,fund_performance_arena,477.7369311731263
dbsql,gl_monthly_by_arena_year,471.6943657731463
lakebase,top10_properties_by_revenue,82.88276465549416
lakebase,property_financials_joined,86.0423721721304
dbsql,property_financials_joined,1531.2356476389652
lakebase,pnl_rollup_multi_month,141.2136364036769
dbsql,investor_commitment_summary,684.5687890082672
lakebase,pnl_rollup_multi_month,116.4450318535728
dbsql,pnl_rollup_multi_month,1073.3939430606938
lakebase,property_financials_joined,83.52913066539713
dbsql,top10_properties_by_revenue,919.1746225224051
dbsql,gl_monthly_by_arena_year,481.26952323809746
lakebase,gl_monthly_by_arena_year,67.5689652286735
dbsql,investor_commitment_summary,884.4002523619565
dbsql,property_financials_joined,876.7764621369452
dbsql,fund_performance_arena,339.97017782030525
dbsql,property_financials_joined,687.6958611987902
lakebase,investor_commitment_summary,75.89736339423325
dbsql,property_financials_joined,836.0376612429263
dbsql,gl_monthly_by_arena_year,645.767558229636
lakebase,property_financials_joined,87.13431287431206
lakebase,pnl_rollup_multi_month,105.95785765883647
dbsql,investor_commitment_summary,704.4826217819491
dbsql,property_financials_joined,1203.2694718493246
dbsql,fund_performance_arena,433.8313313228923
lakebase,pnl_rollup_multi_month,114.63493702666483
lakebase,pnl_rollup_multi_month,127.83003306390128
lakebase,gl_monthly_by_arena_year,118.65383764381932
dbsql,pnl_rollup_multi_month,1243.8021387876006
lakebase,investor_commitment_summary,76.6335279715804
dbsql,property_financials_joined,537.9948702006345
lakebase,gl_monthly_by_arena_year,60.343520148137486
lakebase,investor_commitment_summary,85.98839277885872
lakebase,property_financials_joined,99.78404298993837
lakebase,top10_properties_by_revenue,59.98361687306897
dbsql,top10_properties_by_revenue,1114.6447500996715
dbsql,worst_case_yoy_growth,738.7152406129758
dbsql,investor_commitment_summary,311.60186555632663
dbsql,pnl_rollup_multi_month,773.5161531033015
dbsql,investor_commitment_summary,312.91534531624166
dbsql,top10_properties_by_revenue,1454.4114551303692
dbsql,fund_performance_arena,3267.120719762161
lakebase,gl_monthly_by_arena_year,70.25701497173031
dbsql,property_financials_joined,1733.266921799924
dbsql,pnl_rollup_multi_month,606.6983727693582
dbsql,top10_properties_by_revenue,483.6161369070169
lakebase,investor_commitment_summary,99.07465991602749
dbsql,pnl_rollup_multi_month,1036.8078029199523
dbsql,fund_performance_arena,637.8048045212381
lakebase,fund_performance_arena,84.89183314247839
dbsql,investor_commitment_summary,642.4081614882198
dbsql,pnl_rollup_multi_month,556.9488469480461
dbsql,property_financials_joined,598.1556990823265
lakebase,gl_monthly_by_arena_year,95.14769180030669
lakebase,property_financials_joined,86.50753516275245
lakebase,property_financials_joined,82.48064872827854
lakebase,investor_commitment_summary,72.80214159547427
dbsql,investor_commitment_summary,736.4141622211093
lakebase,fund_performance_arena,54.45187300421139
dbsql,gl_monthly_by_arena_year,742.677145455076
dbsql,worst_case_yoy_growth,571.6851484007748
dbsql,fund_performance_arena,459.4255989205749
dbsql,gl_monthly_by_arena_year,493.0092668354291
lakebase,investor_commitment_summary,89.33741872340306
lakebase,top10_properties_by_revenue,78.9654195675098
dbsql,investor_commitment_summary,343.24430620699786
dbsql,property_financials_joined,552.5450274315062
lakebase,gl_monthly_by_arena_year,62.779737990638296
lakebase,property_financials_joined,83.07654921014773
dbsql,investor_commitment_summary,732.5310225782005
lakebase,gl_monthly_by_arena_year,61.249119353135484
lakebase,property_financials_joined,104.89857286881943
lakebase,fund_performance_arena,55.80061499460953
dbsql,top10_properties_by_revenue,928.8307882914069
dbsql,investor_commitment_summary,316.1981437124268
dbsql,gl_monthly_by_arena_year,489.9254364892158
dbsql,gl_monthly_by_arena_year,711.1890541177104
dbsql,investor_commitment_summary,624.7579974724999
dbsql,investor_commitment_summary,658.4379344796503
dbsql,property_financials_joined,839.7172874997523
dbsql,investor_commitment_summary,303.4516265917091
lakebase,investor_commitment_summary,86.29885295476925
lakebase,pnl_rollup_multi_month,180.042405915799
lakebase,pnl_rollup_multi_month,374.4986185238304
dbsql,worst_case_yoy_growth,636.7368702637464
lakebase,gl_monthly_by_arena_year,71.40742348246931
dbsql,gl_monthly_by_arena_year,737.4491573645514
lakebase,property_financials_joined,60.21430465358435
dbsql,top10_properties_by_revenue,1170.6106304873601
dbsql,top10_properties_by_revenue,569.0661353382893
lakebase,property_financials_joined,96.73531315684158
lakebase,pnl_rollup_multi_month,113.83136318931975
dbsql,gl_monthly_by_arena_year,708.0561289659499
dbsql,pnl_rollup_multi_month,923.5185165100006
dbsql,investor_commitment_summary,341.9052788739805
lakebase,gl_monthly_by_arena_year,60.172646907176386
lakebase,gl_monthly_by_arena_year,94.31420635280574
dbsql,investor_commitment_summary,805.6781753389828
dbsql,top10_properties_by_revenue,895.3119737573161
dbsql,top10_properties_by_revenue,1237.0746597351
lakebase,fund_performance_arena,61.530458972129054
lakebase,fund_performance_arena,60.14913167297209
lakebase,property_financials_joined,100.50176897186702
lakebase,property_financials_joined,76.24688569046612
lakebase,property_financials_joined,85.69043899080953
lakebase,investor_commitment_summary,84.81470292127824
dbsql,gl_monthly_by_arena_year,936.6656106653011
dbsql,property_financials_joined,839.0500065544302
lakebase,top10_properties_by_revenue,59.84448318605473
dbsql,gl_monthly_by_arena_year,495.08762737650613
lakebase,gl_monthly_by_arena_year,104.55629141438294
dbsql,investor_commitment_summary,710.3441136700894
lakebase,investor_commitment_summary,76.4927624863958
dbsql,worst_case_yoy_growth,881.0526647492622
lakebase,investor_commitment_summary,71.72628692285343
dbsql,property_financials_joined,959.6830948182742
lakebase,fund_performance_arena,79.31177680751489
lakebase,top10_properties_by_revenue,70.54323719722788
dbsql,property_financials_joined,470.7053329335622
lakebase,property_financials_joined,82.82018231375332
dbsql,gl_monthly_by_arena_year,468.36527966968333
lakebase,top10_properties_by_revenue,66.70955142243429
lakebase,top10_properties_by_revenue,87.9096273534401
dbsql,gl_monthly_by_arena_year,635.1041038666381
dbsql,pnl_rollup_multi_month,951.5838809795127
dbsql,property_financials_joined,500.54621180845515
dbsql,property_financials_joined,496.89362761796474
lakebase,property_financials_joined,62.47681159857166
lakebase,pnl_rollup_multi_month,106.71292530059873
dbsql,pnl_rollup_multi_month,928.0426029280306
lakebase,investor_commitment_summary,75.95513242119978
lakebase,fund_performance_arena,64.1022664257207
lakebase,fund_performance_arena,70.3338146876149
lakebase,fund_performance_arena,55.55901063269175
lakebase,gl_monthly_by_arena_year,67.30005952292117
lakebase,pnl_rollup_multi_month,165.32504584250773
lakebase,investor_commitment_summary,76.2904885884268
lakebase,investor_commitment_summary,73.06659716579134
lakebase,pnl_rollup_multi_month,101.84013437071826
lakebase,top10_properties_by_revenue,88.62603406248581
lakebase,property_financials_joined,70.71658668985492
lakebase,pnl_rollup_multi_month,93.34782827522758
dbsql,property_financials_joined,2139.7259442381655
dbsql,gl_monthly_by_arena_year,654.9626970959253
dbsql,property_financials_joined,944.9857983351535
dbsql,gl_monthly_by_arena_year,482.0348443864191
lakebase,investor_commitment_summary,134.88315207791857
dbsql,pnl_rollup_multi_month,1052.5730629723284
dbsql,pnl_rollup_multi_month,1058.263919408887
lakebase,investor_commitment_summary,72.81737867609195
lakebase,top10_properties_by_revenue,87.32302024336036
dbsql,gl_monthly_by_arena_year,846.2269239968521
lakebase,gl_monthly_by_arena_year,235.90195109534307
lakebase,top10_properties_by_revenue,70.2252952305571
dbsql,gl_monthly_by_arena_year,811.9257799198181
dbsql,pnl_rollup_multi_month,878.423341882467
dbsql,gl_monthly_by_arena_year,508.919754279475
dbsql,top10_properties_by_revenue,1058.4882863737164
lakebase,investor_commitment_summary,92.08320320260555
lakebase,top10_properties_by_revenue,97.23942160945853
dbsql,top10_properties_by_revenue,891.2802393363677
lakebase,fund_performance_arena,69.04323296419079
dbsql,fund_performance_arena,489.8786743334824
lakebase,top10_properties_by_revenue,65.51834131246892
lakebase,investor_commitment_summary,103.82610663782543
dbsql,gl_monthly_by_arena_year,506.97330863204115
lakebase,pnl_rollup_multi_month,103.40757359148256
lakebase,investor_commitment_summary,84.70432991794041
dbsql,gl_monthly_by_arena_year,698.5957503579243
lakebase,pnl_rollup_multi_month,141.88886244909327
dbsql,fund_performance_arena,496.4147336022222
lakebase,investor_commitment_summary,70.73648776929531
dbsql,property_financials_joined,841.7637908693791
dbsql,top10_properties_by_revenue,897.1126593652343
dbsql,top10_properties_by_revenue,525.239441665974
lakebase,investor_commitment_summary,80.82985140890742
lakebase,pnl_rollup_multi_month,112.474260706108
lakebase,pnl_rollup_multi_month,129.05955569806338
dbsql,pnl_rollup_multi_month,935.9670045595578
dbsql,fund_performance_arena,423.9341638145788
lakebase,fund_performance_arena,55.19404836425679
lakebase,fund_performance_arena,84.43627802651577
dbsql,fund_performance_arena,658.7738703840103
lakebase,investor_commitment_summary,86.27475015146047
lakebase,pnl_rollup_multi_month,151.38308827306446
lakebase,property_financials_joined,60.51698999630162
dbsql,property_financials_joined,578.7744586533563
dbsql,investor_commitment_summary,323.8401909471236
lakebase,gl_monthly_by_arena_year,108.2073836406039
dbsql,property_financials_joined,991.4433717108864
lakebase,property_financials_joined,71.61405076038818
dbsql,pnl_rollup_multi_month,609.7869018913116
lakebase,pnl_rollup_multi_month,127.51895772669286
dbsql,top10_properties_by_revenue,463.16853398502644
lakebase,fund_performance_arena,66.57330466799749
dbsql,property_financials_joined,548.767397143024
dbsql,property_financials_joined,574.1581080206117
dbsql,investor_commitment_summary,395.79196026670616
dbsql,fund_performance_arena,501.6980753417215
dbsql,gl_monthly_by_arena_year,767.4984767206183
lakebase,property_financials_joined,92.33836730066969
lakebase,pnl_rollup_multi_month,124.3885359573369
dbsql,top10_properties_by_revenue,859.6468250929092
dbsql,property_financials_joined,946.6510133348152
lakebase,pnl_rollup_multi_month,187.87866923135255
dbsql,property_financials_joined,2692.9705559132626
dbsql,worst_case_yoy_growth,613.3592036654818
dbsql,fund_performance_arena,598.7741264041233
dbsql,property_financials_joined,2282.349740489508
lakebase,investor_commitment_summary,76.60787267752767
lakebase,property_financials_joined,110.75869981348774
lakebase,gl_monthly_by_arena_year,60.64989666128895
lakebase,pnl_rollup_multi_month,117.7314866559982
dbsql,gl_monthly_by_arena_year,781.9989786013082
lakebase,pnl_rollup_multi_month,121.1721396455232
lakebase,top10_properties_by_revenue,112.69202833636882
lakebase,investor_commitment_summary,61.32243386647929
lakebase,pnl_rollup_multi_month,102.92861168278478
dbsql,fund_performance_arena,500.9440011839388
lakebase,top10_properties_by_revenue,73.65585976754119
lakebase,investor_commitment_summary,70.41618396772265
lakebase,investor_commitment_summary,111.50745026196773
dbsql,worst_case_yoy_growth,604.1975776318509
dbsql,top10_properties_by_revenue,530.5033830586581
lakebase,investor_commitment_summary,80.052473570845
dbsql,worst_case_yoy_growth,581.8140992213898
lakebase,property_financials_joined,68.98226933509477
lakebase,investor_commitment_summary,123.32286767033906
dbsql,top10_properties_by_revenue,795.7886131754321
dbsql,worst_case_yoy_growth,578.9752355478868
dbsql,property_financials_joined,886.7335554471083
dbsql,investor_commitment_summary,669.8059313238218
dbsql,top10_properties_by_revenue,790.7610398895599
dbsql,fund_performance_arena,342.68732892269327
dbsql,property_financials_joined,2597.99150199369
lakebase,fund_performance_arena,60.61809785157379
dbsql,investor_commitment_summary,728.2111379363982
dbsql,property_financials_joined,960.6162857081415
dbsql,fund_performance_arena,561.7784714158915
lakebase,top10_properties_by_revenue,66.07378739522574
lakebase,top10_properties_by_revenue,67.89671358137639
dbsql,gl_monthly_by_arena_year,732.7972604629167
dbsql,pnl_rollup_multi_month,1056.1532989813713
lakebase,gl_monthly_by_arena_year,109.09458026935681
dbsql,fund_performance_arena,621.7009654585013
lakebase,fund_performance_arena,108.05052333228105
lakebase,top10_properties_by_revenue,83.99059896066774
dbsql,property_financials_joined,542.5341132149697
dbsql,top10_properties_by_revenue,813.2624623738707
lakebase,gl_monthly_by_arena_year,61.7398825742157
dbsql,top10_properties_by_revenue,849.1195586903473
dbsql,fund_performance_arena,485.65639169453334
dbsql,investor_commitment_summary,610.9969760371996
dbsql,gl_monthly_by_arena_year,673.713362489309
lakebase,top10_properties_by_revenue,65.48189831858053
lakebase,fund_performance_arena,62.1234217375104
lakebase,gl_monthly_by_arena_year,73.32564129353614
dbsql,gl_monthly_by_arena_year,1058.7812643105963
lakebase,pnl_rollup_multi_month,103.81476787947008
dbsql,gl_monthly_by_arena_year,483.67531427976473
lakebase,property_financials_joined,116.63579585757589
dbsql,top10_properties_by_revenue,998.7028222479921
lakebase,gl_monthly_by_arena_year,159.27278424135238
lakebase,investor_commitment_summary,101.33382256474022
lakebase,investor_commitment_summary,78.16573821258999
dbsql,property_financials_joined,513.3754123339713
lakebase,pnl_rollup_multi_month,135.31947778386666
dbsql,investor_commitment_summary,369.3684567693367
lakebase,gl_monthly_by_arena_year,72.91001498248306
dbsql,gl_monthly_by_arena_year,764.6782286336133
lakebase,investor_commitment_summary,88.09014650387326
dbsql,pnl_rollup_multi_month,1111.2188621211203
dbsql,investor_commitment_summary,1321.2444224549245
dbsql,investor_commitment_summary,642.3002759241854
lakebase,gl_monthly_by_arena_year,68.42538965224776
dbsql,property_financials_joined,545.5455792877046
dbsql,gl_monthly_by_arena_year,486.3629548213453
lakebase,fund_performance_arena,60.39664747561346
lakebase,investor_commitment_summary,83.68891362925979
dbsql,property_financials_joined,952.8050547247631
lakebase,pnl_rollup_multi_month,112.0837927435332
lakebase,investor_commitment_summary,78.22974257680926
lakebase,gl_monthly_by_arena_year,58.46064155880981
dbsql,worst_case_yoy_growth,45878.20663317024
dbsql,investor_commitment_summary,793.0572501061874
lakebase,investor_commitment_summary,87.96856606653591
dbsql,top10_properties_by_revenue,816.7251223591165
lakebase,gl_monthly_by_arena_year,70.71789822606434
dbsql,investor_commitment_summary,331.0999954755971
lakebase,pnl_rollup_multi_month,139.5721516599906
lakebase,pnl_rollup_multi_month,137.02504917733904
lakebase,gl_monthly_by_arena_year,74.04426636779249
dbsql,fund_performance_arena,377.453768931332
lakebase,gl_monthly_by_arena_year,64.38706537642247
lakebase,fund_performance_arena,68.89766667188724
dbsql,property_financials_joined,524.7548465914065
dbsql,gl_monthly_by_arena_year,718.8719422812255
dbsql,worst_case_yoy_growth,548.708605146885
lakebase,pnl_rollup_multi_month,109.278034878173
lakebase,gl_monthly_by_arena_year,78.01731353816876
dbsql,property_financials_joined,916.8385198784677
lakebase,gl_monthly_by_arena_year,72.14586661939393
lakebase,pnl_rollup_multi_month,133.9886259804075
lakebase,investor_commitment_summary,87.53053354462281
dbsql,property_financials_joined,485.14430950262977
lakebase,top10_properties_by_revenue,81.22346272216419
dbsql,gl_monthly_by_arena_year,804.3740090902816
dbsql,investor_commitment_summary,626.9226541875241
lakebase,property_financials_joined,92.86374015243837
dbsql,worst_case_yoy_growth,611.4771023462708
lakebase,property_financials_joined,81.30209555474721
dbsql,gl_monthly_by_arena_year,445.4874237197828
lakebase,pnl_rollup_multi_month,119.37627133431761
dbsql,gl_monthly_by_arena_year,671.323995463581
lakebase,investor_commitment_summary,89.49469294236678
lakebase,property_financials_joined,184.28666646809688
lakebase,investor_commitment_summary,73.40628941392424
dbsql,investor_commitment_summary,321.0824635832523
dbsql,property_financials_joined,504.62517538755947
dbsql,worst_case_yoy_growth,649.1564662661631
lakebase,top10_properties_by_revenue,79.47893007064977
dbsql,gl_monthly_by_arena_year,572.6024577446651
dbsql,investor_commitment_summary,312.5968675126387
lakebase,property_financials_joined,113.23383363367157
dbsql,fund_performance_arena,552.4751984933118
dbsql,pnl_rollup_multi_month,750.7026448239742
lakebase,investor_commitment_summary,77.37940707906432
lakebase,gl_monthly_by_arena_year,66.86517925048463
lakebase,investor_commitment_summary,94.36645687480905
lakebase,property_financials_joined,63.4565817422299
lakebase,pnl_rollup_multi_month,126.7062069502316
dbsql,fund_performance_arena,494.1834976784776
dbsql,top10_properties_by_revenue,918.6871782827666
lakebase,gl_monthly_by_arena_year,112.35672734531477
dbsql,fund_performance_arena,512.1556949336536
dbsql,fund_performance_arena,529.4754150465906
lakebase,top10_properties_by_revenue,73.91839281820012
lakebase,investor_commitment_summary,137.04640845915605
dbsql,property_financials_joined,619.117995916497
lakebase,top10_properties_by_revenue,58.69024817965851
dbsql,gl_monthly_by_arena_year,910.9386933422456
dbsql,investor_commitment_summary,625.4859589769239
lakebase,property_financials_joined,76.87827510085299
dbsql,gl_monthly_by_arena_year,498.8220031974606
lakebase,property_financials_joined,76.41655230384004
dbsql,investor_commitment_summary,642.9646202770982
dbsql,pnl_rollup_multi_month,550.6815908995577
dbsql,gl_monthly_by_arena_year,779.6477168236606
lakebase,property_financials_joined,80.32967723750062
dbsql,gl_monthly_by_arena_year,600.2513149414881
lakebase,investor_commitment_summary,73.57028956454315
dbsql,property_financials_joined,577.262867276005
dbsql,worst_case_yoy_growth,566.9179046077488
lakebase,investor_commitment_summary,79.72264615040103
lakebase,pnl_rollup_multi_month,124.0491720789123
lakebase,property_financials_joined,70.77903106394956
lakebase,property_financials_joined,59.316318843571025
lakebase,investor_commitment_summary,66.83353703576245
lakebase,gl_monthly_by_arena_year,66.64533533444228
dbsql,top10_properties_by_revenue,772.6858590946222
lakebase,gl_monthly_by_arena_year,87.40706098078022
dbsql,fund_performance_arena,577.8068822423847
lakebase,fund_performance_arena,61.73358510761773
lakebase,pnl_rollup_multi_month,115.36780739561436
dbsql,property_financials_joined,1668.8650371569622
lakebase,top10_properties_by_revenue,94.46947863085597
lakebase,gl_monthly_by_arena_year,74.68505226223954
dbsql,pnl_rollup_multi_month,8156.602751533526
dbsql,property_financials_joined,986.4020253880881
dbsql,gl_monthly_by_arena_year,708.5777316841586
lakebase,investor_commitment_summary,241.28524742616264
dbsql,pnl_rollup_multi_month,1117.9852797488934
lakebase,gl_monthly_by_arena_year,55.4820519266741
dbsql,gl_monthly_by_arena_year,753.0899507118249
lakebase,property_financials_joined,81.92624138172278
dbsql,worst_case_yoy_growth,752.5910357309158
dbsql,worst_case_yoy_growth,80084.15759592407
dbsql,gl_monthly_by_arena_year,817.8798215340635
dbsql,gl_monthly_by_arena_year,822.3439605177418
lakebase,investor_commitment_summary,70.4478199814389
lakebase,property_financials_joined,94.76740891264512
dbsql,worst_case_yoy_growth,646.6583880155099
dbsql,top10_properties_by_revenue,1236.7884750571534
dbsql,gl_monthly_by_arena_year,706.1540735076051
lakebase,property_financials_joined,86.40027962644581
lakebase,gl_monthly_by_arena_year,68.45238076402893
dbsql,gl_monthly_by_arena_year,506.8086085478285
lakebase,pnl_rollup_multi_month,131.81199360417395
dbsql,investor_commitment_summary,319.50003468489285
lakebase,gl_monthly_by_arena_year,64.24990245534445
dbsql,pnl_rollup_multi_month,1236.0501877989236
lakebase,fund_performance_arena,56.027033162138196
dbsql,pnl_rollup_multi_month,1083.8454977466938
lakebase,fund_performance_arena,62.64586257213978
lakebase,investor_commitment_summary,74.46877948058273
lakebase,fund_performance_arena,57.7134011039675
dbsql,top10_properties_by_revenue,873.562322465375
dbsql,gl_monthly_by_arena_year,561.568576957427
lakebase,top10_properties_by_revenue,69.80998375473746
dbsql,property_financials_joined,533.1926220457035
lakebase,pnl_rollup_multi_month,112.22330823969173
dbsql,pnl_rollup_multi_month,600.1256564497908
dbsql,gl_monthly_by_arena_year,506.2098475492576
lakebase,property_financials_joined,82.61375844409713
dbsql,pnl_rollup_multi_month,538.1939564680351
lakebase,investor_commitment_summary,83.17161402430884
lakebase,pnl_rollup_multi_month,96.77842880489607
dbsql,investor_commitment_summary,388.3411475635512
dbsql,pnl_rollup_multi_month,1013.5292745606534
dbsql,property_financials_joined,495.29970079595387
lakebase,property_financials_joined,72.49066059142706
dbsql,fund_performance_arena,353.47452830319526
dbsql,property_financials_joined,931.7507888200112
lakebase,top10_properties_by_revenue,95.67101987437354
dbsql,investor_commitment_summary,644.7575648310249
dbsql,gl_monthly_by_arena_year,755.9229509508896
dbsql,gl_monthly_by_arena_year,544.7649220593007
dbsql,investor_commitment_summary,596.587413236989
dbsql,pnl_rollup_multi_month,1585.4855789310136
lakebase,pnl_rollup_multi_month,342.33713987970305
dbsql,fund_performance_arena,471.5305819782998
lakebase,pnl_rollup_multi_month,143.04153656070184
lakebase,investor_commitment_summary,72.95886386589245
dbsql,gl_monthly_by_arena_year,595.736007995697
lakebase,gl_monthly_by_arena_year,67.2711263276824
dbsql,gl_monthly_by_arena_year,688.0603082601056
dbsql,gl_monthly_by_arena_year,677.900097276563
dbsql,investor_commitment_summary,653.199142330493
dbsql,top10_properties_by_revenue,810.5345871948657
lakebase,gl_monthly_by_arena_year,81.42216015627923
dbsql,top10_properties_by_revenue,808.4934593442767
lakebase,top10_properties_by_revenue,63.95673222380083
dbsql,pnl_rollup_multi_month,1213.6629509479064
lakebase,pnl_rollup_multi_month,177.8102835060622
lakebase,gl_monthly_by_arena_year,57.790032891944065
dbsql,top10_properties_by_revenue,1073.4279781848245
dbsql,gl_monthly_by_arena_year,701.80647752602
dbsql,top10_properties_by_revenue,922.27701647613
lakebase,fund_performance_arena,82.07137202325043
dbsql,gl_monthly_by_arena_year,701.1104308924132
dbsql,investor_commitment_summary,331.5851347873604
dbsql,investor_commitment_summary,795.4293083085702
lakebase,fund_performance_arena,55.057965566049916
lakebase,investor_commitment_summary,93.07795329166879
lakebase,pnl_rollup_multi_month,109.8104574830927
lakebase,fund_performance_arena,60.9382296748322
dbsql,property_financials_joined,623.0810964333386
lakebase,fund_performance_arena,67.39956672277003
lakebase,fund_performance_arena,65.65167068271194
lakebase,fund_performance_arena,78.18444460076535
dbsql,fund_performance_arena,532.3393054060261
lakebase,property_financials_joined,66.64011672043557
lakebase,property_financials_joined,90.36676854566394
dbsql,gl_monthly_by_arena_year,514.2367628693592
lakebase,fund_performance_arena,66.62042490862063
lakebase,pnl_rollup_multi_month,115.14711318682203
lakebase,fund_performance_arena,70.85330247832644
dbsql,property_financials_joined,2834.1094868701193
lakebase,top10_properties_by_revenue,65.21737044786846
lakebase,property_financials_joined,82.87996086460225
dbsql,fund_performance_arena,363.62220419812274
dbsql,top10_properties_by_revenue,536.7781545374726
lakebase,investor_commitment_summary,92.96248058382162
dbsql,investor_commitment_summary,627.6545760269983
dbsql,property_financials_joined,844.8127482467953
lakebase,investor_commitment_summary,71.45348688641207
lakebase,top10_properties_by_revenue,96.47383877955917
dbsql,gl_monthly_by_arena_year,607.5186632271823
dbsql,investor_commitment_summary,881.2552115902008
lakebase,top10_properties_by_revenue,80.74909371106287
lakebase,investor_commitment_summary,74.04192216479544
lakebase,property_financials_joined,64.37552306778116
dbsql,fund_performance_arena,458.51873100798457
dbsql,worst_case_yoy_growth,77520.61235944109
lakebase,top10_properties_by_revenue,91.15325559878329
lakebase,gl_monthly_by_arena_year,92.70002510078257
dbsql,property_financials_joined,892.1745366159826
lakebase,gl_monthly_by_arena_year,58.62766687067733
lakebase,pnl_rollup_multi_month,136.2812128297719
lakebase,pnl_rollup_multi_month,126.39568242030919
dbsql,fund_performance_arena,547.2070710944195
dbsql,investor_commitment_summary,720.0353252333116
dbsql,investor_commitment_summary,290.9086281014197
lakebase,property_financials_joined,113.2188344796532
dbsql,top10_properties_by_revenue,526.8843624505166
lakebase,fund_performance_arena,76.5475150265047
lakebase,investor_commitment_summary,102.05047505598941
lakebase,pnl_rollup_multi_month,105.27323324691906
dbsql,worst_case_yoy_growth,580.1579726797854
dbsql,gl_monthly_by_arena_year,496.14779142982
lakebase,gl_monthly_by_arena_year,68.23511706789986
dbsql,fund_performance_arena,418.60435988519384
lakebase,gl_monthly_by_arena_year,95.52767416687402
lakebase,fund_performance_arena,63.86549556771115
lakebase,investor_commitment_summary,77.43396585021856
lakebase,top10_properties_by_revenue,67.59583729206042
lakebase,property_financials_joined,87.41269232046989
dbsql,top10_properties_by_revenue,750.4274737417518
lakebase,top10_properties_by_revenue,69.99529070952804
dbsql,investor_commitment_summary,905.6649047606982
lakebase,top10_properties_by_revenue,60.423004933568336
lakebase,top10_properties_by_revenue,84.82678377180264
dbsql,property_financials_joined,1375.6143326185395
dbsql,fund_performance_arena,649.3390292051799
dbsql,fund_performance_arena,524.1827785734472
lakebase,property_financials_joined,75.82698398573484
lakebase,investor_commitment_summary,82.09548725960758
dbsql,property_financials_joined,911.3812282872118
lakebase,investor_commitment_summary,74.84294033406513
dbsql,gl_monthly_by_arena_year,1028.100052366284
dbsql,pnl_rollup_multi_month,915.1101101018071
dbsql,worst_case_yoy_growth,638.3806873855065
lakebase,fund_performance_arena,54.49018569532882
lakebase,investor_commitment_summary,97.79788970490699
dbsql,top10_properties_by_revenue,910.0839494741706
dbsql,top10_properties_by_revenue,3183.6500184863894
dbsql,gl_monthly_by_arena_year,814.7389030762042
dbsql,gl_monthly_by_arena_year,529.3583521983578
dbsql,fund_performance_arena,522.804742145297
lakebase,property_financials_joined,79.92884471241268
lakebase,pnl_rollup_multi_month,171.05087016102516
lakebase,investor_commitment_summary,77.13155624310275
lakebase,fund_performance_arena,69.9066912717683
lakebase,gl_monthly_by_arena_year,225.71549885242348
dbsql,top10_properties_by_revenue,1833.6735444260057
lakebase,gl_monthly_by_arena_year,69.35210081854848
dbsql,fund_performance_arena,570.2175318312754
dbsql,property_financials_joined,541.0340460282441
lakebase,fund_performance_arena,95.06800446783359
dbsql,fund_performance_arena,386.6240329695074
dbsql,pnl_rollup_multi_month,914.038836145096
dbsql,property_financials_joined,1060.3902085383652
lakebase,gl_monthly_by_arena_year,72.71785289970012
lakebase,property_financials_joined,106.34042682886502
dbsql,property_financials_joined,585.5312294610258
lakebase,top10_properties_by_revenue,101.11299900245285
dbsql,fund_performance_arena,618.0584104022842
dbsql,investor_commitment_summary,1047.2186138437678
dbsql,worst_case_yoy_growth,632.2261233366362
dbsql,investor_commitment_summary,675.1826685119227
dbsql,pnl_rollup_multi_month,941.5940557389604
dbsql,worst_case_yoy_growth,549.132355877191
dbsql,gl_monthly_by_arena_year,745.009952604903
lakebase,gl_monthly_by_arena_year,83.67582593643874
lakebase,top10_properties_by_revenue,82.39458228240437
dbsql,top10_properties_by_revenue,610.1186365793865
dbsql,investor_commitment_summary,382.4174498311095
lakebase,pnl_rollup_multi_month,101.95587911005077
lakebase,property_financials_joined,127.50493007509078
dbsql,worst_case_yoy_growth,710.4658930646792
lakebase,pnl_rollup_multi_month,122.9066645508965
dbsql,pnl_rollup_multi_month,932.1655759760006
lakebase,fund_performance_arena,61.706556670657164
lakebase,gl_monthly_by_arena_year,64.66344979548921
lakebase,investor_commitment_summary,81.03106166333873
dbsql,property_financials_joined,498.7966846458676
lakebase,property_financials_joined,105.32666145184066
dbsql,gl_monthly_by_arena_year,459.92426555994825
lakebase,gl_monthly_by_arena_year,56.653492638133685
lakebase,fund_performance_arena,57.06430260238449
lakebase,top10_properties_by_revenue,73.08477747324105
dbsql,pnl_rollup_multi_month,605.0657745354329
lakebase,gl_monthly_by_arena_year,67.60083198986422
dbsql,gl_monthly_by_arena_year,694.7435640104231
dbsql,investor_commitment_summary,770.6758725106511
lakebase,property_financials_joined,66.5638835079676
lakebase,top10_properties_by_revenue,67.5649137266987
lakebase,pnl_rollup_multi_month,124.31006373930131
lakebase,property_financials_joined,103.08632192641198
lakebase,gl_monthly_by_arena_year,84.3337423145556
dbsql,pnl_rollup_multi_month,1313.3120095213542
lakebase,gl_monthly_by_arena_year,94.59089295717149
lakebase,fund_performance_arena,96.41122596570995
lakebase,gl_monthly_by_arena_year,78.98111806855468
lakebase,investor_commitment_summary,70.28558710254629
lakebase,top10_properties_by_revenue,72.5187831887979
dbsql,gl_monthly_by_arena_year,752.7226206661339
dbsql,worst_case_yoy_growth,665.462136288852
lakebase,fund_performance_arena,59.85891577336133
dbsql,top10_properties_by_revenue,1018.6572304187962
dbsql,top10_properties_by_revenue,532.9472812352378
dbsql,top10_properties_by_revenue,558.2748354456442
lakebase,gl_monthly_by_arena_year,77.58098096326194
lakebase,gl_monthly_by_arena_year,70.9148918659821
lakebase,gl_monthly_by_arena_year,75.57991873068204
lakebase,pnl_rollup_multi_month,117.65342278251012
lakebase,gl_monthly_by_arena_year,89.808797204455
lakebase,fund_performance_arena,64.06350750387446
lakebase,gl_monthly_by_arena_year,82.6352664747958
lakebase,fund_performance_arena,60.478545479497825
lakebase,property_financials_joined,112.97939166627202
lakebase,property_financials_joined,75.38360498887187
dbsql,property_financials_joined,6590.238977189273
dbsql,property_financials_joined,1058.0425894803511
lakebase,pnl_rollup_multi_month,104.15738927719076
lakebase,property_financials_joined,86.73238602727906
dbsql,pnl_rollup_multi_month,963.2085877956911
dbsql,gl_monthly_by_arena_year,674.5468084695858
lakebase,investor_commitment_summary,80.94767660548996
lakebase,gl_monthly_by_arena_year,76.82445434056717
lakebase,property_financials_joined,83.58842285497303
lakebase,property_financials_joined,63.15669288517256
dbsql,investor_commitment_summary,813.6246941660943
dbsql,top10_properties_by_revenue,6754.134601147882
dbsql,property_financials_joined,538.0728032509126
dbsql,property_financials_joined,922.6002735905467
dbsql,property_financials_joined,485.30111908013396
lakebase,gl_monthly_by_arena_year,86.85042525121389
lakebase,property_financials_joined,63.72792358689594
dbsql,property_financials_joined,967.163836539271
lakebase,gl_monthly_by_arena_year,60.4309468690758
dbsql,top10_properties_by_revenue,531.0603039305875
dbsql,top10_properties_by_revenue,541.5563817451812
lakebase,property_financials_joined,65.05590420914587
lakebase,investor_commitment_summary,69.04723202856644
dbsql,pnl_rollup_multi_month,1212.5956135157878
dbsql,pnl_rollup_multi_month,959.8909610510873
dbsql,top10_properties_by_revenue,2039.6730581825154
dbsql,property_financials_joined,494.0591648098689
lakebase,gl_monthly_by_arena_year,70.26019960846952
dbsql,gl_monthly_by_arena_year,494.88414701789907
dbsql,worst_case_yoy_growth,114128.16911966236
dbsql,investor_commitment_summary,293.4239344473326
lakebase,top10_properties_by_revenue,63.347570463889724
dbsql,pnl_rollup_multi_month,1139.3561774306704
lakebase,investor_commitment_summary,69.51591765891862
dbsql,gl_monthly_by_arena_year,670.827030586338
lakebase,pnl_rollup_multi_month,240.8897272912327
dbsql,pnl_rollup_multi_month,539.8252365112057
dbsql,fund_performance_arena,564.2901546143548
lakebase,gl_monthly_by_arena_year,109.43557852021968
dbsql,gl_monthly_by_arena_year,471.22312019769197
lakebase,property_financials_joined,128.4096426060728
lakebase,pnl_rollup_multi_month,143.42208607342855
lakebase,fund_performance_arena,58.1849453584482
dbsql,investor_commitment_summary,759.9061109040122
dbsql,pnl_rollup_multi_month,1253.284905820891
dbsql,investor_commitment_summary,368.03935780199026
lakebase,fund_performance_arena,60.215243633138016
dbsql,top10_properties_by_revenue,622.5292112833927
dbsql,fund_performance_arena,380.34442810078417
dbsql,fund_performance_arena,326.6046820099291
dbsql,top10_properties_by_revenue,567.9105557860282
lakebase,fund_performance_arena,58.52775387643305
lakebase,fund_performance_arena,118.58281695080564
lakebase,investor_commitment_summary,80.84530054372863
lakebase,investor_commitment_summary,97.99859877864492
lakebase,gl_monthly_by_arena_year,78.7486865679341
dbsql,top10_properties_by_revenue,773.6998143249139
dbsql,top10_properties_by_revenue,799.4403103260765
lakebase,property_financials_joined,63.12407152222477
dbsql,fund_performance_arena,462.37066833614904
lakebase,top10_properties_by_revenue,67.56446982075204
dbsql,top10_properties_by_revenue,891.7997355740681
dbsql,pnl_rollup_multi_month,941.3552672767764
lakebase,top10_properties_by_revenue,74.66107407839218
dbsql,investor_commitment_summary,809.0490094449763
dbsql,worst_case_yoy_growth,586.307411486132
dbsql,investor_commitment_summary,1062.2209662622595
lakebase,pnl_rollup_multi_month,131.98518443766716
lakebase,property_financials_joined,80.27631125895596
dbsql,gl_monthly_by_arena_year,1094.011295871752
lakebase,property_financials_joined,90.5385210862164
dbsql,investor_commitment_summary,759.9869381165263
dbsql,property_financials_joined,491.0137489673616
dbsql,property_financials_joined,1272.510003665559
dbsql,worst_case_yoy_growth,579.4259249676088
lakebase,property_financials_joined,64.75933099068243
dbsql,property_financials_joined,808.6381674959284
dbsql,top10_properties_by_revenue,482.63149592355603
dbsql,worst_case_yoy_growth,740.5911558188336
dbsql,investor_commitment_summary,311.8300854013114
lakebase,property_financials_joined,100.69365336084957
lakebase,pnl_rollup_multi_month,110.65854319895152
lakebase,property_financials_joined,147.59255818836436
dbsql,pnl_rollup_multi_month,550.3271612074059
dbsql,top10_properties_by_revenue,552.5000213835938
dbsql,investor_commitment_summary,306.726619646156
dbsql,pnl_rollup_multi_month,867.1495742393063
lakebase,pnl_rollup_multi_month,128.7739558370049
dbsql,fund_performance_arena,527.8031962731404
lakebase,top10_properties_by_revenue,65.54545930828226
lakebase,investor_commitment_summary,82.80564482657837
dbsql,gl_monthly_by_arena_year,926.1351871107308
dbsql,fund_performance_arena,527.6376390117434
dbsql,property_financials_joined,878.0455631172686
lakebase,fund_performance_arena,58.79207340458947
lakebase,fund_performance_arena,57.949996145666205
lakebase,top10_properties_by_revenue,71.18612818902648
lakebase,property_financials_joined,56.97567267782233
lakebase,fund_performance_arena,55.81853734594233
lakebase,investor_commitment_summary,79.93858607051152
dbsql,property_financials_joined,573.5813264784042
lakebase,investor_commitment_summary,124.99921605180475
lakebase,investor_commitment_summary,70.76015079985609
lakebase,gl_monthly_by_arena_year,79.49828264054304
lakebase,investor_commitment_summary,75.44628617546323
lakebase,property_financials_joined,63.87800154982415
dbsql,worst_case_yoy_growth,108395.45605605819
dbsql,gl_monthly_by_arena_year,523.1500577569932
dbsql,fund_performance_arena,483.2125312439075
lakebase,property_financials_joined,82.26949278230222
dbsql,property_financials_joined,1660.7129665002844
dbsql,property_financials_joined,483.38079854300986
dbsql,property_financials_joined,492.1955567612031
dbsql,investor_commitment_summary,358.4165449516945
lakebase,top10_properties_by_revenue,77.04624643383795
dbsql,top10_properties_by_revenue,511.2433745310909
dbsql,gl_monthly_by_arena_year,1004.9601980808518
dbsql,fund_performance_arena,902.0295449383866
dbsql,top10_properties_by_revenue,1030.2036139570703
lakebase,top10_properties_by_revenue,93.74385447034683
lakebase,investor_commitment_summary,126.75793245908551
dbsql,investor_commitment_summary,322.10283696934994
lakebase,investor_commitment_summary,78.71187045947181
lakebase,fund_performance_arena,63.701901467482
lakebase,property_financials_joined,73.95356767381145
lakebase,top10_properties_by_revenue,72.74154852950687
lakebase,investor_commitment_summary,80.04701213121734
dbsql,pnl_rollup_multi_month,1250.3328483762175
lakebase,top10_properties_by_revenue,85.32918316979021
lakebase,pnl_rollup_multi_month,198.3902079427935
lakebase,investor_commitment_summary,248.50764138980708
dbsql,worst_case_yoy_growth,509.9976241835975
lakebase,property_financials_joined,73.28553502298973
dbsql,worst_case_yoy_growth,560.1799890476968
dbsql,pnl_rollup_multi_month,597.574890241674
lakebase,fund_performance_arena,61.548954033696646
dbsql,gl_monthly_by_arena_year,730.5213816468381
lakebase,fund_performance_arena,65.16655619475387
dbsql,gl_monthly_by_arena_year,703.0829978867246
dbsql,investor_commitment_summary,315.08521797582034
lakebase,gl_monthly_by_arena_year,69.43475528362342
lakebase,investor_commitment_summary,70.3910480629304
lakebase,investor_commitment_summary,80.25585422723225
dbsql,gl_monthly_by_arena_year,738.1192815609552
dbsql,pnl_rollup_multi_month,1237.2603566641515
dbsql,gl_monthly_by_arena_year,523.3503975676399
dbsql,property_financials_joined,1024.6834592075516
lakebase,gl_monthly_by_arena_year,71.15454175038849
lakebase,top10_properties_by_revenue,78.80030192239929
dbsql,gl_monthly_by_arena_year,477.3845572792652
lakebase,fund_performance_arena,63.948453464888644
dbsql,property_financials_joined,1925.127289968927
dbsql,gl_monthly_by_arena_year,875.5715534869353
dbsql,top10_properties_by_revenue,1080.7300240003315
lakebase,investor_commitment_summary,77.97682921034266
lakebase,fund_performance_arena,66.69891938318528
lakebase,property_financials_joined,87.042839716446
dbsql,investor_commitment_summary,414.11148552413124
dbsql,property_financials_joined,565.9673018245144
lakebase,investor_commitment_summary,89.29981933471254
dbsql,property_financials_joined,540.4915647335429
lakebase,property_financials_joined,81.62091867995969
dbsql,gl_monthly_by_arena_year,533.800608080071
lakebase,investor_commitment_summary,78.74975820647023
lakebase,top10_properties_by_revenue,65.45968666540602
lakebase,gl_monthly_by_arena_year,80.70242607703904
dbsql,investor_commitment_summary,657.9769166418146
dbsql,fund_performance_arena,741.5490185064755
lakebase,fund_performance_arena,47.588017110399505
lakebase,gl_monthly_by_arena_year,58.93838852108502
lakebase,gl_monthly_by_arena_year,132.86033907508
lakebase,investor_commitment_summary,90.73615745896291
lakebase,gl_monthly_by_arena_year,93.54103115833823
lakebase,top10_properties_by_revenue,86.77075911757015
dbsql,worst_case_yoy_growth,649.4243397413584
dbsql,investor_commitment_summary,382.24283182051977
dbsql,investor_commitment_summary,692.7836988179479
dbsql,gl_monthly_by_arena_year,810.9235374232071
lakebase,gl_monthly_by_arena_year,70.59009353676515
dbsql,investor_commitment_summary,353.4325994851315
dbsql,pnl_rollup_multi_month,925.7259753675839
dbsql,property_financials_joined,899.7004841949661
lakebase,top10_properties_by_revenue,69.07359947391001
dbsql,worst_case_yoy_growth,27620.397704015515
lakebase,investor_commitment_summary,76.38368906154369
dbsql,gl_monthly_by_arena_year,686.4475541436263
dbsql,investor_commitment_summary,975.3720604092564
dbsql,fund_performance_arena,519.2297608768968
dbsql,gl_monthly_by_arena_year,690.7920933933838
dbsql,investor_commitment_summary,696.7849041574254
dbsql,investor_commitment_summary,676.9440568459117
lakebase,investor_commitment_summary,79.78124307197731
lakebase,gl_monthly_by_arena_year,84.04721245381097
lakebase,investor_commitment_summary,80.12180082067744
dbsql,gl_monthly_by_arena_year,599.2050694590034
lakebase,property_financials_joined,92.67859829589042
lakebase,property_financials_joined,108.09502945426175
dbsql,gl_monthly_by_arena_year,757.6059328763165
dbsql,property_financials_joined,486.87312348261
dbsql,investor_commitment_summary,333.2838473856441
dbsql,fund_performance_arena,378.07220860270263
dbsql,fund_performance_arena,329.9589577536608
lakebase,fund_performance_arena,60.10144180098109
dbsql,pnl_rollup_multi_month,544.1952627403452
dbsql,gl_monthly_by_arena_year,1567.834546659924
lakebase,fund_performance_arena,66.13130816936064
dbsql,property_financials_joined,631.7454821896149
dbsql,top10_properties_by_revenue,1230.5547917234776
lakebase,gl_monthly_by_arena_year,67.3476167685294
dbsql,property_financials_joined,695.100000005823
dbsql,fund_performance_arena,373.0277798246675
lakebase,top10_properties_by_revenue,82.95087209597796
dbsql,pnl_rollup_multi_month,985.204657939903
dbsql,gl_monthly_by_arena_year,668.8597297247156
lakebase,gl_monthly_by_arena_year,102.73031050095938
dbsql,gl_monthly_by_arena_year,917.9400055065514
lakebase,pnl_rollup_multi_month,110.66140181475248
lakebase,pnl_rollup_multi_month,116.85425616292378
dbsql,fund_performance_arena,372.5551558416669
lakebase,investor_commitment_summary,75.50519975046655
dbsql,gl_monthly_by_arena_year,670.8589864064152
dbsql,top10_properties_by_revenue,799.6079383452752
lakebase,gl_monthly_by_arena_year,63.57214068520989
dbsql,pnl_rollup_multi_month,521.3286176722249
lakebase,fund_performance_arena,74.05946942611763
dbsql,investor_commitment_summary,308.5347749413927
dbsql,property_financials_joined,507.7617709188189
dbsql,investor_commitment_summary,308.0707150759281
lakebase,pnl_rollup_multi_month,110.80491858808728
lakebase,fund_performance_arena,51.5740766475119
lakebase,top10_properties_by_revenue,70.85210716581969
dbsql,investor_commitment_summary,775.3377993764161
dbsql,fund_performance_arena,513.2478891260916
dbsql,investor_commitment_summary,764.4471843824476
dbsql,property_financials_joined,494.3960483128649
lakebase,gl_monthly_by_arena_year,77.98151287886412
lakebase,gl_monthly_by_arena_year,74.97833761607353
dbsql,pnl_rollup_multi_month,2021.177515863883
dbsql,investor_commitment_summary,332.3933571487032
lakebase,property_financials_joined,61.49329249689117
dbsql,investor_commitment_summary,3558.7794144297645
dbsql,top10_properties_by_revenue,610.9091356837553
lakebase,investor_commitment_summary,483.1267818713201
dbsql,top10_properties_by_revenue,859.3614383206045
dbsql,fund_performance_arena,387.4714089299687
lakebase,gl_monthly_by_arena_year,65.30464557158666
dbsql,fund_performance_arena,548.6732832340522
dbsql,fund_performance_arena,588.8838115983077
dbsql,gl_monthly_by_arena_year,835.3447959583775
lakebase,top10_properties_by_revenue,72.69169042851331
lakebase,property_financials_joined,81.8339263003054
lakebase,property_financials_joined,77.41503624833967
dbsql,top10_properties_by_revenue,515.3284171540804
dbsql,pnl_rollup_multi_month,928.6962241666004
dbsql,gl_monthly_by_arena_year,783.7314643545028
lakebase,investor_commitment_summary,120.75558708113476
dbsql,fund_performance_arena,571.2693244582852
lakebase,gl_monthly_by_arena_year,114.93500740232321
dbsql,investor_commitment_summary,398.77946057600866
lakebase,top10_properties_by_revenue,74.53173904946198
lakebase,gl_monthly_by_arena_year,67.38585232130845
lakebase,investor_commitment_summary,75.97073773297325
dbsql,fund_performance_arena,470.68923202868973
lakebase,gl_monthly_by_arena_year,81.41083860732579
lakebase,gl_monthly_by_arena_year,65.6025016288595
lakebase,investor_commitment_summary,73.77280718446855
lakebase,top10_properties_by_revenue,80.79736101876733
lakebase,property_financials_joined,61.0377462736551
lakebase,gl_monthly_by_arena_year,80.22478564953417
lakebase,investor_commitment_summary,83.90371282177966
lakebase,pnl_rollup_multi_month,111.35535393867713
dbsql,gl_monthly_by_arena_year,925.9433324588571
lakebase,property_financials_joined,60.782179953775994
lakebase,pnl_rollup_multi_month,137.2037410872622
lakebase,investor_commitment_summary,93.21552020992385
dbsql,fund_performance_arena,333.92271461104883
dbsql,investor_commitment_summary,347.46851527518174
lakebase,investor_commitment_summary,75.32306760037955
lakebase,pnl_rollup_multi_month,116.4630744791566
lakebase,top10_properties_by_revenue,94.15607617472688
lakebase,gl_monthly_by_arena_year,72.17721040734659
dbsql,fund_performance_arena,592.2451042314947
lakebase,top10_properties_by_revenue,66.00524681414299
dbsql,investor_commitment_summary,311.0024405160061
dbsql,investor_commitment_summary,638.8981459267598
dbsql,property_financials_joined,1571.5539119463244
dbsql,investor_commitment_summary,336.12957106078056
lakebase,property_financials_joined,88.33794935071637
dbsql,fund_performance_arena,462.69623375872015
dbsql,investor_commitment_summary,1097.3388554734527
dbsql,investor_commitment_summary,914.9382093908542
lakebase,gl_monthly_by_arena_year,64.266401753855
dbsql,fund_performance_arena,476.7712941888931
lakebase,fund_performance_arena,80.83670515804897
dbsql,top10_properties_by_revenue,506.3595594454
lakebase,gl_monthly_by_arena_year,74.27403149938527
lakebase,investor_commitment_summary,80.28610833713401
dbsql,fund_performance_arena,508.20190854540215
lakebase,property_financials_joined,99.51015025865217
lakebase,gl_monthly_by_arena_year,68.74331904799647
lakebase,pnl_rollup_multi_month,119.64064191386115
lakebase,fund_performance_arena,344.9049998389455
dbsql,investor_commitment_summary,728.4971033412262
lakebase,fund_performance_arena,73.77652922764355
lakebase,property_financials_joined,246.71531765864074
lakebase,fund_performance_arena,70.26730134862191
dbsql,pnl_rollup_multi_month,1551.3256330402783
lakebase,property_financials_joined,95.43431844326733
lakebase,property_financials_joined,61.99941285308341
lakebase,gl_monthly_by_arena_year,63.92166661697729
lakebase,property_financials_joined,119.33628142320174
lakebase,fund_performance_arena,98.14718319921667
lakebase,property_financials_joined,85.51118950333603
lakebase,top10_properties_by_revenue,63.323915612159
dbsql,investor_commitment_summary,741.8748293717385
dbsql,pnl_rollup_multi_month,967.5976588657136
lakebase,property_financials_joined,92.41175346386399
dbsql,property_financials_joined,961.3444589083002
lakebase,top10_properties_by_revenue,119.90075332622041
dbsql,investor_commitment_summary,323.03164022891906
lakebase,investor_commitment_summary,94.73795701569543
lakebase,property_financials_joined,88.71466849024046
lakebase,top10_properties_by_revenue,101.82806111870946
lakebase,property_financials_joined,140.4812384670322
lakebase,investor_commitment_summary,85.530075471695
dbsql,fund_performance_arena,1014.2821026957733
dbsql,fund_performance_arena,647.9349317656613
lakebase,property_financials_joined,69.32595110785655
lakebase,investor_commitment_summary,85.13927410965039
dbsql,pnl_rollup_multi_month,1023.3183734338809
lakebase,fund_performance_arena,81.93343976665801
dbsql,fund_performance_arena,328.45628122663584
dbsql,pnl_rollup_multi_month,927.1503055315407
dbsql,property_financials_joined,872.6683741617194
lakebase,pnl_rollup_multi_month,127.44732717692386
lakebase,gl_monthly_by_arena_year,101.40583298209549
dbsql,gl_monthly_by_arena_year,482.29100603231245
dbsql,property_financials_joined,915.6263093483687
dbsql,fund_performance_arena,639.1291699488875
lakebase,property_financials_joined,89.82895420207626
lakebase,investor_commitment_summary,82.01090867511596
lakebase,pnl_rollup_multi_month,98.36836452490161
dbsql,top10_properties_by_revenue,981.2743200479872
dbsql,gl_monthly_by_arena_year,530.8616397028345
dbsql,property_financials_joined,916.523221871671
lakebase,property_financials_joined,84.19480125553491
dbsql,property_financials_joined,881.2337037228417
dbsql,fund_performance_arena,607.4797695484904
lakebase,top10_properties_by_revenue,61.823219059363055
dbsql,fund_performance_arena,465.7614950099287
lakebase,gl_monthly_by_arena_year,71.62883869636971
lakebase,investor_commitment_summary,94.77675860196655
dbsql,investor_commitment_summary,328.1494613801783
dbsql,investor_commitment_summary,324.9035272609717
dbsql,fund_performance_arena,772.4848820473937
dbsql,top10_properties_by_revenue,801.9170825325546
dbsql,investor_commitment_summary,701.6101452870203
lakebase,property_financials_joined,103.5120123268598
dbsql,worst_case_yoy_growth,600.9870355883322
dbsql,worst_case_yoy_growth,742.204301400534
lakebase,pnl_rollup_multi_month,103.93736154071576
lakebase,pnl_rollup_multi_month,99.59510139481154
lakebase,top10_properties_by_revenue,58.47104967040195
lakebase,top10_properties_by_revenue,74.24958848639562
lakebase,fund_performance_arena,61.07842601227276
dbsql,top10_properties_by_revenue,967.1106464389538
dbsql,top10_properties_by_revenue,1136.8290404986965
dbsql,worst_case_yoy_growth,804.2139276246019
dbsql,property_financials_joined,496.49028845755083
dbsql,gl_monthly_by_arena_year,683.0135503441284
lakebase,property_financials_joined,186.68630601825953
dbsql,gl_monthly_by_arena_year,641.5085199000714
lakebase,property_financials_joined,67.03860632950409
dbsql,pnl_rollup_multi_month,1080.4845772757403
lakebase,fund_performance_arena,94.04205757812178
dbsql,property_financials_joined,490.6378976900214
dbsql,gl_monthly_by_arena_year,514.003343852437
lakebase,property_financials_joined,78.77018608780872
lakebase,investor_commitment_summary,95.85151758301436
lakebase,pnl_rollup_multi_month,119.72436030231393
dbsql,fund_performance_arena,867.7749973890059
lakebase,gl_monthly_by_arena_year,72.15091462012424
lakebase,top10_properties_by_revenue,118.59539203481972
dbsql,investor_commitment_summary,337.027335148548
lakebase,pnl_rollup_multi_month,133.68627876400296
lakebase,investor_commitment_summary,348.8127487273971
dbsql,property_financials_joined,891.5758973367929
lakebase,gl_monthly_by_arena_year,79.47044040611217
lakebase,investor_commitment_summary,69.27965445481732
lakebase,fund_performance_arena,57.29028158194183
dbsql,property_financials_joined,998.3370899261104
lakebase,fund_performance_arena,83.73276581176015
lakebase,property_financials_joined,72.69799022066081
dbsql,gl_monthly_by_arena_year,9526.930897760323
dbsql,gl_monthly_by_arena_year,678.4691683465098
dbsql,investor_commitment_summary,953.9418982811867
dbsql,gl_monthly_by_arena_year,517.6774937584696
dbsql,investor_commitment_summary,300.6486529806125
dbsql,pnl_rollup_multi_month,883.7248631111834
lakebase,gl_monthly_by_arena_year,70.34774867898363
dbsql,fund_performance_arena,379.3326098581815
lakebase,pnl_rollup_multi_month,152.1018722323788
dbsql,property_financials_joined,510.2288665030983
lakebase,top10_properties_by_revenue,64.2454663403953
dbsql,worst_case_yoy_growth,636.1799927924494
lakebase,gl_monthly_by_arena_year,102.96799689785985
lakebase,fund_performance_arena,76.60644488350954
dbsql,worst_case_yoy_growth,535.7083557940996
lakebase,top10_properties_by_revenue,62.418832808589286
lakebase,property_financials_joined,83.54064703530639
dbsql,property_financials_joined,1648.4305737585885
dbsql,fund_performance_arena,548.4143307735962
lakebase,top10_properties_by_revenue,81.61924835445689
lakebase,fund_performance_arena,80.52118928574714
dbsql,gl_monthly_by_arena_year,698.3300106530237
dbsql,investor_commitment_summary,356.45682067570306
dbsql,investor_commitment_summary,343.8593754742385
dbsql,gl_monthly_by_arena_year,478.6324028532363
lakebase,investor_commitment_summary,100.25888037264963
dbsql,pnl_rollup_multi_month,884.0365888527231
lakebase,pnl_rollup_multi_month,117.07393088278195
dbsql,fund_performance_arena,536.3357503784982
lakebase,gl_monthly_by_arena_year,66.76997519491579
lakebase,gl_monthly_by_arena_year,72.44614885303235
lakebase,fund_performance_arena,66.21123821059882
dbsql,investor_commitment_summary,323.072938941948
lakebase,property_financials_joined,95.79219400018246
lakebase,gl_monthly_by_arena_year,65.25298084352471
dbsql,investor_commitment_summary,1052.367325493506
lakebase,investor_commitment_summary,101.04894853134283
lakebase,top10_properties_by_revenue,81.91663510052649
dbsql,pnl_rollup_multi_month,1390.766446247568
lakebase,pnl_rollup_multi_month,117.02339094088643
lakebase,fund_performance_arena,68.55248573694439
lakebase,property_financials_joined,100.88088454261879
dbsql,pnl_rollup_multi_month,564.9858451340606
lakebase,property_financials_joined,67.59290068362134
lakebase,fund_performance_arena,64.88815835598416
dbsql,fund_performance_arena,855.7615855177403
dbsql,property_financials_joined,542.9704097716694
dbsql,property_financials_joined,828.0326333027688
lakebase,fund_performance_arena,66.85953295630043
dbsql,gl_monthly_by_arena_year,523.7417530668154
lakebase,pnl_rollup_multi_month,125.18099877809163
lakebase,fund_performance_arena,76.10851668516716
dbsql,gl_monthly_by_arena_year,756.6426125654289
lakebase,investor_commitment_summary,73.11493505517319
dbsql,investor_commitment_summary,365.8326280938127
lakebase,investor_commitment_summary,88.01224753108272
dbsql,investor_commitment_summary,654.8682537760442
lakebase,gl_monthly_by_arena_year,63.928381673008516
lakebase,gl_monthly_by_arena_year,318.49155273715724
lakebase,top10_properties_by_revenue,58.35282785699292
lakebase,property_financials_joined,67.87524368149889
dbsql,investor_commitment_summary,695.8257065288933
lakebase,pnl_rollup_multi_month,124.72400219132851
dbsql,fund_performance_arena,746.8063473855295
lakebase,investor_commitment_summary,102.08730943281807
dbsql,gl_monthly_by_arena_year,752.1042233322532
lakebase,investor_commitment_summary,75.03541239452716
lakebase,gl_monthly_by_arena_year,60.39690158428357
lakebase,investor_commitment_summary,90.22627298725183
dbsql,fund_performance_arena,700.6128757915349
lakebase,top10_properties_by_revenue,90.59021793405009
dbsql,gl_monthly_by_arena_year,952.6667140503662
lakebase,investor_commitment_summary,88.59862915909389
lakebase,top10_properties_by_revenue,61.83272862165268
lakebase,property_financials_joined,65.21607146623865
dbsql,property_financials_joined,569.3006817772357
lakebase,fund_performance_arena,72.0721869654426
lakebase,property_financials_joined,56.80387080781202
dbsql,pnl_rollup_multi_month,1071.6868239722146
lakebase,property_financials_joined,79.51112602015087
lakebase,investor_commitment_summary,274.3775973291349
lakebase,property_financials_joined,86.57878190160773
lakebase,investor_commitment_summary,77.11801560628828
dbsql,pnl_rollup_multi_month,1155.1692837900305
lakebase,pnl_rollup_multi_month,147.30403264917413
lakebase,investor_commitment_summary,95.4720888177576
lakebase,gl_monthly_by_arena_year,83.34065690382886
lakebase,gl_monthly_by_arena_year,166.83560213712667
dbsql,pnl_rollup_multi_month,917.697962679199
lakebase,gl_monthly_by_arena_year,228.62379408718425
lakebase,property_financials_joined,84.82207098700201
dbsql,property_financials_joined,1637.6625332376448
lakebase,fund_performance_arena,131.8696297275892
lakebase,gl_monthly_by_arena_year,79.71037121990321
lakebase,top10_properties_by_revenue,75.17146997270174
lakebase,top10_properties_by_revenue,109.05381628282385
lakebase,gl_monthly_by_arena_year,84.86717389666865
lakebase,investor_commitment_summary,115.91314228769534
lakebase,investor_commitment_summary,71.16432119863703
lakebase,property_financials_joined,126.56643238125298
lakebase,investor_commitment_summary,86.62897088177601
lakebase,property_financials_joined,74.46799438685048
lakebase,pnl_rollup_multi_month,130.289606480801
lakebase,fund_performance_arena,70.87685051601511
lakebase,pnl_rollup_multi_month,115.19415227132868
lakebase,property_financials_joined,75.400187023547
lakebase,investor_commitment_summary,94.93835285132946
lakebase,fund_performance_arena,68.45764899662754
lakebase,property_financials_joined,68.68012108969879
lakebase,gl_monthly_by_arena_year,71.86811287971295
lakebase,investor_commitment_summary,79.83269619188604
dbsql,gl_monthly_by_arena_year,460.62505029738077
lakebase,fund_performance_arena,121.61080894989595
dbsql,top10_properties_by_revenue,820.9969395715007
dbsql,pnl_rollup_multi_month,953.1391220268688
dbsql,pnl_rollup_multi_month,1039.194165103794
dbsql,pnl_rollup_multi_month,613.0406642309367
lakebase,property_financials_joined,133.7223572566586
lakebase,fund_performance_arena,55.46828732258291
dbsql,gl_monthly_by_arena_year,751.7337272699933
lakebase,gl_monthly_by_arena_year,63.635831658416464
dbsql,investor_commitment_summary,307.57402776629306
dbsql,top10_properties_by_revenue,1643.1562111148708
lakebase,investor_commitment_summary,86.55957877388687
dbsql,investor_commitment_summary,342.44764081756784
lakebase,fund_performance_arena,53.70524381419273
dbsql,property_financials_joined,493.98049244700815
dbsql,gl_monthly_by_arena_year,879.6028377285268
lakebase,gl_monthly_by_arena_year,143.50911074967598
dbsql,investor_commitment_summary,847.1482452400494
dbsql,gl_monthly_by_arena_year,605.9122899533804
lakebase,pnl_rollup_multi_month,106.23033076728916
dbsql,gl_monthly_by_arena_year,485.7694498319347
lakebase,investor_commitment_summary,88.63290936540125
dbsql,gl_monthly_by_arena_year,469.4314966590696
lakebase,property_financials_joined,94.26493390475343
lakebase,pnl_rollup_multi_month,109.799352170171
lakebase,fund_performance_arena,60.49497165452067
dbsql,pnl_rollup_multi_month,647.0901715591708
lakebase,pnl_rollup_multi_month,132.4158338489383
lakebase,property_financials_joined,91.78173254113631
dbsql,worst_case_yoy_growth,680.696997949326
lakebase,gl_monthly_by_arena_year,67.95043427098335
lakebase,investor_commitment_summary,92.29233406165349
dbsql,investor_commitment_summary,327.07569873718967
lakebase,gl_monthly_by_arena_year,75.52288752583536
dbsql,property_financials_joined,682.7320042573604
lakebase,gl_monthly_by_arena_year,64.1160736433335
dbsql,property_financials_joined,557.5119668063167
dbsql,property_financials_joined,510.20172606479264
lakebase,pnl_rollup_multi_month,105.1130050445579
dbsql,investor_commitment_summary,316.3024350548085
dbsql,fund_performance_arena,368.54483790796166
lakebase,property_financials_joined,101.71619643097074
lakebase,gl_monthly_by_arena_year,77.50929560592112
dbsql,investor_commitment_summary,890.3587884287845
lakebase,property_financials_joined,73.1299572790931
dbsql,top10_properties_by_revenue,522.2884255414613
dbsql,property_financials_joined,2458.4069997230245
lakebase,gl_monthly_by_arena_year,63.33095826198587
dbsql,gl_monthly_by_arena_year,751.1452950731723
dbsql,gl_monthly_by_arena_year,558.152529862582
dbsql,top10_properties_by_revenue,920.2799729276876
lakebase,top10_properties_by_revenue,86.72585326166882
lakebase,top10_properties_by_revenue,67.73987395837366
lakebase,gl_monthly_by_arena_year,71.52442259689451
dbsql,pnl_rollup_multi_month,881.1444753102933
dbsql,investor_commitment_summary,1072.6131380438487
dbsql,gl_monthly_by_arena_year,731.8741873176009
lakebase,top10_properties_by_revenue,94.43391700290249
lakebase,investor_commitment_summary,86.21021800877315
lakebase,fund_performance_arena,57.271342602575714
lakebase,investor_commitment_summary,80.36840886620666
lakebase,gl_monthly_by_arena_year,85.64895803576178
dbsql,top10_properties_by_revenue,498.96490183050446
dbsql,pnl_rollup_multi_month,883.0701115224429
dbsql,pnl_rollup_multi_month,1253.3856543864772
lakebase,top10_properties_by_revenue,76.9026794491765
lakebase,property_financials_joined,84.17232654863938
lakebase,investor_commitment_summary,91.76883758766508
lakebase,pnl_rollup_multi_month,130.75509239752137
lakebase,investor_commitment_summary,176.81558055855362
lakebase,property_financials_joined,83.82642744987834
dbsql,pnl_rollup_multi_month,596.1685902420868
lakebase,pnl_rollup_multi_month,109.75977969252426
dbsql,property_financials_joined,743.9467192533584
dbsql,pnl_rollup_multi_month,543.8116659771595
dbsql,investor_commitment_summary,334.25482124960126
dbsql,fund_performance_arena,740.2097137049424
lakebase,gl_monthly_by_arena_year,58.17818658425722
dbsql,property_financials_joined,600.3355553478968
lakebase,fund_performance_arena,74.88490900061606
lakebase,property_financials_joined,84.06913152754214
dbsql,gl_monthly_by_arena_year,746.0529791011936
dbsql,investor_commitment_summary,726.643570043052
lakebase,investor_commitment_summary,75.88245893686008
lakebase,gl_monthly_by_arena_year,78.12204758954522
dbsql,investor_commitment_summary,319.3164123074439
dbsql,gl_monthly_by_arena_year,676.791783742317
dbsql,investor_commitment_summary,684.4132169887871
dbsql,gl_monthly_by_arena_year,496.53170543757597
lakebase,property_financials_joined,126.7940553091762
lakebase,top10_properties_by_revenue,66.28085296904374
dbsql,investor_commitment_summary,301.67088407415577
lakebase,investor_commitment_summary,86.32684849101224
dbsql,property_financials_joined,913.4571954537023
lakebase,top10_properties_by_revenue,60.110928970289024
lakebase,property_financials_joined,61.92734577120973
dbsql,investor_commitment_summary,927.2812499600604
dbsql,pnl_rollup_multi_month,1265.7401685303853
lakebase,investor_commitment_summary,97.26678396805255
lakebase,top10_properties_by_revenue,64.80956727324383
dbsql,investor_commitment_summary,657.0928571320565
lakebase,fund_performance_arena,63.935281015005785
dbsql,fund_performance_arena,716.0794601257976
lakebase,investor_commitment_summary,338.14444168672253
dbsql,gl_monthly_by_arena_year,867.0097316441172
lakebase,top10_properties_by_revenue,112.38013491262677
lakebase,fund_performance_arena,63.00696623100066
lakebase,gl_monthly_by_arena_year,74.46878095697684
lakebase,pnl_rollup_multi_month,108.38041226861606
dbsql,property_financials_joined,926.0326744034728
lakebase,top10_properties_by_revenue,71.07695620845789
lakebase,fund_performance_arena,65.15646967795874
lakebase,investor_commitment_summary,88.76894658237688
dbsql,pnl_rollup_multi_month,682.7209141919752
lakebase,investor_commitment_summary,76.67390870886948
lakebase,pnl_rollup_multi_month,209.47499684248783
dbsql,worst_case_yoy_growth,592.0337091079091
dbsql,investor_commitment_summary,320.1356344159194
lakebase,investor_commitment_summary,85.88619059872826
lakebase,property_financials_joined,124.22630929444267
lakebase,gl_monthly_by_arena_year,63.58329495117232
lakebase,gl_monthly_by_arena_year,128.81693663834426
dbsql,property_financials_joined,536.7115709830159
dbsql,pnl_rollup_multi_month,1249.9568379990933
lakebase,gl_monthly_by_arena_year,71.98504848634002
dbsql,investor_commitment_summary,401.54545765341254
dbsql,property_financials_joined,1608.4268993089381
dbsql,investor_commitment_summary,722.0380775712556
lakebase,pnl_rollup_multi_month,167.58791932880968
lakebase,fund_performance_arena,66.78052831836112
lakebase,pnl_rollup_multi_month,124.11050840489679
dbsql,pnl_rollup_multi_month,529.0538158072309
dbsql,gl_monthly_by_arena_year,689.194120163279
dbsql,investor_commitment_summary,397.2835211548045
lakebase,pnl_rollup_multi_month,141.37758020933688
lakebase,gl_monthly_by_arena_year,73.33271180078782
lakebase,property_financials_joined,73.33484537070944
lakebase,fund_performance_arena,73.12025910357534
lakebase,pnl_rollup_multi_month,105.65581477806063
dbsql,top10_properties_by_revenue,464.87433859817884
dbsql,investor_commitment_summary,355.5130915488576
dbsql,property_financials_joined,921.152867840334
lakebase,property_financials_joined,57.86256618114294
lakebase,gl_monthly_by_arena_year,84.87100501611167
lakebase,investor_commitment_summary,96.27225429716191
dbsql,gl_monthly_by_arena_year,897.474764268182
dbsql,pnl_rollup_multi_month,921.7292963672321
dbsql,property_financials_joined,564.1872062813036
dbsql,pnl_rollup_multi_month,958.1754079545703
dbsql,property_financials_joined,923.3081111851789
lakebase,gl_monthly_by_arena_year,64.50518253643622
lakebase,pnl_rollup_multi_month,171.77826020440534
lakebase,pnl_rollup_multi_month,114.1475944102126
dbsql,gl_monthly_by_arena_year,504.40774617067063
lakebase,pnl_rollup_multi_month,169.2275792346436
lakebase,fund_performance_arena,66.91810392311481
dbsql,pnl_rollup_multi_month,916.9568742929073
lakebase,investor_commitment_summary,65.74584843940556
dbsql,gl_monthly_by_arena_year,1011.8865514860858
dbsql,investor_commitment_summary,389.8606666429032
lakebase,gl_monthly_by_arena_year,91.77584775864034
lakebase,top10_properties_by_revenue,80.21118902632907
lakebase,top10_properties_by_revenue,81.90407090364715
dbsql,top10_properties_by_revenue,474.94303295343343
lakebase,top10_properties_by_revenue,63.61730123774123
dbsql,investor_commitment_summary,372.22434609486754
dbsql,investor_commitment_summary,376.03049606394734
lakebase,property_financials_joined,66.98580188134429
lakebase,investor_commitment_summary,78.74525894294493
dbsql,property_financials_joined,693.7710024747901
dbsql,investor_commitment_summary,750.1157231536126
dbsql,top10_properties_by_revenue,1883.2734745733148
lakebase,investor_commitment_summary,81.54293014774794
lakebase,fund_performance_arena,59.64257630557768
