query_name,target,concurrency,iteration,thread_id,latency_ms,success,error
fund_performance_arena,dbsql,5,0,0,686.3597499905154,True,
gl_monthly_by_arena_year,dbsql,5,0,3,696.2544169946341,True,
fund_performance_arena,dbsql,5,0,1,730.0089999916963,True,
gl_monthly_by_arena_year,dbsql,5,0,4,930.0563330034493,True,
gl_monthly_by_arena_year,dbsql,5,0,2,946.2184169969987,True,
gl_monthly_by_arena_year,dbsql,5,1,3,600.0764580094256,True,
fund_performance_arena,dbsql,5,1,0,675.6179580115713,True,
gl_monthly_by_arena_year,dbsql,5,1,2,826.3167499972042,True,
gl_monthly_by_arena_year,dbsql,5,1,4,909.5734159927815,True,
fund_performance_arena,dbsql,5,1,1,563.6912079935428,True,
fund_performance_arena,dbsql,5,2,0,585.2409999934025,True,
gl_monthly_by_arena_year,dbsql,5,2,3,565.4219999996712,True,
fund_performance_arena,dbsql,5,2,1,581.7607079952722,True,
gl_monthly_by_arena_year,dbsql,5,2,4,909.2444580019219,True,
gl_monthly_by_arena_year,dbsql,5,2,2,1122.9582090018084,True,
gl_monthly_by_arena_year,dbsql,5,3,3,582.1582909993595,True,
fund_performance_arena,dbsql,5,3,1,579.8631249926984,True,
fund_performance_arena,dbsql,5,3,0,586.9414579938166,True,
gl_monthly_by_arena_year,dbsql,5,3,4,760.4552499979036,True,
gl_monthly_by_arena_year,dbsql,5,3,2,807.8765840036795,True,
fund_performance_arena,dbsql,5,4,0,634.0355410065968,True,
gl_monthly_by_arena_year,dbsql,5,4,2,631.75158300146,True,
fund_performance_arena,dbsql,5,4,1,669.4704580004327,True,
gl_monthly_by_arena_year,dbsql,5,4,4,829.3906250037253,True,
gl_monthly_by_arena_year,dbsql,5,4,3,881.1494999972638,True,
fund_performance_arena,dbsql,10,0,1,629.1152499907184,True,
fund_performance_arena,dbsql,10,0,0,623.8680420065066,True,
gl_monthly_by_arena_year,dbsql,10,0,2,806.5787919913419,True,
gl_monthly_by_arena_year,dbsql,10,0,3,814.5552079949994,True,
top10_properties_by_revenue,dbsql,10,0,8,914.8925830086228,True,
gl_monthly_by_arena_year,dbsql,10,0,4,948.4794579911977,True,
top10_properties_by_revenue,dbsql,10,0,9,1017.0730420068139,True,
property_financials_joined,dbsql,10,0,7,1036.6414160089334,True,
property_financials_joined,dbsql,10,0,6,1068.073207992711,True,
property_financials_joined,dbsql,10,0,5,1079.5745830109809,True,
fund_performance_arena,dbsql,10,1,1,547.8184169915039,True,
fund_performance_arena,dbsql,10,1,0,574.426791004953,True,
gl_monthly_by_arena_year,dbsql,10,1,2,906.7372089921264,True,
gl_monthly_by_arena_year,dbsql,10,1,4,940.6944170041243,True,
gl_monthly_by_arena_year,dbsql,10,1,3,937.6194169890368,True,
top10_properties_by_revenue,dbsql,10,1,9,960.9212500072317,True,
top10_properties_by_revenue,dbsql,10,1,8,958.6182079947321,True,
property_financials_joined,dbsql,10,1,5,1076.8229579989566,True,
property_financials_joined,dbsql,10,1,6,1099.5418339880416,True,
property_financials_joined,dbsql,10,1,7,1120.069708005758,True,
fund_performance_arena,dbsql,10,2,1,592.4362079967977,True,
fund_performance_arena,dbsql,10,2,0,571.8667920009466,True,
gl_monthly_by_arena_year,dbsql,10,2,4,836.0818749933969,True,
top10_properties_by_revenue,dbsql,10,2,9,871.6568750096485,True,
gl_monthly_by_arena_year,dbsql,10,2,2,935.3934170067078,True,
top10_properties_by_revenue,dbsql,10,2,8,939.1240410041064,True,
gl_monthly_by_arena_year,dbsql,10,2,3,947.0305410068249,True,
property_financials_joined,dbsql,10,2,7,1111.4048330055084,True,
property_financials_joined,dbsql,10,2,5,1101.5945419931086,True,
property_financials_joined,dbsql,10,2,6,1156.8273329903604,True,
fund_performance_arena,dbsql,10,3,0,554.7817909973674,True,
fund_performance_arena,dbsql,10,3,1,593.7177919986425,True,
gl_monthly_by_arena_year,dbsql,10,3,3,735.5615830019815,True,
gl_monthly_by_arena_year,dbsql,10,3,4,787.907667006948,True,
gl_monthly_by_arena_year,dbsql,10,3,2,790.3659580042586,True,
top10_properties_by_revenue,dbsql,10,3,8,833.6901250004303,True,
property_financials_joined,dbsql,10,3,5,922.9290420043981,True,
top10_properties_by_revenue,dbsql,10,3,9,840.2020840003388,True,
property_financials_joined,dbsql,10,3,6,913.3747500018217,True,
property_financials_joined,dbsql,10,3,7,960.8582499931799,True,
fund_performance_arena,dbsql,10,4,1,519.0195000031963,True,
property_financials_joined,dbsql,10,4,7,488.5182080033701,True,
fund_performance_arena,dbsql,10,4,0,537.8925419936422,True,
gl_monthly_by_arena_year,dbsql,10,4,4,704.9127499922179,True,
gl_monthly_by_arena_year,dbsql,10,4,2,695.0352499989094,True,
gl_monthly_by_arena_year,dbsql,10,4,3,802.1386250038631,True,
top10_properties_by_revenue,dbsql,10,4,9,762.5901669962332,True,
top10_properties_by_revenue,dbsql,10,4,8,842.2967090009479,True,
property_financials_joined,dbsql,10,4,6,963.1440420052968,True,
property_financials_joined,dbsql,10,4,5,1003.2481670059497,True,
gl_monthly_by_arena_year,dbsql,20,0,2,563.3524580043741,True,
gl_monthly_by_arena_year,dbsql,20,0,3,697.3141659982502,True,
fund_performance_arena,dbsql,20,0,17,752.6450000004843,True,
gl_monthly_by_arena_year,dbsql,20,0,18,779.6925420116168,True,
fund_performance_arena,dbsql,20,0,1,745.3287079988513,True,
top10_properties_by_revenue,dbsql,20,0,8,812.3547919967677,True,
property_financials_joined,dbsql,20,0,7,912.7262910042191,True,
investor_commitment_summary,dbsql,20,0,13,977.7132909948705,True,
investor_commitment_summary,dbsql,20,0,12,1006.3151250069495,True,
fund_performance_arena,dbsql,20,0,0,1414.0587500005495,True,
top10_properties_by_revenue,dbsql,20,0,9,1464.62212500046,True,
property_financials_joined,dbsql,20,0,6,1713.5367500013672,True,
property_financials_joined,dbsql,20,0,5,1787.6709999982268,True,
fund_performance_arena,dbsql,20,0,16,1763.1780829979107,True,
gl_monthly_by_arena_year,dbsql,20,0,4,1888.2030000095256,True,
worst_case_yoy_growth,dbsql,20,0,15,1913.9107919909293,True,
investor_commitment_summary,dbsql,20,0,14,1915.3482919937233,True,
pnl_rollup_multi_month,dbsql,20,0,11,2088.081542009604,True,
gl_monthly_by_arena_year,dbsql,20,0,19,2163.9375829981873,True,
pnl_rollup_multi_month,dbsql,20,0,10,2326.0416249977425,True,
fund_performance_arena,dbsql,20,1,17,458.72683299239725,True,
fund_performance_arena,dbsql,20,1,16,549.3301669921493,True,
fund_performance_arena,dbsql,20,1,1,566.3935000047786,True,
gl_monthly_by_arena_year,dbsql,20,1,3,562.56058299914,True,
fund_performance_arena,dbsql,20,1,0,570.9491659945343,True,
gl_monthly_by_arena_year,dbsql,20,1,4,725.9117909998167,True,
gl_monthly_by_arena_year,dbsql,20,1,19,737.7131669927621,True,
gl_monthly_by_arena_year,dbsql,20,1,2,742.2831669973675,True,
investor_commitment_summary,dbsql,20,1,14,813.9396670012502,True,
pnl_rollup_multi_month,dbsql,20,1,10,1083.2700410101097,True,
top10_properties_by_revenue,dbsql,20,1,9,1347.4842499999795,True,
investor_commitment_summary,dbsql,20,1,13,1470.3712909977185,True,
property_financials_joined,dbsql,20,1,5,1946.8197079986567,True,
gl_monthly_by_arena_year,dbsql,20,1,18,2128.8693329988746,True,
top10_properties_by_revenue,dbsql,20,1,8,2141.3857500010636,True,
property_financials_joined,dbsql,20,1,6,2297.383124998305,True,
worst_case_yoy_growth,dbsql,20,1,15,1981.693167006597,True,
property_financials_joined,dbsql,20,1,7,2407.503791997442,True,
investor_commitment_summary,dbsql,20,1,12,2496.1816249997355,True,
pnl_rollup_multi_month,dbsql,20,1,11,2601.350375000038,True,
investor_commitment_summary,dbsql,20,2,12,442.0362500095507,True,
fund_performance_arena,dbsql,20,2,16,486.72620799334254,True,
fund_performance_arena,dbsql,20,2,0,591.6678749927087,True,
gl_monthly_by_arena_year,dbsql,20,2,18,604.0607079921756,True,
gl_monthly_by_arena_year,dbsql,20,2,2,700.4094999865629,True,
investor_commitment_summary,dbsql,20,2,13,760.9628749924013,True,
gl_monthly_by_arena_year,dbsql,20,2,19,781.3702499988722,True,
investor_commitment_summary,dbsql,20,2,14,811.0227090073749,True,
property_financials_joined,dbsql,20,2,6,860.1980420062318,True,
pnl_rollup_multi_month,dbsql,20,2,11,1114.0726250014268,True,
fund_performance_arena,dbsql,20,2,1,1104.8742499988293,True,
pnl_rollup_multi_month,dbsql,20,2,10,1866.020125002251,True,
top10_properties_by_revenue,dbsql,20,2,8,2101.539415991283,True,
top10_properties_by_revenue,dbsql,20,2,9,2182.02762499277,True,
gl_monthly_by_arena_year,dbsql,20,2,3,2801.39616598899,True,
property_financials_joined,dbsql,20,2,7,2898.6994589940878,True,
fund_performance_arena,dbsql,20,2,17,3041.6279999917606,True,
property_financials_joined,dbsql,20,2,5,3361.0065410030074,True,
worst_case_yoy_growth,dbsql,20,2,15,4108.228416997008,True,
gl_monthly_by_arena_year,dbsql,20,2,4,4098.949166000239,True,
gl_monthly_by_arena_year,dbsql,20,3,2,567.4812079960248,True,
gl_monthly_by_arena_year,dbsql,20,3,4,616.8991249869578,True,
fund_performance_arena,dbsql,20,3,16,634.0827919921139,True,
pnl_rollup_multi_month,dbsql,20,3,10,675.0449160026619,True,
gl_monthly_by_arena_year,dbsql,20,3,3,767.6271249947604,True,
investor_commitment_summary,dbsql,20,3,14,833.9912090013968,True,
investor_commitment_summary,dbsql,20,3,12,835.7972919911845,True,
property_financials_joined,dbsql,20,3,5,883.8166249915957,True,
top10_properties_by_revenue,dbsql,20,3,8,887.3901670012856,True,
top10_properties_by_revenue,dbsql,20,3,9,3385.4240410000784,True,
fund_performance_arena,dbsql,20,3,0,6238.986750002368,True,
fund_performance_arena,dbsql,20,3,17,6016.324958007317,True,
fund_performance_arena,dbsql,20,3,1,6301.248499992653,True,
gl_monthly_by_arena_year,dbsql,20,3,19,6346.156125000562,True,
gl_monthly_by_arena_year,dbsql,20,3,18,6340.265250008088,True,
property_financials_joined,dbsql,20,3,6,10614.40141699859,True,
pnl_rollup_multi_month,dbsql,20,3,11,10654.66270899924,True,
property_financials_joined,dbsql,20,3,7,10622.615458007203,True,
investor_commitment_summary,dbsql,20,3,13,10689.411459010444,True,
worst_case_yoy_growth,dbsql,20,3,15,55931.335792003665,True,
fund_performance_arena,dbsql,20,4,17,408.5254999954486,True,
top10_properties_by_revenue,dbsql,20,4,9,429.4442499958677,True,
investor_commitment_summary,dbsql,20,4,13,428.75291699601803,True,
fund_performance_arena,dbsql,20,4,0,427.1216670022113,True,
gl_monthly_by_arena_year,dbsql,20,4,3,522.9157499998109,True,
fund_performance_arena,dbsql,20,4,16,537.9497919930145,True,
gl_monthly_by_arena_year,dbsql,20,4,4,529.7723330004374,True,
worst_case_yoy_growth,dbsql,20,4,15,915.282957997988,True,
property_financials_joined,dbsql,20,4,6,919.5067079999717,True,
fund_performance_arena,dbsql,20,4,1,998.0027499987045,True,
pnl_rollup_multi_month,dbsql,20,4,10,1062.007625005208,True,
gl_monthly_by_arena_year,dbsql,20,4,18,1207.7669999998761,True,
property_financials_joined,dbsql,20,4,7,1331.7769589921227,True,
top10_properties_by_revenue,dbsql,20,4,8,1382.6713339949492,True,
property_financials_joined,dbsql,20,4,5,1405.599333011196,True,
investor_commitment_summary,dbsql,20,4,12,1316.4203340129461,True,
gl_monthly_by_arena_year,dbsql,20,4,2,1551.9615829980467,True,
gl_monthly_by_arena_year,dbsql,20,4,19,1552.3222500050906,True,
investor_commitment_summary,dbsql,20,4,14,1596.5024580073077,True,
pnl_rollup_multi_month,dbsql,20,4,11,2351.84379099519,True,
fund_performance_arena,dbsql,50,0,17,354.99304099357687,True,
investor_commitment_summary,dbsql,50,0,30,393.663041992113,True,
property_financials_joined,dbsql,50,0,7,511.22695799858775,True,
gl_monthly_by_arena_year,dbsql,50,0,34,518.5505830013426,True,
gl_monthly_by_arena_year,dbsql,50,0,19,510.26249999995343,True,
gl_monthly_by_arena_year,dbsql,50,0,35,525.4839999979595,True,
fund_performance_arena,dbsql,50,0,0,556.1913749988889,True,
fund_performance_arena,dbsql,50,0,48,632.1401249879273,True,
property_financials_joined,dbsql,50,0,38,625.7317089912249,True,
worst_case_yoy_growth,dbsql,50,0,31,644.6139170002425,True,
fund_performance_arena,dbsql,50,0,16,676.1292090086499,True,
investor_commitment_summary,dbsql,50,0,28,805.7069589995081,True,
investor_commitment_summary,dbsql,50,0,46,1033.6158749996684,True,
investor_commitment_summary,dbsql,50,0,13,1043.8718749937834,True,
property_financials_joined,dbsql,50,0,23,1123.4674590086797,True,
investor_commitment_summary,dbsql,50,0,29,1119.3354580027517,True,
property_financials_joined,dbsql,50,0,37,1100.369125008001,True,
investor_commitment_summary,dbsql,50,0,12,1115.5677500064485,True,
property_financials_joined,dbsql,50,0,22,1139.111958007561,True,
investor_commitment_summary,dbsql,50,0,45,1063.4124999924097,True,
investor_commitment_summary,dbsql,50,0,14,1214.1699170024367,True,
fund_performance_arena,dbsql,50,0,1,1147.2533329942962,True,
fund_performance_arena,dbsql,50,0,33,1390.2747499960242,True,
top10_properties_by_revenue,dbsql,50,0,25,1480.3358749923063,True,
property_financials_joined,dbsql,50,0,39,1689.002375002019,True,
pnl_rollup_multi_month,dbsql,50,0,10,1889.0901249978924,True,
top10_properties_by_revenue,dbsql,50,0,24,2203.524374999688,True,
fund_performance_arena,dbsql,50,0,49,2261.2589159980416,True,
investor_commitment_summary,dbsql,50,0,44,2336.747291003121,True,
gl_monthly_by_arena_year,dbsql,50,0,2,2438.918542000465,True,
top10_properties_by_revenue,dbsql,50,0,41,2439.419791990076,True,
gl_monthly_by_arena_year,dbsql,50,0,3,2497.1345420053694,True,
gl_monthly_by_arena_year,dbsql,50,0,18,2532.686874998035,True,
worst_case_yoy_growth,dbsql,50,0,15,2485.0728750025155,True,
fund_performance_arena,dbsql,50,0,32,2506.0485420108307,True,
top10_properties_by_revenue,dbsql,50,0,9,2502.397624994046,True,
gl_monthly_by_arena_year,dbsql,50,0,36,2657.7659169997787,True,
property_financials_joined,dbsql,50,0,5,2619.6622499992372,True,
pnl_rollup_multi_month,dbsql,50,0,26,2684.4477910053683,True,
pnl_rollup_multi_month,dbsql,50,0,43,2705.1731669926085,True,
worst_case_yoy_growth,dbsql,50,0,47,2711.14708299865,True,
pnl_rollup_multi_month,dbsql,50,0,42,2769.16304200131,True,
top10_properties_by_revenue,dbsql,50,0,8,2772.401041002013,True,
gl_monthly_by_arena_year,dbsql,50,0,20,2837.8382500086445,True,
pnl_rollup_multi_month,dbsql,50,0,27,2932.7542499959236,True,
gl_monthly_by_arena_year,dbsql,50,0,4,2936.131166992709,True,
property_financials_joined,dbsql,50,0,6,2976.11787499045,True,
property_financials_joined,dbsql,50,0,21,3022.930416991585,True,
top10_properties_by_revenue,dbsql,50,0,40,3332.832333006081,True,
pnl_rollup_multi_month,dbsql,50,0,11,3823.2168329996057,True,
fund_performance_arena,dbsql,50,1,16,424.7846250073053,True,
investor_commitment_summary,dbsql,50,1,29,443.4495410096133,True,
fund_performance_arena,dbsql,50,1,1,464.3089589953888,True,
gl_monthly_by_arena_year,dbsql,50,1,35,500.9628330008127,True,
fund_performance_arena,dbsql,50,1,0,538.8219169981312,True,
gl_monthly_by_arena_year,dbsql,50,1,34,550.9554169984767,True,
gl_monthly_by_arena_year,dbsql,50,1,18,550.7623329904163,True,
fund_performance_arena,dbsql,50,1,49,592.4881249957252,True,
top10_properties_by_revenue,dbsql,50,1,24,708.2525000005262,True,
investor_commitment_summary,dbsql,50,1,13,734.3368340079905,True,
gl_monthly_by_arena_year,dbsql,50,1,36,748.5171669977717,True,
gl_monthly_by_arena_year,dbsql,50,1,20,803.2311249990016,True,
top10_properties_by_revenue,dbsql,50,1,40,868.2803330011666,True,
top10_properties_by_revenue,dbsql,50,1,25,874.3771660083439,True,
investor_commitment_summary,dbsql,50,1,30,894.6665419935016,True,
property_financials_joined,dbsql,50,1,21,933.8902500021504,True,
property_financials_joined,dbsql,50,1,37,978.0699169932632,True,
pnl_rollup_multi_month,dbsql,50,1,11,994.7846660070354,True,
property_financials_joined,dbsql,50,1,39,1003.2694170076866,True,
pnl_rollup_multi_month,dbsql,50,1,27,1056.4385409961687,True,
fund_performance_arena,dbsql,50,1,32,1283.9803340029903,True,
fund_performance_arena,dbsql,50,1,48,1450.7327079918468,True,
investor_commitment_summary,dbsql,50,1,14,1410.9271660126979,True,
investor_commitment_summary,dbsql,50,1,28,1495.549083003425,True,
investor_commitment_summary,dbsql,50,1,12,1607.7942089905264,True,
gl_monthly_by_arena_year,dbsql,50,1,3,1654.6275839937152,True,
property_financials_joined,dbsql,50,1,23,1760.5789999943227,True,
fund_performance_arena,dbsql,50,1,33,1726.9838339998387,True,
property_financials_joined,dbsql,50,1,7,1876.2055419938406,True,
top10_properties_by_revenue,dbsql,50,1,9,1845.7822499913163,True,
pnl_rollup_multi_month,dbsql,50,1,10,2049.0186249953695,True,
gl_monthly_by_arena_year,dbsql,50,1,2,2058.6365409981227,True,
gl_monthly_by_arena_year,dbsql,50,1,4,2020.1161250006407,True,
property_financials_joined,dbsql,50,1,6,2116.4576669980306,True,
worst_case_yoy_growth,dbsql,50,1,31,2168.08420799498,True,
investor_commitment_summary,dbsql,50,1,46,2221.367124991957,True,
gl_monthly_by_arena_year,dbsql,50,1,19,2254.6181670040824,True,
top10_properties_by_revenue,dbsql,50,1,8,2261.019125013263,True,
worst_case_yoy_growth,dbsql,50,1,15,2348.6445830058074,True,
top10_properties_by_revenue,dbsql,50,1,41,2335.7041249983013,True,
pnl_rollup_multi_month,dbsql,50,1,26,2418.7603750033304,True,
property_financials_joined,dbsql,50,1,38,2424.5603749877773,True,
fund_performance_arena,dbsql,50,1,17,2440.5350839952007,True,
property_financials_joined,dbsql,50,1,22,2426.6960000095423,True,
worst_case_yoy_growth,dbsql,50,1,47,2492.7025419892743,True,
investor_commitment_summary,dbsql,50,1,44,2643.551290995674,True,
investor_commitment_summary,dbsql,50,1,45,2728.847833001055,True,
property_financials_joined,dbsql,50,1,5,2807.894749988918,True,
pnl_rollup_multi_month,dbsql,50,1,43,2829.342375000124,True,
pnl_rollup_multi_month,dbsql,50,1,42,2861.3574579940178,True,
fund_performance_arena,dbsql,50,2,33,363.6502090084832,True,
fund_performance_arena,dbsql,50,2,1,360.29558299924247,True,
top10_properties_by_revenue,dbsql,50,2,8,390.56216600874905,True,
fund_performance_arena,dbsql,50,2,32,365.97395899298135,True,
fund_performance_arena,dbsql,50,2,17,442.8488340054173,True,
fund_performance_arena,dbsql,50,2,16,590.239749988541,True,
gl_monthly_by_arena_year,dbsql,50,2,34,700.620000003255,True,
gl_monthly_by_arena_year,dbsql,50,2,2,703.2520829961868,True,
top10_properties_by_revenue,dbsql,50,2,41,712.721165997209,True,
gl_monthly_by_arena_year,dbsql,50,2,4,784.8429169971496,True,
gl_monthly_by_arena_year,dbsql,50,2,18,792.5449169997592,True,
investor_commitment_summary,dbsql,50,2,12,855.0052919890732,True,
property_financials_joined,dbsql,50,2,5,835.8575419988483,True,
property_financials_joined,dbsql,50,2,23,837.2654999984661,True,
top10_properties_by_revenue,dbsql,50,2,9,884.7481249977136,True,
investor_commitment_summary,dbsql,50,2,13,903.8195829925826,True,
property_financials_joined,dbsql,50,2,6,930.8083330106456,True,
property_financials_joined,dbsql,50,2,37,952.6111250015674,True,
property_financials_joined,dbsql,50,2,7,952.786207999452,True,
pnl_rollup_multi_month,dbsql,50,2,11,1027.1875839971472,True,
gl_monthly_by_arena_year,dbsql,50,2,3,1438.760542005184,True,
investor_commitment_summary,dbsql,50,2,28,1436.3037910079584,True,
property_financials_joined,dbsql,50,2,38,1481.348290995811,True,
gl_monthly_by_arena_year,dbsql,50,2,19,1499.3564159958623,True,
worst_case_yoy_growth,dbsql,50,2,31,1558.878249998088,True,
fund_performance_arena,dbsql,50,2,49,1495.3157079871744,True,
top10_properties_by_revenue,dbsql,50,2,25,1747.8610830003163,True,
investor_commitment_summary,dbsql,50,2,29,1725.6968339934247,True,
investor_commitment_summary,dbsql,50,2,44,1770.5857079999987,True,
property_financials_joined,dbsql,50,2,39,1832.6880410022568,True,
top10_properties_by_revenue,dbsql,50,2,24,1850.2189580030972,True,
investor_commitment_summary,dbsql,50,2,45,1867.9289589927066,True,
worst_case_yoy_growth,dbsql,50,2,47,1891.9966670073336,True,
gl_monthly_by_arena_year,dbsql,50,2,36,1939.4238330132794,True,
gl_monthly_by_arena_year,dbsql,50,2,20,1930.1619170000777,True,
investor_commitment_summary,dbsql,50,2,30,1955.008959004772,True,
pnl_rollup_multi_month,dbsql,50,2,10,1951.3463339972077,True,
gl_monthly_by_arena_year,dbsql,50,2,35,1965.1472919940716,True,
pnl_rollup_multi_month,dbsql,50,2,43,2027.684083004715,True,
worst_case_yoy_growth,dbsql,50,2,15,2057.0978339965222,True,
investor_commitment_summary,dbsql,50,2,46,2094.9558339925716,True,
property_financials_joined,dbsql,50,2,22,2129.944542000885,True,
fund_performance_arena,dbsql,50,2,48,2137.1373339934507,True,
pnl_rollup_multi_month,dbsql,50,2,27,2240.1356670015957,True,
fund_performance_arena,dbsql,50,2,0,2271.2612909963354,True,
pnl_rollup_multi_month,dbsql,50,2,42,2411.4730410074117,True,
investor_commitment_summary,dbsql,50,2,14,2369.897917000344,True,
property_financials_joined,dbsql,50,2,21,2396.7254589952063,True,
top10_properties_by_revenue,dbsql,50,2,40,2414.98012500233,True,
pnl_rollup_multi_month,dbsql,50,2,26,2882.8530000027968,True,
fund_performance_arena,dbsql,50,3,0,363.7786659965059,True,
top10_properties_by_revenue,dbsql,50,3,40,418.2261250098236,True,
property_financials_joined,dbsql,50,3,21,455.49045799998567,True,
gl_monthly_by_arena_year,dbsql,50,3,35,529.5901250065072,True,
fund_performance_arena,dbsql,50,3,32,549.0203329973156,True,
gl_monthly_by_arena_year,dbsql,50,3,2,564.1053339932114,True,
fund_performance_arena,dbsql,50,3,16,584.0066249947995,True,
gl_monthly_by_arena_year,dbsql,50,3,19,531.2434160005068,True,
top10_properties_by_revenue,dbsql,50,3,8,679.6925419912441,True,
investor_commitment_summary,dbsql,50,3,29,699.0972499916097,True,
gl_monthly_by_arena_year,dbsql,50,3,34,748.0288749939064,True,
top10_properties_by_revenue,dbsql,50,3,25,785.205042004236,True,
property_financials_joined,dbsql,50,3,5,783.8521250087069,True,
property_financials_joined,dbsql,50,3,23,794.6594579989323,True,
property_financials_joined,dbsql,50,3,7,797.9150840110378,True,
investor_commitment_summary,dbsql,50,3,13,837.8757919999771,True,
investor_commitment_summary,dbsql,50,3,12,838.6089999985415,True,
investor_commitment_summary,dbsql,50,3,28,884.4544590101577,True,
investor_commitment_summary,dbsql,50,3,46,880.6703750015004,True,
pnl_rollup_multi_month,dbsql,50,3,26,986.2240829970688,True,
property_financials_joined,dbsql,50,3,22,853.7234169925796,True,
worst_case_yoy_growth,dbsql,50,3,15,1484.0590829990106,True,
property_financials_joined,dbsql,50,3,38,1341.7865829978837,True,
property_financials_joined,dbsql,50,3,6,1512.6838750002207,True,
worst_case_yoy_growth,dbsql,50,3,47,1537.6414589991327,True,
gl_monthly_by_arena_year,dbsql,50,3,36,1592.8688749991124,True,
fund_performance_arena,dbsql,50,3,48,1624.9489999900106,True,
fund_performance_arena,dbsql,50,3,17,1656.084040994756,True,
pnl_rollup_multi_month,dbsql,50,3,42,1739.2262920038775,True,
investor_commitment_summary,dbsql,50,3,45,1864.0571249998175,True,
fund_performance_arena,dbsql,50,3,33,1904.7969169914722,True,
top10_properties_by_revenue,dbsql,50,3,24,1923.4690829907777,True,
gl_monthly_by_arena_year,dbsql,50,3,18,1960.8562079956755,True,
fund_performance_arena,dbsql,50,3,49,1977.132750005694,True,
gl_monthly_by_arena_year,dbsql,50,3,20,1981.2781669897959,True,
pnl_rollup_multi_month,dbsql,50,3,43,2039.003625002806,True,
property_financials_joined,dbsql,50,3,39,2099.4627909967676,True,
gl_monthly_by_arena_year,dbsql,50,3,4,2115.68425000587,True,
gl_monthly_by_arena_year,dbsql,50,3,3,2177.020832998096,True,
investor_commitment_summary,dbsql,50,3,30,2170.268166009919,True,
fund_performance_arena,dbsql,50,3,1,2262.589707999723,True,
pnl_rollup_multi_month,dbsql,50,3,10,2289.4183339958545,True,
investor_commitment_summary,dbsql,50,3,44,2414.5339999959106,True,
investor_commitment_summary,dbsql,50,3,14,2459.504250000464,True,
pnl_rollup_multi_month,dbsql,50,3,11,2470.354707998922,True,
top10_properties_by_revenue,dbsql,50,3,9,2465.9964159945957,True,
pnl_rollup_multi_month,dbsql,50,3,27,2447.500750000472,True,
worst_case_yoy_growth,dbsql,50,3,31,2283.3064580045175,True,
top10_properties_by_revenue,dbsql,50,3,41,2535.7468749862164,True,
property_financials_joined,dbsql,50,3,37,2709.136082994519,True,
fund_performance_arena,dbsql,50,4,17,493.26674999610987,True,
fund_performance_arena,dbsql,50,4,32,500.7230420014821,True,
fund_performance_arena,dbsql,50,4,0,550.2545000053942,True,
worst_case_yoy_growth,dbsql,50,4,15,562.6895000023069,True,
gl_monthly_by_arena_year,dbsql,50,4,18,555.7135410053888,True,
gl_monthly_by_arena_year,dbsql,50,4,3,672.9432499996619,True,
top10_properties_by_revenue,dbsql,50,4,8,695.4224579967558,True,
top10_properties_by_revenue,dbsql,50,4,9,785.4230829980224,True,
property_financials_joined,dbsql,50,4,7,792.0807500049705,True,
investor_commitment_summary,dbsql,50,4,45,795.0033329980215,True,
gl_monthly_by_arena_year,dbsql,50,4,19,787.5056659977417,True,
investor_commitment_summary,dbsql,50,4,12,767.4379170057364,True,
investor_commitment_summary,dbsql,50,4,13,765.8261670003412,True,
gl_monthly_by_arena_year,dbsql,50,4,4,800.5636669986416,True,
top10_properties_by_revenue,dbsql,50,4,24,767.8825830080314,True,
property_financials_joined,dbsql,50,4,23,820.0723749905592,True,
property_financials_joined,dbsql,50,4,38,900.7554999989225,True,
pnl_rollup_multi_month,dbsql,50,4,10,1042.5112080120016,True,
pnl_rollup_multi_month,dbsql,50,4,26,988.71349998808,True,
pnl_rollup_multi_month,dbsql,50,4,43,980.5217920074938,True,
fund_performance_arena,dbsql,50,4,1,1096.0895829921355,True,
gl_monthly_by_arena_year,dbsql,50,4,36,1151.1948749976,True,
gl_monthly_by_arena_year,dbsql,50,4,20,1286.2472500128206,True,
worst_case_yoy_growth,dbsql,50,4,47,1372.620750000351,True,
worst_case_yoy_growth,dbsql,50,4,31,1431.4889169909293,True,
fund_performance_arena,dbsql,50,4,16,1466.5567499905592,True,
fund_performance_arena,dbsql,50,4,48,1571.5365829964867,True,
gl_monthly_by_arena_year,dbsql,50,4,2,1723.3824580034707,True,
investor_commitment_summary,dbsql,50,4,44,1689.9455410020892,True,
investor_commitment_summary,dbsql,50,4,29,1776.4999579958385,True,
pnl_rollup_multi_month,dbsql,50,4,27,1754.0986660023918,True,
investor_commitment_summary,dbsql,50,4,28,1743.7867920089047,True,
investor_commitment_summary,dbsql,50,4,14,1860.4065830004402,True,
pnl_rollup_multi_month,dbsql,50,4,42,1915.353333009989,True,
top10_properties_by_revenue,dbsql,50,4,41,2029.9959999974817,True,
gl_monthly_by_arena_year,dbsql,50,4,35,2041.39495799609,True,
investor_commitment_summary,dbsql,50,4,46,2068.9761660032673,True,
property_financials_joined,dbsql,50,4,21,2094.218083002488,True,
pnl_rollup_multi_month,dbsql,50,4,11,2089.683124999283,True,
investor_commitment_summary,dbsql,50,4,30,2097.929249997833,True,
top10_properties_by_revenue,dbsql,50,4,25,2084.7756669973023,True,
fund_performance_arena,dbsql,50,4,49,2109.744374989532,True,
top10_properties_by_revenue,dbsql,50,4,40,2130.7410829904256,True,
property_financials_joined,dbsql,50,4,22,2186.3141670037294,True,
fund_performance_arena,dbsql,50,4,33,2227.209374992526,True,
gl_monthly_by_arena_year,dbsql,50,4,34,2260.704041997087,True,
property_financials_joined,dbsql,50,4,37,2400.210874999175,True,
property_financials_joined,dbsql,50,4,39,2397.3939580027945,True,
property_financials_joined,dbsql,50,4,6,2537.6949589990545,True,
property_financials_joined,dbsql,50,4,5,2613.1802500021877,True,
fund_performance_arena,dbsql,100,0,33,420.515207995777,True,
fund_performance_arena,dbsql,100,0,32,417.3907079966739,True,
investor_commitment_summary,dbsql,100,0,30,527.1061249950435,True,
property_financials_joined,dbsql,100,0,23,518.2424579979852,True,
property_financials_joined,dbsql,100,0,6,543.6980000085896,True,
gl_monthly_by_arena_year,dbsql,100,0,2,612.9393750015879,True,
fund_performance_arena,dbsql,100,0,16,594.3460419948678,True,
gl_monthly_by_arena_year,dbsql,100,0,19,608.0839579954045,True,
gl_monthly_by_arena_year,dbsql,100,0,20,629.8467500018887,True,
gl_monthly_by_arena_year,dbsql,100,0,4,638.2944580109324,True,
worst_case_yoy_growth,dbsql,100,0,15,669.4861249998212,True,
top10_properties_by_revenue,dbsql,100,0,8,779.1754159989068,True,
pnl_rollup_multi_month,dbsql,100,0,10,768.932874998427,True,
pnl_rollup_multi_month,dbsql,100,0,11,768.7802920117974,True,
property_financials_joined,dbsql,100,0,86,675.8331670134794,True,
investor_commitment_summary,dbsql,100,0,13,795.0902090087766,True,
top10_properties_by_revenue,dbsql,100,0,9,837.3573330027284,True,
investor_commitment_summary,dbsql,100,0,12,847.6704579952639,True,
top10_properties_by_revenue,dbsql,100,0,25,833.6171660048421,True,
investor_commitment_summary,dbsql,100,0,14,871.0238749918062,True,
property_financials_joined,dbsql,100,0,5,990.7282920030411,True,
fund_performance_arena,dbsql,100,0,1,886.9057080009952,True,
top10_properties_by_revenue,dbsql,100,0,24,1791.792500007432,True,
fund_performance_arena,dbsql,100,0,17,1817.6656249997905,True,
property_financials_joined,dbsql,100,0,37,1931.6622500045924,True,
gl_monthly_by_arena_year,dbsql,100,0,3,1992.5846249971073,True,
fund_performance_arena,dbsql,100,0,0,1986.843583988957,True,
worst_case_yoy_growth,dbsql,100,0,31,2012.2848750033882,True,
investor_commitment_summary,dbsql,100,0,46,2096.79862500343,True,
investor_commitment_summary,dbsql,100,0,45,2097.7895420073764,True,
gl_monthly_by_arena_year,dbsql,100,0,68,2203.3085000002757,True,
property_financials_joined,dbsql,100,0,7,2286.521249989164,True,
pnl_rollup_multi_month,dbsql,100,0,59,2287.4008340004366,True,
investor_commitment_summary,dbsql,100,0,62,2379.3555829906836,True,
worst_case_yoy_growth,dbsql,100,0,47,2380.156834013178,True,
investor_commitment_summary,dbsql,100,0,61,2479.201916998136,True,
worst_case_yoy_growth,dbsql,100,0,63,2475.319582998054,True,
property_financials_joined,dbsql,100,0,53,2490.0083749962505,True,
property_financials_joined,dbsql,100,0,22,2465.8342500042636,True,
pnl_rollup_multi_month,dbsql,100,0,90,2576.4547500002664,True,
fund_performance_arena,dbsql,100,0,65,2510.16945799347,True,
property_financials_joined,dbsql,100,0,70,2547.1508749906207,True,
gl_monthly_by_arena_year,dbsql,100,0,51,2507.4921660125256,True,
property_financials_joined,dbsql,100,0,54,2587.1703749871813,True,
pnl_rollup_multi_month,dbsql,100,0,74,2602.7049999975134,True,
investor_commitment_summary,dbsql,100,0,29,2612.924375003786,True,
pnl_rollup_multi_month,dbsql,100,0,27,2615.5137910100166,True,
investor_commitment_summary,dbsql,100,0,28,2592.5872910011094,True,
pnl_rollup_multi_month,dbsql,100,0,26,2746.196209001937,True,
fund_performance_arena,dbsql,100,0,48,2808.865541999694,True,
gl_monthly_by_arena_year,dbsql,100,0,34,2810.1620000088587,True,
gl_monthly_by_arena_year,dbsql,100,0,35,2877.285791997565,True,
top10_properties_by_revenue,dbsql,100,0,40,2968.144625003333,True,
property_financials_joined,dbsql,100,0,21,3353.2096660055686,True,
property_financials_joined,dbsql,100,0,85,3347.836291999556,True,
gl_monthly_by_arena_year,dbsql,100,0,66,3533.8737499987474,True,
top10_properties_by_revenue,dbsql,100,0,41,3580.1462500094203,True,
property_financials_joined,dbsql,100,0,39,3684.8018339951523,True,
property_financials_joined,dbsql,100,0,69,3896.9584169972222,True,
property_financials_joined,dbsql,100,0,38,3900.975416006986,True,
pnl_rollup_multi_month,dbsql,100,0,43,3932.983624996268,True,
top10_properties_by_revenue,dbsql,100,0,88,4189.963166994858,True,
gl_monthly_by_arena_year,dbsql,100,0,18,4215.337333007483,True,
investor_commitment_summary,dbsql,100,0,77,4259.852584000328,True,
gl_monthly_by_arena_year,dbsql,100,0,98,4306.2427080003545,True,
investor_commitment_summary,dbsql,100,0,93,4325.811083006556,True,
fund_performance_arena,dbsql,100,0,97,4343.084332998842,True,
top10_properties_by_revenue,dbsql,100,0,57,4376.722166009131,True,
fund_performance_arena,dbsql,100,0,64,4411.20950000186,True,
top10_properties_by_revenue,dbsql,100,0,56,4430.221833012183,True,
investor_commitment_summary,dbsql,100,0,60,4383.081708001555,True,
property_financials_joined,dbsql,100,0,87,4434.006958006648,True,
pnl_rollup_multi_month,dbsql,100,0,75,4460.4618750017835,True,
fund_performance_arena,dbsql,100,0,49,4491.914792000898,True,
investor_commitment_summary,dbsql,100,0,44,4490.9727909980575,True,
gl_monthly_by_arena_year,dbsql,100,0,52,4549.357249998138,True,
gl_monthly_by_arena_year,dbsql,100,0,82,4532.975374997477,True,
gl_monthly_by_arena_year,dbsql,100,0,83,4544.2168330046115,True,
investor_commitment_summary,dbsql,100,0,76,4676.3446670083795,True,
worst_case_yoy_growth,dbsql,100,0,95,4675.423290987965,True,
pnl_rollup_multi_month,dbsql,100,0,58,4824.691332993098,True,
pnl_rollup_multi_month,dbsql,100,0,91,4763.7959999992745,True,
gl_monthly_by_arena_year,dbsql,100,0,67,5154.664957997738,True,
gl_monthly_by_arena_year,dbsql,100,0,50,5179.658542008838,True,
property_financials_joined,dbsql,100,0,71,5242.123082993203,True,
investor_commitment_summary,dbsql,100,0,94,5422.227457995177,True,
fund_performance_arena,dbsql,100,0,81,5421.389458002523,True,
worst_case_yoy_growth,dbsql,100,0,79,5406.930375000229,True,
pnl_rollup_multi_month,dbsql,100,0,42,5411.532750003971,True,
fund_performance_arena,dbsql,100,0,80,5459.146666995366,True,
gl_monthly_by_arena_year,dbsql,100,0,84,5486.14166698826,True,
top10_properties_by_revenue,dbsql,100,0,89,5481.008959002793,True,
gl_monthly_by_arena_year,dbsql,100,0,36,5507.724209004664,True,
investor_commitment_summary,dbsql,100,0,78,5551.2812090019,True,
property_financials_joined,dbsql,100,0,55,5561.011541998596,True,
gl_monthly_by_arena_year,dbsql,100,0,99,5583.70066700445,True,
fund_performance_arena,dbsql,100,0,96,5692.743708001217,True,
top10_properties_by_revenue,dbsql,100,0,73,5705.873957995209,True,
investor_commitment_summary,dbsql,100,0,92,5762.463166989619,True,
top10_properties_by_revenue,dbsql,100,0,72,5770.93933300057,True,
fund_performance_arena,dbsql,100,1,48,459.5770000014454,True,
property_financials_joined,dbsql,100,1,22,495.7373750075931,True,
property_financials_joined,dbsql,100,1,23,537.8980829991633,True,
gl_monthly_by_arena_year,dbsql,100,1,3,598.4375830012141,True,
worst_case_yoy_growth,dbsql,100,1,63,657.1897090034327,True,
pnl_rollup_multi_month,dbsql,100,1,59,712.0914999977686,True,
top10_properties_by_revenue,dbsql,100,1,8,744.4915000087349,True,
top10_properties_by_revenue,dbsql,100,1,25,748.5240419919137,True,
pnl_rollup_multi_month,dbsql,100,1,27,754.7486670082435,True,
gl_monthly_by_arena_year,dbsql,100,1,35,734.089417004725,True,
top10_properties_by_revenue,dbsql,100,1,40,779.3908750027185,True,
investor_commitment_summary,dbsql,100,1,61,783.9070000045467,True,
top10_properties_by_revenue,dbsql,100,1,72,765.656499992474,True,
gl_monthly_by_arena_year,dbsql,100,1,52,820.4075840039877,True,
gl_monthly_by_arena_year,dbsql,100,1,19,824.5192920003319,True,
investor_commitment_summary,dbsql,100,1,45,844.1887910012156,True,
property_financials_joined,dbsql,100,1,39,897.1164579998003,True,
property_financials_joined,dbsql,100,1,54,932.0442500029458,True,
pnl_rollup_multi_month,dbsql,100,1,10,1041.2626250035828,True,
pnl_rollup_multi_month,dbsql,100,1,11,1121.9190420088125,True,
top10_properties_by_revenue,dbsql,100,1,56,1788.5354169993661,True,
fund_performance_arena,dbsql,100,1,17,1860.7192919880617,True,
top10_properties_by_revenue,dbsql,100,1,88,1790.7843749999302,True,
fund_performance_arena,dbsql,100,1,80,1842.8508340002736,True,
property_financials_joined,dbsql,100,1,53,1886.8030000012368,True,
investor_commitment_summary,dbsql,100,1,30,2059.3673340044916,True,
fund_performance_arena,dbsql,100,1,65,2065.725874999771,True,
gl_monthly_by_arena_year,dbsql,100,1,20,2308.993291997467,True,
investor_commitment_summary,dbsql,100,1,78,2331.1374170007184,True,
fund_performance_arena,dbsql,100,1,32,2293.4730839915574,True,
worst_case_yoy_growth,dbsql,100,1,47,2378.859874996124,True,
gl_monthly_by_arena_year,dbsql,100,1,50,2381.0947080055485,True,
worst_case_yoy_growth,dbsql,100,1,79,2473.7625419948017,True,
property_financials_joined,dbsql,100,1,38,2308.8388750038575,True,
fund_performance_arena,dbsql,100,1,64,2485.640458005946,True,
property_financials_joined,dbsql,100,1,87,2490.638333998504,True,
worst_case_yoy_growth,dbsql,100,1,15,2522.373040992534,True,
property_financials_joined,dbsql,100,1,21,2536.614666998503,True,
pnl_rollup_multi_month,dbsql,100,1,42,2575.0076670083217,True,
investor_commitment_summary,dbsql,100,1,29,2574.8329170019133,True,
investor_commitment_summary,dbsql,100,1,28,2579.1780410072533,True,
property_financials_joined,dbsql,100,1,55,2685.015958006261,True,
gl_monthly_by_arena_year,dbsql,100,1,83,2674.2331250134157,True,
gl_monthly_by_arena_year,dbsql,100,1,34,2703.7537500000326,True,
pnl_rollup_multi_month,dbsql,100,1,43,2750.1457089965697,True,
investor_commitment_summary,dbsql,100,1,44,2791.2716249993537,True,
fund_performance_arena,dbsql,100,1,0,2850.471416997607,True,
gl_monthly_by_arena_year,dbsql,100,1,36,2936.3449590018718,True,
gl_monthly_by_arena_year,dbsql,100,1,84,3104.3516659992747,True,
fund_performance_arena,dbsql,100,1,1,3089.8712500056718,True,
fund_performance_arena,dbsql,100,1,16,3123.9272079983493,True,
top10_properties_by_revenue,dbsql,100,1,57,3119.407042002422,True,
property_financials_joined,dbsql,100,1,37,3129.094207994058,True,
gl_monthly_by_arena_year,dbsql,100,1,67,3142.009125003824,True,
property_financials_joined,dbsql,100,1,86,3154.332999998587,True,
investor_commitment_summary,dbsql,100,1,46,3151.39816699957,True,
pnl_rollup_multi_month,dbsql,100,1,91,3201.8873329943744,True,
worst_case_yoy_growth,dbsql,100,1,31,3321.2402920034947,True,
fund_performance_arena,dbsql,100,1,97,3354.490707992227,True,
gl_monthly_by_arena_year,dbsql,100,1,66,3363.760916996398,True,
top10_properties_by_revenue,dbsql,100,1,9,3465.830790999462,True,
investor_commitment_summary,dbsql,100,1,14,3485.184290999314,True,
gl_monthly_by_arena_year,dbsql,100,1,51,3513.078417003271,True,
investor_commitment_summary,dbsql,100,1,93,3680.9454999893205,True,
gl_monthly_by_arena_year,dbsql,100,1,68,3729.892250004923,True,
investor_commitment_summary,dbsql,100,1,13,3755.4218330042204,True,
pnl_rollup_multi_month,dbsql,100,1,74,3772.6395829959074,True,
investor_commitment_summary,dbsql,100,1,77,3823.181375002605,True,
property_financials_joined,dbsql,100,1,69,3803.9721670065774,True,
pnl_rollup_multi_month,dbsql,100,1,75,3901.0780829994474,True,
top10_properties_by_revenue,dbsql,100,1,89,3910.345791009604,True,
property_financials_joined,dbsql,100,1,6,3907.812666002428,True,
investor_commitment_summary,dbsql,100,1,62,3965.3368329891236,True,
property_financials_joined,dbsql,100,1,71,3992.997291003121,True,
pnl_rollup_multi_month,dbsql,100,1,58,3946.157333004521,True,
fund_performance_arena,dbsql,100,1,81,3952.7506660087965,True,
property_financials_joined,dbsql,100,1,70,4038.370666996343,True,
top10_properties_by_revenue,dbsql,100,1,24,4074.8437919974094,True,
gl_monthly_by_arena_year,dbsql,100,1,82,4114.575208994211,True,
fund_performance_arena,dbsql,100,1,96,4128.603999997722,True,
investor_commitment_summary,dbsql,100,1,60,4153.095666013542,True,
pnl_rollup_multi_month,dbsql,100,1,26,4192.442791012581,True,
fund_performance_arena,dbsql,100,1,49,4191.04375000461,True,
gl_monthly_by_arena_year,dbsql,100,1,2,4213.914374995511,True,
investor_commitment_summary,dbsql,100,1,94,4273.029207994114,True,
gl_monthly_by_arena_year,dbsql,100,1,4,4306.394416998955,True,
worst_case_yoy_growth,dbsql,100,1,95,4310.219334001886,True,
gl_monthly_by_arena_year,dbsql,100,1,18,4351.358957996126,True,
gl_monthly_by_arena_year,dbsql,100,1,98,4359.225874999538,True,
pnl_rollup_multi_month,dbsql,100,1,90,4342.853666006704,True,
property_financials_joined,dbsql,100,1,85,4465.548958993168,True,
gl_monthly_by_arena_year,dbsql,100,1,99,4538.483166994411,True,
top10_properties_by_revenue,dbsql,100,1,73,4606.3053339894395,True,
fund_performance_arena,dbsql,100,1,33,4627.2643330012215,True,
investor_commitment_summary,dbsql,100,1,12,4632.8757500014035,True,
property_financials_joined,dbsql,100,1,5,4637.6040000031935,True,
investor_commitment_summary,dbsql,100,1,92,4705.047417010064,True,
investor_commitment_summary,dbsql,100,1,76,4727.716249995865,True,
top10_properties_by_revenue,dbsql,100,1,41,4809.964375002892,True,
property_financials_joined,dbsql,100,1,7,4918.72295900248,True,
fund_performance_arena,dbsql,100,2,16,401.8065830023261,True,
investor_commitment_summary,dbsql,100,2,14,414.26391700224485,True,
fund_performance_arena,dbsql,100,2,0,488.1226669967873,True,
property_financials_joined,dbsql,100,2,7,470.527540994226,True,
property_financials_joined,dbsql,100,2,23,513.0900829972234,True,
gl_monthly_by_arena_year,dbsql,100,2,3,550.2057089906884,True,
property_financials_joined,dbsql,100,2,39,529.7703749965876,True,
gl_monthly_by_arena_year,dbsql,100,2,35,590.288084000349,True,
fund_performance_arena,dbsql,100,2,33,591.481625000597,True,
worst_case_yoy_growth,dbsql,100,2,15,649.7717919992283,True,
gl_monthly_by_arena_year,dbsql,100,2,50,637.302124989219,True,
top10_properties_by_revenue,dbsql,100,2,9,696.3689580006758,True,
top10_properties_by_revenue,dbsql,100,2,25,711.0959999990882,True,
gl_monthly_by_arena_year,dbsql,100,2,2,797.8875830012839,True,
property_financials_joined,dbsql,100,2,22,826.9162090000464,True,
investor_commitment_summary,dbsql,100,2,62,817.6798750064336,True,
property_financials_joined,dbsql,100,2,38,830.9612500015646,True,
top10_properties_by_revenue,dbsql,100,2,89,804.1983750008512,True,
pnl_rollup_multi_month,dbsql,100,2,11,1012.1394169982523,True,
pnl_rollup_multi_month,dbsql,100,2,26,1207.455583004048,True,
pnl_rollup_multi_month,dbsql,100,2,27,1181.5105830028187,True,
pnl_rollup_multi_month,dbsql,100,2,74,1128.2377909956267,True,
investor_commitment_summary,dbsql,100,2,60,1342.5101670000004,True,
fund_performance_arena,dbsql,100,2,48,1512.7569169999333,True,
investor_commitment_summary,dbsql,100,2,44,1761.663375000353,True,
property_financials_joined,dbsql,100,2,53,1760.4348750028294,True,
property_financials_joined,dbsql,100,2,85,1830.4713329998776,True,
worst_case_yoy_growth,dbsql,100,2,63,1693.5447909927461,True,
gl_monthly_by_arena_year,dbsql,100,2,68,1902.0064999931492,True,
worst_case_yoy_growth,dbsql,100,2,47,1772.3154170089401,True,
fund_performance_arena,dbsql,100,2,65,1915.867249990697,True,
gl_monthly_by_arena_year,dbsql,100,2,4,2067.8060829959577,True,
investor_commitment_summary,dbsql,100,2,45,2076.211667008465,True,
investor_commitment_summary,dbsql,100,2,92,2094.7831670055166,True,
gl_monthly_by_arena_year,dbsql,100,2,51,2033.4779159893515,True,
top10_properties_by_revenue,dbsql,100,2,57,2059.2015420115786,True,
gl_monthly_by_arena_year,dbsql,100,2,34,2233.287124996423,True,
property_financials_joined,dbsql,100,2,5,2212.5408749998314,True,
property_financials_joined,dbsql,100,2,69,2299.989708000794,True,
pnl_rollup_multi_month,dbsql,100,2,42,2376.003708006465,True,
investor_commitment_summary,dbsql,100,2,76,2380.7609170034993,True,
pnl_rollup_multi_month,dbsql,100,2,75,2504.1084999975283,True,
pnl_rollup_multi_month,dbsql,100,2,58,2663.192624997464,True,
gl_monthly_by_arena_year,dbsql,100,2,52,3355.4540000041015,True,
top10_properties_by_revenue,dbsql,100,2,72,3325.485708002816,True,
property_financials_joined,dbsql,100,2,55,3343.999167002039,True,
gl_monthly_by_arena_year,dbsql,100,2,82,3398.018125008093,True,
property_financials_joined,dbsql,100,2,71,3455.189666012302,True,
gl_monthly_by_arena_year,dbsql,100,2,84,3516.9218340015505,True,
worst_case_yoy_growth,dbsql,100,2,79,3581.2455419945763,True,
gl_monthly_by_arena_year,dbsql,100,2,66,3600.742208000156,True,
pnl_rollup_multi_month,dbsql,100,2,90,3762.026458993205,True,
pnl_rollup_multi_month,dbsql,100,2,59,3789.0148339938605,True,
property_financials_joined,dbsql,100,2,86,3895.396207997692,True,
pnl_rollup_multi_month,dbsql,100,2,91,3914.7716659936123,True,
gl_monthly_by_arena_year,dbsql,100,2,67,3906.0570419969736,True,
fund_performance_arena,dbsql,100,2,96,4576.466209007776,True,
investor_commitment_summary,dbsql,100,2,77,4802.710457996,True,
top10_properties_by_revenue,dbsql,100,2,73,4894.696000003023,True,
fund_performance_arena,dbsql,100,2,32,4933.152707992122,True,
worst_case_yoy_growth,dbsql,100,2,95,4936.614416990778,True,
gl_monthly_by_arena_year,dbsql,100,2,19,5297.49612500018,True,
property_financials_joined,dbsql,100,2,70,5179.6967499976745,True,
investor_commitment_summary,dbsql,100,2,12,5308.027332997881,True,
pnl_rollup_multi_month,dbsql,100,2,10,5330.078082988621,True,
fund_performance_arena,dbsql,100,2,1,5242.10583299282,True,
investor_commitment_summary,dbsql,100,2,29,5403.670833999058,True,
investor_commitment_summary,dbsql,100,2,13,5612.730875000125,True,
gl_monthly_by_arena_year,dbsql,100,2,18,5684.402541999589,True,
worst_case_yoy_growth,dbsql,100,2,31,5688.184166996507,True,
gl_monthly_by_arena_year,dbsql,100,2,20,5733.328832997358,True,
property_financials_joined,dbsql,100,2,6,5710.593166004401,True,
top10_properties_by_revenue,dbsql,100,2,8,5743.000374990515,True,
fund_performance_arena,dbsql,100,2,17,5721.730249992106,True,
investor_commitment_summary,dbsql,100,2,30,5813.408875008463,True,
fund_performance_arena,dbsql,100,2,49,5854.970458996831,True,
gl_monthly_by_arena_year,dbsql,100,2,36,5909.76354200393,True,
top10_properties_by_revenue,dbsql,100,2,24,5939.650291998987,True,
property_financials_joined,dbsql,100,2,37,5946.2815830047475,True,
investor_commitment_summary,dbsql,100,2,28,6005.98041700141,True,
property_financials_joined,dbsql,100,2,54,6143.443541994202,True,
investor_commitment_summary,dbsql,100,2,46,6277.456499999971,True,
investor_commitment_summary,dbsql,100,2,78,6260.5068749981,True,
top10_properties_by_revenue,dbsql,100,2,56,6338.866875012172,True,
top10_properties_by_revenue,dbsql,100,2,41,6802.080958004808,True,
fund_performance_arena,dbsql,100,2,97,6824.383958999533,True,
gl_monthly_by_arena_year,dbsql,100,2,99,6863.726167008281,True,
fund_performance_arena,dbsql,100,2,64,7017.228124997928,True,
fund_performance_arena,dbsql,100,2,81,7011.283957996056,True,
fund_performance_arena,dbsql,100,2,80,7085.483542003203,True,
gl_monthly_by_arena_year,dbsql,100,2,83,7040.048791997833,True,
gl_monthly_by_arena_year,dbsql,100,2,98,7083.356207993347,True,
top10_properties_by_revenue,dbsql,100,2,88,7604.803791997256,True,
top10_properties_by_revenue,dbsql,100,2,40,7968.044542009011,True,
pnl_rollup_multi_month,dbsql,100,2,43,10740.835749995313,True,
investor_commitment_summary,dbsql,100,2,93,11538.629542003036,True,
investor_commitment_summary,dbsql,100,2,94,11630.447500006994,True,
property_financials_joined,dbsql,100,2,87,11882.57554199663,True,
property_financials_joined,dbsql,100,2,21,12063.68583299627,True,
investor_commitment_summary,dbsql,100,2,61,13087.97333300754,True,
fund_performance_arena,dbsql,100,3,0,382.47920900175814,True,
investor_commitment_summary,dbsql,100,3,61,401.7905420041643,True,
investor_commitment_summary,dbsql,100,3,30,437.69754099776037,True,
gl_monthly_by_arena_year,dbsql,100,3,2,505.75883299461566,True,
property_financials_joined,dbsql,100,3,87,487.3872919997666,True,
fund_performance_arena,dbsql,100,3,1,526.2417920021107,True,
gl_monthly_by_arena_year,dbsql,100,3,35,502.224167008535,True,
gl_monthly_by_arena_year,dbsql,100,3,4,542.7108330040937,True,
gl_monthly_by_arena_year,dbsql,100,3,19,512.4288750084816,True,
fund_performance_arena,dbsql,100,3,49,525.3428329888266,True,
gl_monthly_by_arena_year,dbsql,100,3,3,573.259707991383,True,
property_financials_joined,dbsql,100,3,55,531.2864170118701,True,
pnl_rollup_multi_month,dbsql,100,3,27,609.9914999940665,True,
investor_commitment_summary,dbsql,100,3,93,646.6787089884747,True,
gl_monthly_by_arena_year,dbsql,100,3,67,721.8699170043692,True,
fund_performance_arena,dbsql,100,3,65,653.6627089953981,True,
fund_performance_arena,dbsql,100,3,80,706.0449580021668,True,
fund_performance_arena,dbsql,100,3,64,701.1024170060409,True,
property_financials_joined,dbsql,100,3,5,812.0839160110336,True,
investor_commitment_summary,dbsql,100,3,13,758.2665840018308,True,
investor_commitment_summary,dbsql,100,3,92,779.575874999864,True,
gl_monthly_by_arena_year,dbsql,100,3,98,743.5473750083474,True,
top10_properties_by_revenue,dbsql,100,3,40,778.8149999978486,True,
gl_monthly_by_arena_year,dbsql,100,3,18,843.8869170058751,True,
fund_performance_arena,dbsql,100,3,32,911.5358339913655,True,
pnl_rollup_multi_month,dbsql,100,3,59,1065.2050420030719,True,
gl_monthly_by_arena_year,dbsql,100,3,66,1044.645458998275,True,
investor_commitment_summary,dbsql,100,3,62,1091.6787499882048,True,
pnl_rollup_multi_month,dbsql,100,3,10,1145.693582991953,True,
top10_properties_by_revenue,dbsql,100,3,9,1082.2812499973224,True,
top10_properties_by_revenue,dbsql,100,3,72,1206.523708999157,True,
property_financials_joined,dbsql,100,3,22,1061.6081249900162,True,
top10_properties_by_revenue,dbsql,100,3,56,1240.648915991187,True,
property_financials_joined,dbsql,100,3,21,1235.4752920073224,True,
investor_commitment_summary,dbsql,100,3,12,1409.4134170009056,True,
investor_commitment_summary,dbsql,100,3,76,1300.26825000823,True,
investor_commitment_summary,dbsql,100,3,29,1302.6698750036303,True,
property_financials_joined,dbsql,100,3,6,1551.1114160035504,True,
investor_commitment_summary,dbsql,100,3,45,1552.5290000077803,True,
property_financials_joined,dbsql,100,3,69,1574.4928329950199,True,
property_financials_joined,dbsql,100,3,71,1629.0835419931682,True,
property_financials_joined,dbsql,100,3,7,1613.9884999865899,True,
gl_monthly_by_arena_year,dbsql,100,3,20,1896.8787919875467,True,
pnl_rollup_multi_month,dbsql,100,3,11,2366.1448339989875,True,
top10_properties_by_revenue,dbsql,100,3,89,2329.251374991145,True,
fund_performance_arena,dbsql,100,3,96,2567.6645840139827,True,
property_financials_joined,dbsql,100,3,39,2749.1808750055498,True,
property_financials_joined,dbsql,100,3,23,2744.7777500055963,True,
worst_case_yoy_growth,dbsql,100,3,31,2729.652834008448,True,
pnl_rollup_multi_month,dbsql,100,3,75,2764.318749992526,True,
pnl_rollup_multi_month,dbsql,100,3,26,2773.9692920004018,True,
property_financials_joined,dbsql,100,3,70,2856.732334010303,True,
investor_commitment_summary,dbsql,100,3,44,2898.7743339966983,True,
top10_properties_by_revenue,dbsql,100,3,25,2941.3820000045234,True,
top10_properties_by_revenue,dbsql,100,3,73,2958.8149589981185,True,
investor_commitment_summary,dbsql,100,3,78,3016.4987919997657,True,
gl_monthly_by_arena_year,dbsql,100,3,50,3005.485083995154,True,
pnl_rollup_multi_month,dbsql,100,3,91,3060.834125004476,True,
pnl_rollup_multi_month,dbsql,100,3,74,3128.1688750023022,True,
investor_commitment_summary,dbsql,100,3,46,3162.430917000165,True,
property_financials_joined,dbsql,100,3,38,3226.0969169874443,True,
fund_performance_arena,dbsql,100,3,33,3247.1530409966363,True,
worst_case_yoy_growth,dbsql,100,3,63,3304.8056249972433,True,
worst_case_yoy_growth,dbsql,100,3,47,3294.5567080023466,True,
worst_case_yoy_growth,dbsql,100,3,15,3354.605458996957,True,
gl_monthly_by_arena_year,dbsql,100,3,52,3387.087209004676,True,
gl_monthly_by_arena_year,dbsql,100,3,36,3525.918207989889,True,
pnl_rollup_multi_month,dbsql,100,3,43,3551.5802089939825,True,
fund_performance_arena,dbsql,100,3,81,3526.5217080013826,True,
top10_properties_by_revenue,dbsql,100,3,24,3645.4649999941466,True,
property_financials_joined,dbsql,100,3,86,3648.5070000053383,True,
gl_monthly_by_arena_year,dbsql,100,3,83,3717.5147910020314,True,
gl_monthly_by_arena_year,dbsql,100,3,82,3756.27466700098,True,
fund_performance_arena,dbsql,100,3,48,3845.961292012362,True,
top10_properties_by_revenue,dbsql,100,3,88,3853.9316250098636,True,
property_financials_joined,dbsql,100,3,53,3901.0084999899846,True,
investor_commitment_summary,dbsql,100,3,77,3928.6187079997035,True,
worst_case_yoy_growth,dbsql,100,3,95,3966.0924159979913,True,
top10_properties_by_revenue,dbsql,100,3,41,4002.9241250013,True,
investor_commitment_summary,dbsql,100,3,14,3985.140250006225,True,
property_financials_joined,dbsql,100,3,85,3914.7100419941125,True,
gl_monthly_by_arena_year,dbsql,100,3,34,4032.2719999967376,True,
top10_properties_by_revenue,dbsql,100,3,57,4177.2101250098785,True,
gl_monthly_by_arena_year,dbsql,100,3,99,4211.041375005152,True,
fund_performance_arena,dbsql,100,3,16,4229.874709009891,True,
investor_commitment_summary,dbsql,100,3,28,4246.438624992152,True,
investor_commitment_summary,dbsql,100,3,94,4262.897458989755,True,
fund_performance_arena,dbsql,100,3,17,4332.775417002267,True,
pnl_rollup_multi_month,dbsql,100,3,42,4424.980583004071,True,
investor_commitment_summary,dbsql,100,3,60,4477.994332992239,True,
top10_properties_by_revenue,dbsql,100,3,8,4616.302833004738,True,
gl_monthly_by_arena_year,dbsql,100,3,68,4610.338832993875,True,
fund_performance_arena,dbsql,100,3,97,4579.1549580026185,True,
gl_monthly_by_arena_year,dbsql,100,3,51,4617.499792002491,True,
property_financials_joined,dbsql,100,3,37,4757.296624986338,True,
pnl_rollup_multi_month,dbsql,100,3,90,4728.393333003623,True,
pnl_rollup_multi_month,dbsql,100,3,58,4902.135167008964,True,
gl_monthly_by_arena_year,dbsql,100,3,84,4895.902958000079,True,
property_financials_joined,dbsql,100,3,54,5051.498125001672,True,
worst_case_yoy_growth,dbsql,100,3,79,64199.41179199668,True,
top10_properties_by_revenue,dbsql,100,4,9,472.5790410011541,True,
fund_performance_arena,dbsql,100,4,49,424.53962498984765,True,
investor_commitment_summary,dbsql,100,4,12,516.3570000004256,True,
fund_performance_arena,dbsql,100,4,48,440.7603330037091,True,
investor_commitment_summary,dbsql,100,4,13,464.1826669976581,True,
investor_commitment_summary,dbsql,100,4,62,485.3552499989746,True,
fund_performance_arena,dbsql,100,4,1,565.7642080041114,True,
gl_monthly_by_arena_year,dbsql,100,4,66,534.6739999949932,True,
fund_performance_arena,dbsql,100,4,17,540.1232079893816,True,
fund_performance_arena,dbsql,100,4,32,598.5340409970377,True,
property_financials_joined,dbsql,100,4,55,572.4279160058359,True,
worst_case_yoy_growth,dbsql,100,4,63,597.1443330054171,True,
fund_performance_arena,dbsql,100,4,16,647.9105000034906,True,
top10_properties_by_revenue,dbsql,100,4,57,548.5985000123037,True,
worst_case_yoy_growth,dbsql,100,4,15,698.9523750089575,True,
gl_monthly_by_arena_year,dbsql,100,4,36,758.3513330027927,True,
gl_monthly_by_arena_year,dbsql,100,4,4,767.3083749978105,True,
gl_monthly_by_arena_year,dbsql,100,4,51,757.9115420085145,True,
investor_commitment_summary,dbsql,100,4,28,830.7416660099989,True,
gl_monthly_by_arena_year,dbsql,100,4,2,868.3554160088534,True,
top10_properties_by_revenue,dbsql,100,4,8,888.0408750119386,True,
top10_properties_by_revenue,dbsql,100,4,25,884.3543749972014,True,
property_financials_joined,dbsql,100,4,22,886.425208998844,True,
gl_monthly_by_arena_year,dbsql,100,4,34,867.925832993933,True,
gl_monthly_by_arena_year,dbsql,100,4,19,912.9399999947054,True,
property_financials_joined,dbsql,100,4,37,849.6670839958824,True,
investor_commitment_summary,dbsql,100,4,14,970.2945000026375,True,
property_financials_joined,dbsql,100,4,39,966.9300829991698,True,
property_financials_joined,dbsql,100,4,71,1002.3048750008456,True,
pnl_rollup_multi_month,dbsql,100,4,42,1198.5908330098027,True,
pnl_rollup_multi_month,dbsql,100,4,58,1225.2672920003533,True,
worst_case_yoy_growth,dbsql,100,4,95,1035.127499999362,True,
top10_properties_by_revenue,dbsql,100,4,40,1652.642624991131,True,
property_financials_joined,dbsql,100,4,38,1684.996374999173,True,
gl_monthly_by_arena_year,dbsql,100,4,3,1723.424084004364,True,
fund_performance_arena,dbsql,100,4,65,1736.3936670008115,True,
fund_performance_arena,dbsql,100,4,80,1775.9877919888822,True,
gl_monthly_by_arena_year,dbsql,100,4,99,1906.8828329909593,True,
gl_monthly_by_arena_year,dbsql,100,4,35,2159.0893329994287,True,
top10_properties_by_revenue,dbsql,100,4,41,2100.412290994427,True,
property_financials_joined,dbsql,100,4,5,2142.155957990326,True,
property_financials_joined,dbsql,100,4,70,2183.19574999623,True,
investor_commitment_summary,dbsql,100,4,46,2207.436749988119,True,
worst_case_yoy_growth,dbsql,100,4,31,2260.2392909902846,True,
gl_monthly_by_arena_year,dbsql,100,4,83,2277.527292011655,True,
investor_commitment_summary,dbsql,100,4,29,2280.7950419955887,True,
investor_commitment_summary,dbsql,100,4,77,2290.184708996094,True,
investor_commitment_summary,dbsql,100,4,60,2238.7792500085197,True,
property_financials_joined,dbsql,100,4,53,2386.7957920010667,True,
top10_properties_by_revenue,dbsql,100,4,89,2291.6777500067838,True,
top10_properties_by_revenue,dbsql,100,4,56,2495.239457988646,True,
fund_performance_arena,dbsql,100,4,97,2435.2305000065826,True,
gl_monthly_by_arena_year,dbsql,100,4,84,2423.840041999938,True,
gl_monthly_by_arena_year,dbsql,100,4,50,2616.8426250078483,True,
pnl_rollup_multi_month,dbsql,100,4,59,2594.9884169967845,True,
fund_performance_arena,dbsql,100,4,96,2579.8259580042213,True,
property_financials_joined,dbsql,100,4,21,2802.581750001991,True,
gl_monthly_by_arena_year,dbsql,100,4,82,2720.8367079874733,True,
top10_properties_by_revenue,dbsql,100,4,24,2931.447625000146,True,
property_financials_joined,dbsql,100,4,85,2841.635375007172,True,
top10_properties_by_revenue,dbsql,100,4,88,2871.2293330027023,True,
investor_commitment_summary,dbsql,100,4,93,2864.416040989454,True,
fund_performance_arena,dbsql,100,4,0,3181.30595900584,True,
pnl_rollup_multi_month,dbsql,100,4,27,3275.905583999702,True,
property_financials_joined,dbsql,100,4,6,3184.9929169984534,True,
property_financials_joined,dbsql,100,4,7,3144.885166999302,True,
fund_performance_arena,dbsql,100,4,33,3253.6549590004142,True,
property_financials_joined,dbsql,100,4,23,3279.319042005227,True,
gl_monthly_by_arena_year,dbsql,100,4,18,3354.046209002263,True,
investor_commitment_summary,dbsql,100,4,44,3305.355749995215,True,
investor_commitment_summary,dbsql,100,4,30,3394.4297499983804,True,
pnl_rollup_multi_month,dbsql,100,4,26,3568.71270800184,True,
investor_commitment_summary,dbsql,100,4,45,3742.995584005257,True,
top10_properties_by_revenue,dbsql,100,4,72,3636.0585000074934,True,
property_financials_joined,dbsql,100,4,86,3780.409957995289,True,
fund_performance_arena,dbsql,100,4,81,3887.851124993176,True,
worst_case_yoy_growth,dbsql,100,4,79,3792.850333993556,True,
investor_commitment_summary,dbsql,100,4,78,3785.161625011824,True,
pnl_rollup_multi_month,dbsql,100,4,10,3859.9077920080163,True,
investor_commitment_summary,dbsql,100,4,94,3937.5869170035003,True,
investor_commitment_summary,dbsql,100,4,61,4036.459958006162,True,
property_financials_joined,dbsql,100,4,54,4087.9798340029083,True,
fund_performance_arena,dbsql,100,4,64,4035.536333001801,True,
gl_monthly_by_arena_year,dbsql,100,4,67,4105.481584003428,True,
investor_commitment_summary,dbsql,100,4,92,4228.648582997266,True,
pnl_rollup_multi_month,dbsql,100,4,74,4303.384750004625,True,
property_financials_joined,dbsql,100,4,87,4172.666999991634,True,
gl_monthly_by_arena_year,dbsql,100,4,52,4131.285709008807,True,
top10_properties_by_revenue,dbsql,100,4,73,4436.737500000163,True,
pnl_rollup_multi_month,dbsql,100,4,90,4605.830665997928,True,
gl_monthly_by_arena_year,dbsql,100,4,98,5835.529374991893,True,
gl_monthly_by_arena_year,dbsql,100,4,20,5839.572291995864,True,
gl_monthly_by_arena_year,dbsql,100,4,68,5982.08387500199,True,
investor_commitment_summary,dbsql,100,4,76,6144.970250010374,True,
property_financials_joined,dbsql,100,4,69,6709.144417007337,True,
pnl_rollup_multi_month,dbsql,100,4,43,9430.035167009919,True,
pnl_rollup_multi_month,dbsql,100,4,11,9476.377208993654,True,
pnl_rollup_multi_month,dbsql,100,4,91,9495.235708993278,True,
pnl_rollup_multi_month,dbsql,100,4,75,9791.367875004653,True,
worst_case_yoy_growth,dbsql,100,4,47,51862.21508399467,True,
fund_performance_arena,lakebase,5,0,1,136.1654579959577,True,
gl_monthly_by_arena_year,lakebase,5,0,2,147.76279201032594,True,
fund_performance_arena,lakebase,5,0,0,211.3079170085257,True,
gl_monthly_by_arena_year,lakebase,5,0,4,240.20595800539013,True,
gl_monthly_by_arena_year,lakebase,5,0,3,123.22670800494961,True,
fund_performance_arena,lakebase,5,1,1,106.28516699944157,True,
gl_monthly_by_arena_year,lakebase,5,1,4,142.23420900816564,True,
gl_monthly_by_arena_year,lakebase,5,1,3,129.09508298616856,True,
fund_performance_arena,lakebase,5,1,0,87.0523339981446,True,
gl_monthly_by_arena_year,lakebase,5,1,2,106.40716600755695,True,
gl_monthly_by_arena_year,lakebase,5,2,2,139.5689999917522,True,
fund_performance_arena,lakebase,5,2,1,111.14150000503287,True,
fund_performance_arena,lakebase,5,2,0,113.80441700748634,True,
gl_monthly_by_arena_year,lakebase,5,2,3,180.07466700510122,True,
gl_monthly_by_arena_year,lakebase,5,2,4,183.92450000101235,True,
fund_performance_arena,lakebase,5,3,1,106.88474999915343,True,
fund_performance_arena,lakebase,5,3,0,105.56979100510944,True,
gl_monthly_by_arena_year,lakebase,5,3,2,152.62983400316443,True,
gl_monthly_by_arena_year,lakebase,5,3,3,149.73045799706597,True,
gl_monthly_by_arena_year,lakebase,5,3,4,176.73104100686032,True,
fund_performance_arena,lakebase,5,4,1,93.9051669993205,True,
fund_performance_arena,lakebase,5,4,0,102.36345900921151,True,
gl_monthly_by_arena_year,lakebase,5,4,3,123.76679200679064,True,
gl_monthly_by_arena_year,lakebase,5,4,4,76.59512499230914,True,
gl_monthly_by_arena_year,lakebase,5,4,2,129.45612499606796,True,
fund_performance_arena,lakebase,10,0,0,92.91474999918137,True,
fund_performance_arena,lakebase,10,0,1,89.98525000060908,True,
top10_properties_by_revenue,lakebase,10,0,9,122.83216600189917,True,
property_financials_joined,lakebase,10,0,6,131.97204199968837,True,
property_financials_joined,lakebase,10,0,5,149.58699999260716,True,
top10_properties_by_revenue,lakebase,10,0,8,145.44550000573508,True,
gl_monthly_by_arena_year,lakebase,10,0,4,152.43733300303575,True,
gl_monthly_by_arena_year,lakebase,10,0,3,153.3319590089377,True,
property_financials_joined,lakebase,10,0,7,170.6496670085471,True,
gl_monthly_by_arena_year,lakebase,10,0,2,166.2415000027977,True,
fund_performance_arena,lakebase,10,1,1,110.83179200068116,True,
fund_performance_arena,lakebase,10,1,0,113.68454199691769,True,
property_financials_joined,lakebase,10,1,5,152.94362499844283,True,
top10_properties_by_revenue,lakebase,10,1,9,127.58124999527354,True,
property_financials_joined,lakebase,10,1,6,169.22304200124927,True,
gl_monthly_by_arena_year,lakebase,10,1,3,179.5318749936996,True,
property_financials_joined,lakebase,10,1,7,175.8375000063097,True,
gl_monthly_by_arena_year,lakebase,10,1,4,186.95841600128915,True,
gl_monthly_by_arena_year,lakebase,10,1,2,192.2672920045443,True,
top10_properties_by_revenue,lakebase,10,1,8,150.9984999865992,True,
gl_monthly_by_arena_year,lakebase,10,2,4,98.37887500179932,True,
fund_performance_arena,lakebase,10,2,0,87.41124998778105,True,
gl_monthly_by_arena_year,lakebase,10,2,3,85.23045900801662,True,
fund_performance_arena,lakebase,10,2,1,83.92595899931621,True,
gl_monthly_by_arena_year,lakebase,10,2,2,119.70645900873933,True,
property_financials_joined,lakebase,10,2,5,151.28212500712834,True,
property_financials_joined,lakebase,10,2,7,193.52237500424962,True,
top10_properties_by_revenue,lakebase,10,2,9,173.80683300143573,True,
top10_properties_by_revenue,lakebase,10,2,8,173.8814169948455,True,
property_financials_joined,lakebase,10,2,6,205.22595899819862,True,
fund_performance_arena,lakebase,10,3,1,78.51820799987763,True,
gl_monthly_by_arena_year,lakebase,10,3,3,106.05058399960399,True,
gl_monthly_by_arena_year,lakebase,10,3,2,87.51708299678285,True,
property_financials_joined,lakebase,10,3,5,106.88741599733476,True,
property_financials_joined,lakebase,10,3,7,121.73091700242367,True,
fund_performance_arena,lakebase,10,3,0,102.44116600370035,True,
property_financials_joined,lakebase,10,3,6,155.33800001139753,True,
top10_properties_by_revenue,lakebase,10,3,9,151.98883300763555,True,
top10_properties_by_revenue,lakebase,10,3,8,171.83641699375585,True,
gl_monthly_by_arena_year,lakebase,10,3,4,190.52579200069886,True,
fund_performance_arena,lakebase,10,4,0,93.05641599348746,True,
property_financials_joined,lakebase,10,4,7,105.01345900411252,True,
gl_monthly_by_arena_year,lakebase,10,4,4,126.21016599587165,True,
property_financials_joined,lakebase,10,4,5,130.69745800748933,True,
fund_performance_arena,lakebase,10,4,1,119.10162499407306,True,
top10_properties_by_revenue,lakebase,10,4,8,173.18904100102372,True,
top10_properties_by_revenue,lakebase,10,4,9,151.7629589943681,True,
property_financials_joined,lakebase,10,4,6,186.23791600111872,True,
gl_monthly_by_arena_year,lakebase,10,4,2,201.91216599778272,True,
gl_monthly_by_arena_year,lakebase,10,4,3,158.5334999981569,True,
fund_performance_arena,lakebase,20,0,0,92.61683399381582,True,
gl_monthly_by_arena_year,lakebase,20,0,3,88.90170900849625,True,
fund_performance_arena,lakebase,20,0,1,94.25216598901898,True,
investor_commitment_summary,lakebase,20,0,13,116.91849998896942,True,
gl_monthly_by_arena_year,lakebase,20,0,2,104.10716700425837,True,
property_financials_joined,lakebase,20,0,5,137.95058301184326,True,
fund_performance_arena,lakebase,20,0,15,90.34433298802469,True,
gl_monthly_by_arena_year,lakebase,20,0,19,95.57658300036564,True,
fund_performance_arena,lakebase,20,0,16,138.58670799527317,True,
gl_monthly_by_arena_year,lakebase,20,0,17,136.48091698996723,True,
investor_commitment_summary,lakebase,20,0,14,224.20679200149607,True,
top10_properties_by_revenue,lakebase,20,0,8,245.26616600633133,True,
gl_monthly_by_arena_year,lakebase,20,0,4,195.35045798693318,True,
property_financials_joined,lakebase,20,0,6,218.69854199758265,True,
top10_properties_by_revenue,lakebase,20,0,9,261.8021670059534,True,
gl_monthly_by_arena_year,lakebase,20,0,18,267.1315420011524,True,
investor_commitment_summary,lakebase,20,0,12,240.41654099710286,True,
property_financials_joined,lakebase,20,0,7,254.1455830069026,True,
pnl_rollup_multi_month,lakebase,20,0,10,422.4864589923527,True,
pnl_rollup_multi_month,lakebase,20,0,11,398.9639579958748,True,
gl_monthly_by_arena_year,lakebase,20,1,4,85.3584580036113,True,
fund_performance_arena,lakebase,20,1,1,74.116874995525,True,
gl_monthly_by_arena_year,lakebase,20,1,19,80.05879099073354,True,
fund_performance_arena,lakebase,20,1,0,132.36066700483207,True,
investor_commitment_summary,lakebase,20,1,14,162.95833300682716,True,
fund_performance_arena,lakebase,20,1,16,133.546833996661,True,
investor_commitment_summary,lakebase,20,1,13,163.3283749979455,True,
fund_performance_arena,lakebase,20,1,15,127.62674999248702,True,
property_financials_joined,lakebase,20,1,7,160.60045899939723,True,
property_financials_joined,lakebase,20,1,5,185.2785410010256,True,
top10_properties_by_revenue,lakebase,20,1,8,199.8575420002453,True,
top10_properties_by_revenue,lakebase,20,1,9,224.46658299304545,True,
property_financials_joined,lakebase,20,1,6,192.4542499909876,True,
investor_commitment_summary,lakebase,20,1,12,203.37520800239872,True,
pnl_rollup_multi_month,lakebase,20,1,11,327.4450829921989,True,
gl_monthly_by_arena_year,lakebase,20,1,17,319.59383400680963,True,
gl_monthly_by_arena_year,lakebase,20,1,2,282.27487500407733,True,
gl_monthly_by_arena_year,lakebase,20,1,18,301.18645798938815,True,
gl_monthly_by_arena_year,lakebase,20,1,3,310.73895799636375,True,
pnl_rollup_multi_month,lakebase,20,1,10,373.94087499706075,True,
fund_performance_arena,lakebase,20,2,1,92.02458399522584,True,
fund_performance_arena,lakebase,20,2,0,87.76554100040812,True,
top10_properties_by_revenue,lakebase,20,2,9,87.22170900728088,True,
investor_commitment_summary,lakebase,20,2,14,154.82395800063387,True,
fund_performance_arena,lakebase,20,2,15,138.94279100350104,True,
property_financials_joined,lakebase,20,2,7,103.96870899421629,True,
gl_monthly_by_arena_year,lakebase,20,2,17,96.33579099318013,True,
investor_commitment_summary,lakebase,20,2,13,223.57975000340957,True,
property_financials_joined,lakebase,20,2,6,230.61258299276233,True,
investor_commitment_summary,lakebase,20,2,12,210.84891600185074,True,
property_financials_joined,lakebase,20,2,5,261.00387499900535,True,
fund_performance_arena,lakebase,20,2,16,176.2795419926988,True,
gl_monthly_by_arena_year,lakebase,20,2,18,360.7897080073599,True,
gl_monthly_by_arena_year,lakebase,20,2,3,337.31229200202506,True,
gl_monthly_by_arena_year,lakebase,20,2,4,326.19374999194406,True,
pnl_rollup_multi_month,lakebase,20,2,11,309.1089590016054,True,
gl_monthly_by_arena_year,lakebase,20,2,2,385.7295000052545,True,
top10_properties_by_revenue,lakebase,20,2,8,296.54429100628477,True,
gl_monthly_by_arena_year,lakebase,20,2,19,390.2138749981532,True,
pnl_rollup_multi_month,lakebase,20,2,10,452.6045829989016,True,
property_financials_joined,lakebase,20,3,7,100.05108300538268,True,
gl_monthly_by_arena_year,lakebase,20,3,17,159.13020899461117,True,
gl_monthly_by_arena_year,lakebase,20,3,2,131.51362500502728,True,
gl_monthly_by_arena_year,lakebase,20,3,4,143.4187499980908,True,
fund_performance_arena,lakebase,20,3,1,178.31920900789555,True,
gl_monthly_by_arena_year,lakebase,20,3,18,124.89004200324416,True,
fund_performance_arena,lakebase,20,3,16,163.5771669971291,True,
investor_commitment_summary,lakebase,20,3,14,199.42529199761339,True,
fund_performance_arena,lakebase,20,3,0,155.12749999470543,True,
investor_commitment_summary,lakebase,20,3,13,164.271458008443,True,
fund_performance_arena,lakebase,20,3,15,158.37112499866635,True,
investor_commitment_summary,lakebase,20,3,12,190.8615410065977,True,
top10_properties_by_revenue,lakebase,20,3,9,214.75016701151617,True,
top10_properties_by_revenue,lakebase,20,3,8,244.91854199732188,True,
property_financials_joined,lakebase,20,3,5,258.284083000035,True,
property_financials_joined,lakebase,20,3,6,224.27750000497326,True,
gl_monthly_by_arena_year,lakebase,20,3,3,275.4414169903612,True,
gl_monthly_by_arena_year,lakebase,20,3,19,279.9418749928009,True,
pnl_rollup_multi_month,lakebase,20,3,11,441.14358400111087,True,
pnl_rollup_multi_month,lakebase,20,3,10,410.85087500687223,True,
fund_performance_arena,lakebase,20,4,0,101.70320799807087,True,
fund_performance_arena,lakebase,20,4,15,88.20754199405201,True,
fund_performance_arena,lakebase,20,4,16,72.12854200042784,True,
fund_performance_arena,lakebase,20,4,1,118.01541699969675,True,
gl_monthly_by_arena_year,lakebase,20,4,4,83.24766698933672,True,
top10_properties_by_revenue,lakebase,20,4,9,125.4570830060402,True,
top10_properties_by_revenue,lakebase,20,4,8,135.48495799477678,True,
gl_monthly_by_arena_year,lakebase,20,4,18,107.6607499999227,True,
property_financials_joined,lakebase,20,4,5,156.95412499189842,True,
gl_monthly_by_arena_year,lakebase,20,4,17,141.1795419990085,True,
gl_monthly_by_arena_year,lakebase,20,4,2,197.3155419982504,True,
investor_commitment_summary,lakebase,20,4,12,168.20474999258295,True,
investor_commitment_summary,lakebase,20,4,13,179.35604199010413,True,
gl_monthly_by_arena_year,lakebase,20,4,3,165.99999999743886,True,
investor_commitment_summary,lakebase,20,4,14,211.59904199885204,True,
property_financials_joined,lakebase,20,4,7,217.64762500242796,True,
property_financials_joined,lakebase,20,4,6,215.06824999232776,True,
gl_monthly_by_arena_year,lakebase,20,4,19,252.4008330074139,True,
pnl_rollup_multi_month,lakebase,20,4,10,310.0430839986075,True,
pnl_rollup_multi_month,lakebase,20,4,11,358.3466249983758,True,
property_financials_joined,lakebase,50,0,35,126.73949998861644,True,
investor_commitment_summary,lakebase,50,0,42,161.6737090080278,True,
top10_properties_by_revenue,lakebase,50,0,24,144.57862501149066,True,
property_financials_joined,lakebase,50,0,22,149.48791699134745,True,
fund_performance_arena,lakebase,50,0,0,102.28575000655837,True,
property_financials_joined,lakebase,50,0,37,165.42174998903647,True,
investor_commitment_summary,lakebase,50,0,43,209.66729200154077,True,
top10_properties_by_revenue,lakebase,50,0,23,281.45491699979175,True,
gl_monthly_by_arena_year,lakebase,50,0,2,127.21649999730289,True,
property_financials_joined,lakebase,50,0,21,292.20104101113975,True,
gl_monthly_by_arena_year,lakebase,50,0,48,164.3915000022389,True,
gl_monthly_by_arena_year,lakebase,50,0,34,345.27887500007637,True,
property_financials_joined,lakebase,50,0,6,193.75083300110418,True,
pnl_rollup_multi_month,lakebase,50,0,10,466.7327499919338,True,
top10_properties_by_revenue,lakebase,50,0,8,511.0775829962222,True,
top10_properties_by_revenue,lakebase,50,0,39,487.0975840021856,True,
fund_performance_arena,lakebase,50,0,30,612.0561249990715,True,
fund_performance_arena,lakebase,50,0,1,660.8333340118406,True,
fund_performance_arena,lakebase,50,0,46,532.2782909934176,True,
top10_properties_by_revenue,lakebase,50,0,9,678.1896249885904,True,
property_financials_joined,lakebase,50,0,5,663.3123750070808,True,
investor_commitment_summary,lakebase,50,0,12,708.4807079954771,True,
fund_performance_arena,lakebase,50,0,31,609.0858340030536,True,
fund_performance_arena,lakebase,50,0,15,149.48683300463017,True,
gl_monthly_by_arena_year,lakebase,50,0,47,733.8985000096727,True,
gl_monthly_by_arena_year,lakebase,50,0,3,774.5534159912495,True,
gl_monthly_by_arena_year,lakebase,50,0,49,137.48187500459608,True,
top10_properties_by_revenue,lakebase,50,0,38,154.78024999902118,True,
gl_monthly_by_arena_year,lakebase,50,0,17,737.1122500044294,True,
gl_monthly_by_arena_year,lakebase,50,0,32,101.26412499812432,True,
investor_commitment_summary,lakebase,50,0,29,170.27620899898466,True,
investor_commitment_summary,lakebase,50,0,28,201.5358750068117,True,
investor_commitment_summary,lakebase,50,0,44,189.56704100128263,True,
pnl_rollup_multi_month,lakebase,50,0,40,943.6565420037368,True,
gl_monthly_by_arena_year,lakebase,50,0,33,99.76316599932034,True,
pnl_rollup_multi_month,lakebase,50,0,41,219.62366699881386,True,
fund_performance_arena,lakebase,50,0,16,327.15012501284946,True,
property_financials_joined,lakebase,50,0,20,164.54966699529905,True,
pnl_rollup_multi_month,lakebase,50,0,26,393.9829579903744,True,
investor_commitment_summary,lakebase,50,0,14,155.26437498920131,True,
investor_commitment_summary,lakebase,50,0,13,173.23333300009836,True,
property_financials_joined,lakebase,50,0,7,154.24916699703317,True,
gl_monthly_by_arena_year,lakebase,50,0,18,108.050082999398,True,
property_financials_joined,lakebase,50,0,36,177.52966700936668,True,
gl_monthly_by_arena_year,lakebase,50,0,19,108.2930410047993,True,
gl_monthly_by_arena_year,lakebase,50,0,4,201.08662500570063,True,
investor_commitment_summary,lakebase,50,0,27,267.5741670100251,True,
fund_performance_arena,lakebase,50,0,45,208.0715420015622,True,
pnl_rollup_multi_month,lakebase,50,0,11,460.3332499973476,True,
pnl_rollup_multi_month,lakebase,50,0,25,493.3677500084741,True,
gl_monthly_by_arena_year,lakebase,50,1,4,135.67220800905488,True,
property_financials_joined,lakebase,50,1,21,139.20866599073634,True,
fund_performance_arena,lakebase,50,1,1,206.34462499583606,True,
fund_performance_arena,lakebase,50,1,15,379.463624994969,True,
property_financials_joined,lakebase,50,1,35,133.41645800392143,True,
property_financials_joined,lakebase,50,1,36,257.5437079940457,True,
gl_monthly_by_arena_year,lakebase,50,1,33,442.2800419997657,True,
gl_monthly_by_arena_year,lakebase,50,1,18,362.062916989089,True,
pnl_rollup_multi_month,lakebase,50,1,26,407.8009169897996,True,
fund_performance_arena,lakebase,50,1,46,455.3364580060588,True,
fund_performance_arena,lakebase,50,1,31,320.52249999833293,True,
investor_commitment_summary,lakebase,50,1,28,546.284916010336,True,
investor_commitment_summary,lakebase,50,1,14,552.6139580033487,True,
gl_monthly_by_arena_year,lakebase,50,1,3,352.4081659998046,True,
investor_commitment_summary,lakebase,50,1,42,620.5278749985155,True,
investor_commitment_summary,lakebase,50,1,29,609.2220840073423,True,
gl_monthly_by_arena_year,lakebase,50,1,17,476.7809579934692,True,
investor_commitment_summary,lakebase,50,1,13,740.8762499981094,True,
top10_properties_by_revenue,lakebase,50,1,24,795.6675829918822,True,
gl_monthly_by_arena_year,lakebase,50,1,49,131.44399999873713,True,
property_financials_joined,lakebase,50,1,20,934.5737919938983,True,
investor_commitment_summary,lakebase,50,1,27,382.59324998944066,True,
top10_properties_by_revenue,lakebase,50,1,9,930.5617920035729,True,
top10_properties_by_revenue,lakebase,50,1,8,796.2108329957118,True,
property_financials_joined,lakebase,50,1,22,399.4639170123264,True,
top10_properties_by_revenue,lakebase,50,1,39,751.6752920055296,True,
fund_performance_arena,lakebase,50,1,45,124.58645799779333,True,
fund_performance_arena,lakebase,50,1,16,361.34929199761245,True,
top10_properties_by_revenue,lakebase,50,1,38,286.3220829894999,True,
fund_performance_arena,lakebase,50,1,0,223.75737500260584,True,
gl_monthly_by_arena_year,lakebase,50,1,2,581.9329590012785,True,
top10_properties_by_revenue,lakebase,50,1,23,254.0209589933511,True,
property_financials_joined,lakebase,50,1,7,789.541874997667,True,
gl_monthly_by_arena_year,lakebase,50,1,19,446.20662499801256,True,
investor_commitment_summary,lakebase,50,1,44,559.7623329958878,True,
property_financials_joined,lakebase,50,1,6,418.4426660067402,True,
investor_commitment_summary,lakebase,50,1,43,368.73795799328946,True,
fund_performance_arena,lakebase,50,1,30,218.4544170013396,True,
investor_commitment_summary,lakebase,50,1,12,337.34716700564604,True,
gl_monthly_by_arena_year,lakebase,50,1,47,1093.3237920107786,True,
property_financials_joined,lakebase,50,1,37,369.06658300722484,True,
property_financials_joined,lakebase,50,1,5,276.41350000340026,True,
gl_monthly_by_arena_year,lakebase,50,1,32,1418.644334000419,True,
gl_monthly_by_arena_year,lakebase,50,1,34,1333.2640419976087,True,
gl_monthly_by_arena_year,lakebase,50,1,48,1374.9998330022208,True,
pnl_rollup_multi_month,lakebase,50,1,41,1530.3669999993872,True,
pnl_rollup_multi_month,lakebase,50,1,11,1477.8631660010433,True,
pnl_rollup_multi_month,lakebase,50,1,25,1377.076083997963,True,
pnl_rollup_multi_month,lakebase,50,1,10,562.6120419910876,True,
pnl_rollup_multi_month,lakebase,50,1,40,934.0037499932805,True,
investor_commitment_summary,lakebase,50,2,13,146.03083400288597,True,
fund_performance_arena,lakebase,50,2,45,129.0849170036381,True,
investor_commitment_summary,lakebase,50,2,29,171.2052499933634,True,
fund_performance_arena,lakebase,50,2,0,201.75579200440552,True,
fund_performance_arena,lakebase,50,2,31,187.46212500263937,True,
property_financials_joined,lakebase,50,2,6,136.30379099049605,True,
top10_properties_by_revenue,lakebase,50,2,24,213.84275000309572,True,
gl_monthly_by_arena_year,lakebase,50,2,33,187.07429099595174,True,
fund_performance_arena,lakebase,50,2,15,129.80708299437538,True,
property_financials_joined,lakebase,50,2,7,224.1283339972142,True,
investor_commitment_summary,lakebase,50,2,27,215.65220899356063,True,
property_financials_joined,lakebase,50,2,22,185.85954199079424,True,
investor_commitment_summary,lakebase,50,2,43,236.78833300073165,True,
fund_performance_arena,lakebase,50,2,1,199.41166701028123,True,
pnl_rollup_multi_month,lakebase,50,2,11,279.65900000708643,True,
property_financials_joined,lakebase,50,2,37,107.08220899687149,True,
investor_commitment_summary,lakebase,50,2,14,240.08195899659768,True,
property_financials_joined,lakebase,50,2,35,334.1745829966385,True,
investor_commitment_summary,lakebase,50,2,44,270.6432919949293,True,
top10_properties_by_revenue,lakebase,50,2,9,290.89658400334883,True,
fund_performance_arena,lakebase,50,2,46,93.2031660049688,True,
gl_monthly_by_arena_year,lakebase,50,2,19,90.75529199617449,True,
pnl_rollup_multi_month,lakebase,50,2,26,502.5033749989234,True,
top10_properties_by_revenue,lakebase,50,2,39,413.72041699651163,True,
gl_monthly_by_arena_year,lakebase,50,2,4,114.65512499853503,True,
investor_commitment_summary,lakebase,50,2,12,488.5864579991903,True,
pnl_rollup_multi_month,lakebase,50,2,25,606.3397919933777,True,
top10_properties_by_revenue,lakebase,50,2,38,485.6256249913713,True,
gl_monthly_by_arena_year,lakebase,50,2,18,498.1610420072684,True,
top10_properties_by_revenue,lakebase,50,2,8,476.2328329961747,True,
gl_monthly_by_arena_year,lakebase,50,2,32,95.06895799131598,True,
property_financials_joined,lakebase,50,2,36,466.08354200725444,True,
property_financials_joined,lakebase,50,2,5,108.91479199926835,True,
pnl_rollup_multi_month,lakebase,50,2,41,559.9288340017665,True,
gl_monthly_by_arena_year,lakebase,50,2,48,542.6003750035306,True,
property_financials_joined,lakebase,50,2,20,118.35929199878592,True,
fund_performance_arena,lakebase,50,2,16,89.662792001036,True,
gl_monthly_by_arena_year,lakebase,50,2,2,83.1834999989951,True,
investor_commitment_summary,lakebase,50,2,28,167.3746669985121,True,
gl_monthly_by_arena_year,lakebase,50,2,34,145.6915410090005,True,
gl_monthly_by_arena_year,lakebase,50,2,49,138.94087501103058,True,
gl_monthly_by_arena_year,lakebase,50,2,17,121.36983399977908,True,
gl_monthly_by_arena_year,lakebase,50,2,3,95.30762500071432,True,
property_financials_joined,lakebase,50,2,21,191.6585420112824,True,
pnl_rollup_multi_month,lakebase,50,2,10,433.4817079943605,True,
top10_properties_by_revenue,lakebase,50,2,23,163.17329200683162,True,
fund_performance_arena,lakebase,50,2,30,116.2004159996286,True,
investor_commitment_summary,lakebase,50,2,42,224.81279200292192,True,
gl_monthly_by_arena_year,lakebase,50,2,47,255.43350000225473,True,
pnl_rollup_multi_month,lakebase,50,2,40,264.08695901045576,True,
property_financials_joined,lakebase,50,3,36,111.74937500618398,True,
fund_performance_arena,lakebase,50,3,15,129.61945799179375,True,
fund_performance_arena,lakebase,50,3,0,83.32404200336896,True,
fund_performance_arena,lakebase,50,3,1,123.46408300800249,True,
gl_monthly_by_arena_year,lakebase,50,3,3,144.1471250000177,True,
top10_properties_by_revenue,lakebase,50,3,23,194.207666994771,True,
investor_commitment_summary,lakebase,50,3,13,221.66408300108742,True,
top10_properties_by_revenue,lakebase,50,3,9,264.1417499980889,True,
top10_properties_by_revenue,lakebase,50,3,39,253.46983299823478,True,
property_financials_joined,lakebase,50,3,37,183.19637500098906,True,
gl_monthly_by_arena_year,lakebase,50,3,18,254.51958300254773,True,
gl_monthly_by_arena_year,lakebase,50,3,48,242.62329199700616,True,
top10_properties_by_revenue,lakebase,50,3,24,342.04925000085495,True,
property_financials_joined,lakebase,50,3,20,281.64649999234825,True,
gl_monthly_by_arena_year,lakebase,50,3,4,425.54158400162123,True,
top10_properties_by_revenue,lakebase,50,3,8,326.45316600974184,True,
fund_performance_arena,lakebase,50,3,31,145.64187500218395,True,
gl_monthly_by_arena_year,lakebase,50,3,34,173.6566670006141,True,
gl_monthly_by_arena_year,lakebase,50,3,32,114.5541659934679,True,
pnl_rollup_multi_month,lakebase,50,3,40,580.6081670016283,True,
investor_commitment_summary,lakebase,50,3,28,482.9766660113819,True,
investor_commitment_summary,lakebase,50,3,43,532.3729169904254,True,
pnl_rollup_multi_month,lakebase,50,3,26,618.9464169874554,True,
investor_commitment_summary,lakebase,50,3,44,503.8742920005461,True,
pnl_rollup_multi_month,lakebase,50,3,11,641.0425830108579,True,
top10_properties_by_revenue,lakebase,50,3,38,493.00787498941645,True,
property_financials_joined,lakebase,50,3,21,514.3405420094496,True,
gl_monthly_by_arena_year,lakebase,50,3,33,144.56395800516475,True,
pnl_rollup_multi_month,lakebase,50,3,25,580.5547909985762,True,
gl_monthly_by_arena_year,lakebase,50,3,2,228.40849999920465,True,
gl_monthly_by_arena_year,lakebase,50,3,19,124.84662501083221,True,
property_financials_joined,lakebase,50,3,35,144.84249999804888,True,
investor_commitment_summary,lakebase,50,3,12,262.245999998413,True,
gl_monthly_by_arena_year,lakebase,50,3,49,865.2453750109999,True,
fund_performance_arena,lakebase,50,3,46,105.62133300118148,True,
investor_commitment_summary,lakebase,50,3,27,312.1779999928549,True,
fund_performance_arena,lakebase,50,3,16,279.7067909996258,True,
fund_performance_arena,lakebase,50,3,30,90.20212500763591,True,
investor_commitment_summary,lakebase,50,3,42,327.4096660024952,True,
fund_performance_arena,lakebase,50,3,45,160.92770900286268,True,
property_financials_joined,lakebase,50,3,6,184.06420899555087,True,
property_financials_joined,lakebase,50,3,7,238.26312500750646,True,
property_financials_joined,lakebase,50,3,5,183.346709003672,True,
investor_commitment_summary,lakebase,50,3,14,229.69750000629574,True,
gl_monthly_by_arena_year,lakebase,50,3,47,341.49187500588596,True,
investor_commitment_summary,lakebase,50,3,29,190.54595800116658,True,
gl_monthly_by_arena_year,lakebase,50,3,17,437.5800830021035,True,
property_financials_joined,lakebase,50,3,22,241.55925000377465,True,
pnl_rollup_multi_month,lakebase,50,3,41,559.3693749979138,True,
pnl_rollup_multi_month,lakebase,50,3,10,428.1328749930253,True,
gl_monthly_by_arena_year,lakebase,50,4,32,97.80779200082179,True,
fund_performance_arena,lakebase,50,4,1,105.23491699132137,True,
fund_performance_arena,lakebase,50,4,30,96.48341599677224,True,
fund_performance_arena,lakebase,50,4,16,119.35608299972955,True,
top10_properties_by_revenue,lakebase,50,4,39,139.6467080048751,True,
property_financials_joined,lakebase,50,4,37,163.61545800464228,True,
property_financials_joined,lakebase,50,4,35,130.41299999167677,True,
gl_monthly_by_arena_year,lakebase,50,4,17,205.49337498960085,True,
fund_performance_arena,lakebase,50,4,46,150.9888750006212,True,
pnl_rollup_multi_month,lakebase,50,4,41,260.3750419948483,True,
investor_commitment_summary,lakebase,50,4,28,144.41495800565463,True,
property_financials_joined,lakebase,50,4,5,157.26079199521337,True,
top10_properties_by_revenue,lakebase,50,4,8,289.1948339965893,True,
property_financials_joined,lakebase,50,4,36,259.9458750046324,True,
gl_monthly_by_arena_year,lakebase,50,4,34,122.15604200900998,True,
top10_properties_by_revenue,lakebase,50,4,38,170.98574999545235,True,
gl_monthly_by_arena_year,lakebase,50,4,47,107.94287499447819,True,
fund_performance_arena,lakebase,50,4,0,170.41299999982584,True,
investor_commitment_summary,lakebase,50,4,13,192.4361669953214,True,
top10_properties_by_revenue,lakebase,50,4,9,286.38641600264236,True,
investor_commitment_summary,lakebase,50,4,27,372.4019590008538,True,
property_financials_joined,lakebase,50,4,20,237.8871670080116,True,
investor_commitment_summary,lakebase,50,4,29,384.1715419985121,True,
gl_monthly_by_arena_year,lakebase,50,4,19,419.91583300114144,True,
investor_commitment_summary,lakebase,50,4,44,412.52170799998567,True,
gl_monthly_by_arena_year,lakebase,50,4,18,139.08591700601391,True,
investor_commitment_summary,lakebase,50,4,42,477.13391701108776,True,
investor_commitment_summary,lakebase,50,4,12,489.3021250027232,True,
pnl_rollup_multi_month,lakebase,50,4,25,483.32037500222214,True,
gl_monthly_by_arena_year,lakebase,50,4,33,559.0054580097785,True,
gl_monthly_by_arena_year,lakebase,50,4,49,111.27308300638106,True,
top10_properties_by_revenue,lakebase,50,4,24,92.94791700085625,True,
property_financials_joined,lakebase,50,4,6,139.478874989436,True,
pnl_rollup_multi_month,lakebase,50,4,26,303.9010830107145,True,
property_financials_joined,lakebase,50,4,22,113.58137500064913,True,
pnl_rollup_multi_month,lakebase,50,4,10,175.7631670043338,True,
gl_monthly_by_arena_year,lakebase,50,4,4,162.51375000865664,True,
fund_performance_arena,lakebase,50,4,31,98.12220800085925,True,
investor_commitment_summary,lakebase,50,4,43,181.55641699559055,True,
fund_performance_arena,lakebase,50,4,15,87.96933399571571,True,
top10_properties_by_revenue,lakebase,50,4,23,206.30741700006183,True,
investor_commitment_summary,lakebase,50,4,14,189.15429200569633,True,
property_financials_joined,lakebase,50,4,7,168.60916699806694,True,
gl_monthly_by_arena_year,lakebase,50,4,3,99.57454200775828,True,
gl_monthly_by_arena_year,lakebase,50,4,48,91.17145799973514,True,
pnl_rollup_multi_month,lakebase,50,4,40,391.4106250012992,True,
gl_monthly_by_arena_year,lakebase,50,4,2,127.57437500113156,True,
pnl_rollup_multi_month,lakebase,50,4,11,496.5455839992501,True,
fund_performance_arena,lakebase,50,4,45,102.16204199241474,True,
property_financials_joined,lakebase,50,4,21,112.11345800256822,True,
fund_performance_arena,lakebase,100,0,0,97.70095901330933,True,
property_financials_joined,lakebase,100,0,22,139.52479099680204,True,
fund_performance_arena,lakebase,100,0,91,112.0295000000624,True,
property_financials_joined,lakebase,100,0,6,192.8053750016261,True,
property_financials_joined,lakebase,100,0,20,243.75866699847393,True,
gl_monthly_by_arena_year,lakebase,100,0,19,178.3848330087494,True,
investor_commitment_summary,lakebase,100,0,28,241.42270800075494,True,
top10_properties_by_revenue,lakebase,100,0,8,217.04437499283813,True,
gl_monthly_by_arena_year,lakebase,100,0,49,147.4327500036452,True,
property_financials_joined,lakebase,100,0,52,227.50833399186376,True,
top10_properties_by_revenue,lakebase,100,0,84,122.19620899122674,True,
gl_monthly_by_arena_year,lakebase,100,0,77,126.03937499807216,True,
fund_performance_arena,lakebase,100,0,60,126.1972920037806,True,
investor_commitment_summary,lakebase,100,0,58,267.8674159978982,True,
fund_performance_arena,lakebase,100,0,1,121.65941699640825,True,
pnl_rollup_multi_month,lakebase,100,0,10,377.1390839974629,True,
pnl_rollup_multi_month,lakebase,100,0,26,369.8351250059204,True,
pnl_rollup_multi_month,lakebase,100,0,11,390.2699169993866,True,
gl_monthly_by_arena_year,lakebase,100,0,93,100.28795800462831,True,
property_financials_joined,lakebase,100,0,81,352.52391701214947,True,
gl_monthly_by_arena_year,lakebase,100,0,3,384.1333750024205,True,
investor_commitment_summary,lakebase,100,0,59,374.87412500195205,True,
pnl_rollup_multi_month,lakebase,100,0,71,559.930166011327,True,
gl_monthly_by_arena_year,lakebase,100,0,34,250.3068749938393,True,
investor_commitment_summary,lakebase,100,0,13,446.19712499843445,True,
property_financials_joined,lakebase,100,0,51,213.85745899169706,True,
property_financials_joined,lakebase,100,0,95,657.8146249958081,True,
property_financials_joined,lakebase,100,0,50,590.605040997616,True,
property_financials_joined,lakebase,100,0,80,109.72725000465289,True,
fund_performance_arena,lakebase,100,0,16,645.1177079870831,True,
top10_properties_by_revenue,lakebase,100,0,38,136.37341698631644,True,
investor_commitment_summary,lakebase,100,0,74,654.2878749896772,True,
investor_commitment_summary,lakebase,100,0,27,658.8730410003336,True,
gl_monthly_by_arena_year,lakebase,100,0,79,741.3860840024427,True,
property_financials_joined,lakebase,100,0,7,132.59208299859893,True,
investor_commitment_summary,lakebase,100,0,89,125.9865419997368,True,
fund_performance_arena,lakebase,100,0,31,87.83933300583158,True,
investor_commitment_summary,lakebase,100,0,12,142.83899999281857,True,
pnl_rollup_multi_month,lakebase,100,0,40,207.33929199923296,True,
property_financials_joined,lakebase,100,0,37,131.60616600362118,True,
pnl_rollup_multi_month,lakebase,100,0,41,211.38750000682194,True,
property_financials_joined,lakebase,100,0,65,149.62145799654536,True,
property_financials_joined,lakebase,100,0,5,212.63904200168326,True,
property_financials_joined,lakebase,100,0,96,140.0517080037389,True,
gl_monthly_by_arena_year,lakebase,100,0,94,104.81741699913982,True,
top10_properties_by_revenue,lakebase,100,0,9,107.87675000028685,True,
gl_monthly_by_arena_year,lakebase,100,0,48,109.37008399923798,True,
top10_properties_by_revenue,lakebase,100,0,23,106.43683400121517,True,
investor_commitment_summary,lakebase,100,0,43,134.61412499600556,True,
fund_performance_arena,lakebase,100,0,75,139.2140410025604,True,
top10_properties_by_revenue,lakebase,100,0,24,151.64008300052956,True,
top10_properties_by_revenue,lakebase,100,0,83,143.206332999398,True,
top10_properties_by_revenue,lakebase,100,0,54,91.25458300695755,True,
investor_commitment_summary,lakebase,100,0,29,181.9490829948336,True,
top10_properties_by_revenue,lakebase,100,0,68,124.14162499771919,True,
investor_commitment_summary,lakebase,100,0,73,120.44266700104345,True,
gl_monthly_by_arena_year,lakebase,100,0,33,127.54275000770576,True,
investor_commitment_summary,lakebase,100,0,87,149.61020900227595,True,
pnl_rollup_multi_month,lakebase,100,0,25,250.06391599890776,True,
fund_performance_arena,lakebase,100,0,76,117.59550000715535,True,
gl_monthly_by_arena_year,lakebase,100,0,17,586.4325830043526,True,
pnl_rollup_multi_month,lakebase,100,0,86,374.20866699540056,True,
property_financials_joined,lakebase,100,0,36,156.04187500139233,True,
fund_performance_arena,lakebase,100,0,61,581.7209580127383,True,
fund_performance_arena,lakebase,100,0,30,585.4402080003638,True,
fund_performance_arena,lakebase,100,0,90,101.70129200560041,True,
gl_monthly_by_arena_year,lakebase,100,0,78,108.71829200186767,True,
property_financials_joined,lakebase,100,0,66,152.62687500216998,True,
gl_monthly_by_arena_year,lakebase,100,0,32,121.86149999615736,True,
property_financials_joined,lakebase,100,0,97,191.09449999814387,True,
gl_monthly_by_arena_year,lakebase,100,0,64,100.45854200143367,True,
investor_commitment_summary,lakebase,100,0,72,574.3635830003768,True,
property_financials_joined,lakebase,100,0,35,92.1563340089051,True,
gl_monthly_by_arena_year,lakebase,100,0,2,100.51995799585711,True,
fund_performance_arena,lakebase,100,0,46,120.50862499745563,True,
top10_properties_by_revenue,lakebase,100,0,99,124.03462499787565,True,
top10_properties_by_revenue,lakebase,100,0,39,191.41237500298303,True,
top10_properties_by_revenue,lakebase,100,0,98,138.07633299438749,True,
gl_monthly_by_arena_year,lakebase,100,0,63,112.80383399571292,True,
investor_commitment_summary,lakebase,100,0,42,350.537958991481,True,
investor_commitment_summary,lakebase,100,0,57,399.08087500953116,True,
gl_monthly_by_arena_year,lakebase,100,0,4,113.95316598645877,True,
investor_commitment_summary,lakebase,100,0,88,394.1167500015581,True,
property_financials_joined,lakebase,100,0,21,165.3221660089912,True,
investor_commitment_summary,lakebase,100,0,14,167.56587498821318,True,
top10_properties_by_revenue,lakebase,100,0,69,157.68725000089034,True,
gl_monthly_by_arena_year,lakebase,100,0,62,127.05716700293124,True,
property_financials_joined,lakebase,100,0,82,153.43141699850094,True,
top10_properties_by_revenue,lakebase,100,0,53,140.0725839921506,True,
gl_monthly_by_arena_year,lakebase,100,0,47,177.57100000744686,True,
gl_monthly_by_arena_year,lakebase,100,0,92,466.60400000109803,True,
investor_commitment_summary,lakebase,100,0,44,198.37654099683277,True,
gl_monthly_by_arena_year,lakebase,100,0,18,531.0601660021348,True,
fund_performance_arena,lakebase,100,0,15,160.69299999799114,True,
fund_performance_arena,lakebase,100,0,45,149.98441700299736,True,
property_financials_joined,lakebase,100,0,67,153.70937499392312,True,
pnl_rollup_multi_month,lakebase,100,0,70,461.05379100481514,True,
pnl_rollup_multi_month,lakebase,100,0,56,291.8092500040075,True,
pnl_rollup_multi_month,lakebase,100,0,85,340.7034999981988,True,
pnl_rollup_multi_month,lakebase,100,0,55,204.80449999740813,True,
fund_performance_arena,lakebase,100,1,1,145.8304170082556,True,
fund_performance_arena,lakebase,100,1,75,105.51129101077095,True,
gl_monthly_by_arena_year,lakebase,100,1,4,151.05987500282936,True,
property_financials_joined,lakebase,100,1,37,119.22083400713746,True,
property_financials_joined,lakebase,100,1,7,155.24420801375527,True,
property_financials_joined,lakebase,100,1,36,133.5501659923466,True,
investor_commitment_summary,lakebase,100,1,14,161.49195800244343,True,
fund_performance_arena,lakebase,100,1,15,111.80445799254812,True,
fund_performance_arena,lakebase,100,1,45,112.8076669992879,True,
gl_monthly_by_arena_year,lakebase,100,1,33,144.45129100931808,True,
property_financials_joined,lakebase,100,1,80,125.24649999977555,True,
top10_properties_by_revenue,lakebase,100,1,23,111.29987500316929,True,
top10_properties_by_revenue,lakebase,100,1,68,136.5715830033878,True,
gl_monthly_by_arena_year,lakebase,100,1,94,148.76520799589343,True,
gl_monthly_by_arena_year,lakebase,100,1,77,156.6755420062691,True,
fund_performance_arena,lakebase,100,1,30,85.47879199613817,True,
property_financials_joined,lakebase,100,1,67,127.06991699815262,True,
gl_monthly_by_arena_year,lakebase,100,1,47,106.30908299935982,True,
top10_properties_by_revenue,lakebase,100,1,84,130.81108299957123,True,
property_financials_joined,lakebase,100,1,50,140.42437500029337,True,
property_financials_joined,lakebase,100,1,6,126.89900000987109,True,
top10_properties_by_revenue,lakebase,100,1,69,108.36075000406709,True,
property_financials_joined,lakebase,100,1,20,160.52050000871532,True,
gl_monthly_by_arena_year,lakebase,100,1,62,128.48220800515264,True,
fund_performance_arena,lakebase,100,1,76,341.2494579970371,True,
property_financials_joined,lakebase,100,1,95,137.3535000020638,True,
property_financials_joined,lakebase,100,1,82,89.12212500581518,True,
pnl_rollup_multi_month,lakebase,100,1,25,474.51412500231527,True,
property_financials_joined,lakebase,100,1,66,109.53204199904576,True,
property_financials_joined,lakebase,100,1,81,437.9374170093797,True,
investor_commitment_summary,lakebase,100,1,58,428.9189580013044,True,
gl_monthly_by_arena_year,lakebase,100,1,17,221.08433399989735,True,
top10_properties_by_revenue,lakebase,100,1,39,162.20870899269357,True,
investor_commitment_summary,lakebase,100,1,44,514.7974169958616,True,
investor_commitment_summary,lakebase,100,1,74,224.06683300505392,True,
top10_properties_by_revenue,lakebase,100,1,98,241.56741600017995,True,
investor_commitment_summary,lakebase,100,1,12,488.843209008337,True,
property_financials_joined,lakebase,100,1,51,569.2120829917258,True,
investor_commitment_summary,lakebase,100,1,27,520.7315419975203,True,
top10_properties_by_revenue,lakebase,100,1,9,113.07775000750553,True,
investor_commitment_summary,lakebase,100,1,73,133.93441699736286,True,
pnl_rollup_multi_month,lakebase,100,1,71,701.4089580043219,True,
gl_monthly_by_arena_year,lakebase,100,1,93,156.17087499413174,True,
fund_performance_arena,lakebase,100,1,60,160.04204099590424,True,
investor_commitment_summary,lakebase,100,1,28,137.88774999557063,True,
investor_commitment_summary,lakebase,100,1,87,137.62204098748043,True,
pnl_rollup_multi_month,lakebase,100,1,56,262.91908299026545,True,
pnl_rollup_multi_month,lakebase,100,1,11,242.56508400139865,True,
gl_monthly_by_arena_year,lakebase,100,1,2,99.53820900409482,True,
gl_monthly_by_arena_year,lakebase,100,1,34,96.26691701123491,True,
investor_commitment_summary,lakebase,100,1,29,149.15208300226368,True,
top10_properties_by_revenue,lakebase,100,1,24,94.86504198866896,True,
gl_monthly_by_arena_year,lakebase,100,1,79,179.06704200140666,True,
pnl_rollup_multi_month,lakebase,100,1,41,196.36916600575205,True,
top10_properties_by_revenue,lakebase,100,1,83,235.38533299870323,True,
gl_monthly_by_arena_year,lakebase,100,1,18,157.42699999827892,True,
gl_monthly_by_arena_year,lakebase,100,1,32,170.4511660063872,True,
investor_commitment_summary,lakebase,100,1,57,174.0828329930082,True,
pnl_rollup_multi_month,lakebase,100,1,86,348.37712500302587,True,
gl_monthly_by_arena_year,lakebase,100,1,78,89.29983300913591,True,
pnl_rollup_multi_month,lakebase,100,1,55,569.4137920072535,True,
gl_monthly_by_arena_year,lakebase,100,1,49,250.67870899511036,True,
fund_performance_arena,lakebase,100,1,90,98.4150000003865,True,
top10_properties_by_revenue,lakebase,100,1,53,238.4434170089662,True,
investor_commitment_summary,lakebase,100,1,88,893.4043750050478,True,
pnl_rollup_multi_month,lakebase,100,1,10,1308.4862919931766,True,
top10_properties_by_revenue,lakebase,100,1,99,278.34083400375675,True,
gl_monthly_by_arena_year,lakebase,100,1,92,137.0185409905389,True,
top10_properties_by_revenue,lakebase,100,1,54,87.76383299846202,True,
property_financials_joined,lakebase,100,1,5,124.6475840016501,True,
top10_properties_by_revenue,lakebase,100,1,38,119.20979199931026,True,
gl_monthly_by_arena_year,lakebase,100,1,64,90.21937500801869,True,
fund_performance_arena,lakebase,100,1,16,95.22450000804383,True,
fund_performance_arena,lakebase,100,1,61,81.0523340041982,True,
fund_performance_arena,lakebase,100,1,31,809.9679580045631,True,
fund_performance_arena,lakebase,100,1,0,105.44670801027678,True,
gl_monthly_by_arena_year,lakebase,100,1,3,136.09187499969266,True,
fund_performance_arena,lakebase,100,1,46,104.22475000086706,True,
gl_monthly_by_arena_year,lakebase,100,1,63,99.03983300318941,True,
investor_commitment_summary,lakebase,100,1,72,148.963375002495,True,
gl_monthly_by_arena_year,lakebase,100,1,48,108.72025000571739,True,
investor_commitment_summary,lakebase,100,1,89,642.0358750037849,True,
property_financials_joined,lakebase,100,1,65,150.64504199835937,True,
top10_properties_by_revenue,lakebase,100,1,8,128.8473329914268,True,
property_financials_joined,lakebase,100,1,96,144.77841700136196,True,
property_financials_joined,lakebase,100,1,52,155.18962500209454,True,
investor_commitment_summary,lakebase,100,1,43,151.41429100185633,True,
investor_commitment_summary,lakebase,100,1,59,133.43408299260773,True,
investor_commitment_summary,lakebase,100,1,42,377.4719999928493,True,
property_financials_joined,lakebase,100,1,22,188.24216700159013,True,
gl_monthly_by_arena_year,lakebase,100,1,19,187.8682919923449,True,
fund_performance_arena,lakebase,100,1,91,195.86333399638534,True,
investor_commitment_summary,lakebase,100,1,13,218.88170899183024,True,
property_financials_joined,lakebase,100,1,35,235.04787500132807,True,
pnl_rollup_multi_month,lakebase,100,1,70,392.5806659972295,True,
property_financials_joined,lakebase,100,1,21,226.75854100089055,True,
pnl_rollup_multi_month,lakebase,100,1,85,541.3149579981109,True,
pnl_rollup_multi_month,lakebase,100,1,26,299.9545000056969,True,
pnl_rollup_multi_month,lakebase,100,1,40,524.9977919884259,True,
property_financials_joined,lakebase,100,1,97,225.03025000332855,True,
gl_monthly_by_arena_year,lakebase,100,2,77,111.99454100278672,True,
property_financials_joined,lakebase,100,2,82,142.54945899301674,True,
property_financials_joined,lakebase,100,2,65,169.941749991267,True,
gl_monthly_by_arena_year,lakebase,100,2,2,165.3558329999214,True,
property_financials_joined,lakebase,100,2,7,181.34879200079013,True,
top10_properties_by_revenue,lakebase,100,2,98,236.04499999783002,True,
property_financials_joined,lakebase,100,2,66,193.21487500565127,True,
investor_commitment_summary,lakebase,100,2,12,215.48212500056252,True,
investor_commitment_summary,lakebase,100,2,72,220.66654199443292,True,
fund_performance_arena,lakebase,100,2,15,93.8453330018092,True,
gl_monthly_by_arena_year,lakebase,100,2,93,131.1264999967534,True,
property_financials_joined,lakebase,100,2,5,233.98462499608286,True,
gl_monthly_by_arena_year,lakebase,100,2,79,231.56837500573602,True,
gl_monthly_by_arena_year,lakebase,100,2,32,155.86741700826678,True,
fund_performance_arena,lakebase,100,2,61,113.72541700256988,True,
property_financials_joined,lakebase,100,2,21,230.09799999999814,True,
property_financials_joined,lakebase,100,2,97,119.69129100907594,True,
property_financials_joined,lakebase,100,2,67,202.26616600120906,True,
top10_properties_by_revenue,lakebase,100,2,39,196.84608399984427,True,
gl_monthly_by_arena_year,lakebase,100,2,19,167.43133300042246,True,
pnl_rollup_multi_month,lakebase,100,2,86,404.1058339935262,True,
investor_commitment_summary,lakebase,100,2,42,447.5897079973947,True,
pnl_rollup_multi_month,lakebase,100,2,10,402.31195799424313,True,
investor_commitment_summary,lakebase,100,2,58,533.968708012253,True,
gl_monthly_by_arena_year,lakebase,100,2,64,149.12658400135115,True,
investor_commitment_summary,lakebase,100,2,44,163.4792500117328,True,
gl_monthly_by_arena_year,lakebase,100,2,62,570.328875008272,True,
investor_commitment_summary,lakebase,100,2,29,610.7760410086485,True,
gl_monthly_by_arena_year,lakebase,100,2,47,638.2500000036089,True,
fund_performance_arena,lakebase,100,2,91,88.71537500817794,True,
investor_commitment_summary,lakebase,100,2,88,182.12262500310317,True,
property_financials_joined,lakebase,100,2,81,207.6273749989923,True,
gl_monthly_by_arena_year,lakebase,100,2,18,740.5742909904802,True,
top10_properties_by_revenue,lakebase,100,2,54,714.3133749923436,True,
top10_properties_by_revenue,lakebase,100,2,23,180.44412499875762,True,
investor_commitment_summary,lakebase,100,2,27,132.3887089965865,True,
pnl_rollup_multi_month,lakebase,100,2,71,778.8925420027226,True,
investor_commitment_summary,lakebase,100,2,43,755.4248749947874,True,
gl_monthly_by_arena_year,lakebase,100,2,49,134.61141599691473,True,
pnl_rollup_multi_month,lakebase,100,2,85,520.3514580061892,True,
property_financials_joined,lakebase,100,2,52,666.5896659978898,True,
fund_performance_arena,lakebase,100,2,31,137.0689159957692,True,
property_financials_joined,lakebase,100,2,80,732.9893749993062,True,
gl_monthly_by_arena_year,lakebase,100,2,17,184.06883299758192,True,
fund_performance_arena,lakebase,100,2,0,92.86666598927695,True,
investor_commitment_summary,lakebase,100,2,28,142.95470800425392,True,
top10_properties_by_revenue,lakebase,100,2,68,138.38883399148472,True,
property_financials_joined,lakebase,100,2,20,172.47608400066383,True,
gl_monthly_by_arena_year,lakebase,100,2,48,123.8085829972988,True,
property_financials_joined,lakebase,100,2,51,119.88879200362135,True,
gl_monthly_by_arena_year,lakebase,100,2,63,129.78025000484195,True,
gl_monthly_by_arena_year,lakebase,100,2,78,138.7972499942407,True,
property_financials_joined,lakebase,100,2,36,156.5051250072429,True,
gl_monthly_by_arena_year,lakebase,100,2,34,107.73645799781661,True,
top10_properties_by_revenue,lakebase,100,2,8,183.11337499471847,True,
gl_monthly_by_arena_year,lakebase,100,2,33,312.03675000870135,True,
top10_properties_by_revenue,lakebase,100,2,84,853.4417920018313,True,
top10_properties_by_revenue,lakebase,100,2,69,706.1081669962732,True,
top10_properties_by_revenue,lakebase,100,2,38,210.23129200330004,True,
fund_performance_arena,lakebase,100,2,1,130.27691599563695,True,
property_financials_joined,lakebase,100,2,6,146.19250000396278,True,
fund_performance_arena,lakebase,100,2,75,140.17600000079256,True,
property_financials_joined,lakebase,100,2,37,166.93391700391658,True,
pnl_rollup_multi_month,lakebase,100,2,56,442.92504199256655,True,
pnl_rollup_multi_month,lakebase,100,2,70,455.33391600474715,True,
fund_performance_arena,lakebase,100,2,30,145.28012499795295,True,
investor_commitment_summary,lakebase,100,2,13,216.07404200767633,True,
gl_monthly_by_arena_year,lakebase,100,2,3,288.36999999475665,True,
pnl_rollup_multi_month,lakebase,100,2,26,290.7085000042571,True,
pnl_rollup_multi_month,lakebase,100,2,40,310.424959010561,True,
gl_monthly_by_arena_year,lakebase,100,2,92,116.82416600524448,True,
investor_commitment_summary,lakebase,100,2,59,742.0491250086343,True,
gl_monthly_by_arena_year,lakebase,100,2,4,300.261791999219,True,
gl_monthly_by_arena_year,lakebase,100,2,94,392.5176670018118,True,
investor_commitment_summary,lakebase,100,2,87,727.1352919924539,True,
property_financials_joined,lakebase,100,2,50,90.53387500171084,True,
property_financials_joined,lakebase,100,2,22,110.2105829922948,True,
fund_performance_arena,lakebase,100,2,60,116.36204199749045,True,
fund_performance_arena,lakebase,100,2,90,91.0398330015596,True,
fund_performance_arena,lakebase,100,2,76,84.10104099311866,True,
fund_performance_arena,lakebase,100,2,46,95.86720800143667,True,
top10_properties_by_revenue,lakebase,100,2,99,163.04241699981503,True,
investor_commitment_summary,lakebase,100,2,74,220.07745900191367,True,
top10_properties_by_revenue,lakebase,100,2,53,126.73150000046007,True,
property_financials_joined,lakebase,100,2,96,120.2630829939153,True,
fund_performance_arena,lakebase,100,2,16,129.54191699100193,True,
top10_properties_by_revenue,lakebase,100,2,83,245.31591699633282,True,
top10_properties_by_revenue,lakebase,100,2,9,303.24912499054335,True,
property_financials_joined,lakebase,100,2,95,220.45158299442846,True,
investor_commitment_summary,lakebase,100,2,14,302.22466599661857,True,
fund_performance_arena,lakebase,100,2,45,234.71587500534952,True,
investor_commitment_summary,lakebase,100,2,57,249.37791599950287,True,
property_financials_joined,lakebase,100,2,35,208.2139589911094,True,
investor_commitment_summary,lakebase,100,2,73,175.40675000054762,True,
top10_properties_by_revenue,lakebase,100,2,24,346.96249999979045,True,
investor_commitment_summary,lakebase,100,2,89,127.75625000358559,True,
pnl_rollup_multi_month,lakebase,100,2,11,517.3849160055397,True,
pnl_rollup_multi_month,lakebase,100,2,41,439.91920800181106,True,
pnl_rollup_multi_month,lakebase,100,2,25,545.3654580051079,True,
pnl_rollup_multi_month,lakebase,100,2,55,478.2242499932181,True,
property_financials_joined,lakebase,100,3,7,178.76987499766983,True,
gl_monthly_by_arena_year,lakebase,100,3,93,210.26633300061803,True,
investor_commitment_summary,lakebase,100,3,13,211.4575839950703,True,
fund_performance_arena,lakebase,100,3,91,223.41108300315682,True,
gl_monthly_by_arena_year,lakebase,100,3,2,232.45604200928938,True,
gl_monthly_by_arena_year,lakebase,100,3,47,272.5440409994917,True,
fund_performance_arena,lakebase,100,3,16,269.363749990589,True,
property_financials_joined,lakebase,100,3,35,191.49912499415223,True,
investor_commitment_summary,lakebase,100,3,42,317.0007500011707,True,
property_financials_joined,lakebase,100,3,21,420.07666699646506,True,
top10_properties_by_revenue,lakebase,100,3,54,480.43887500534765,True,
investor_commitment_summary,lakebase,100,3,57,297.53375001018867,True,
property_financials_joined,lakebase,100,3,66,423.7628749979194,True,
investor_commitment_summary,lakebase,100,3,29,324.9271249951562,True,
fund_performance_arena,lakebase,100,3,90,266.60295799956657,True,
gl_monthly_by_arena_year,lakebase,100,3,77,422.0002500078408,True,
gl_monthly_by_arena_year,lakebase,100,3,3,493.04537499847356,True,
fund_performance_arena,lakebase,100,3,45,326.18549998733215,True,
gl_monthly_by_arena_year,lakebase,100,3,49,325.19720899290405,True,
top10_properties_by_revenue,lakebase,100,3,84,335.54250000452157,True,
pnl_rollup_multi_month,lakebase,100,3,85,542.5348749995464,True,
property_financials_joined,lakebase,100,3,81,469.6512500086101,True,
property_financials_joined,lakebase,100,3,52,374.71237500722054,True,
property_financials_joined,lakebase,100,3,97,358.6483330000192,True,
gl_monthly_by_arena_year,lakebase,100,3,34,108.34154199983459,True,
top10_properties_by_revenue,lakebase,100,3,24,647.9359170043608,True,
investor_commitment_summary,lakebase,100,3,89,195.75287500629202,True,
pnl_rollup_multi_month,lakebase,100,3,25,590.9800840017851,True,
investor_commitment_summary,lakebase,100,3,58,569.599875001586,True,
gl_monthly_by_arena_year,lakebase,100,3,48,784.1265419992851,True,
pnl_rollup_multi_month,lakebase,100,3,40,706.7592079984024,True,
fund_performance_arena,lakebase,100,3,46,90.56100000452716,True,
property_financials_joined,lakebase,100,3,5,260.0962080032332,True,
property_financials_joined,lakebase,100,3,82,173.87795900867786,True,
fund_performance_arena,lakebase,100,3,0,183.92487500386778,True,
property_financials_joined,lakebase,100,3,95,248.18408300052397,True,
investor_commitment_summary,lakebase,100,3,44,863.6682079959428,True,
gl_monthly_by_arena_year,lakebase,100,3,33,555.356833996484,True,
fund_performance_arena,lakebase,100,3,60,103.39695800212212,True,
property_financials_joined,lakebase,100,3,37,105.07541699917056,True,
investor_commitment_summary,lakebase,100,3,59,1050.1573340006871,True,
investor_commitment_summary,lakebase,100,3,28,141.72387500002515,True,
fund_performance_arena,lakebase,100,3,1,371.1017500027083,True,
gl_monthly_by_arena_year,lakebase,100,3,64,105.56066599383485,True,
top10_properties_by_revenue,lakebase,100,3,53,113.89733300893568,True,
gl_monthly_by_arena_year,lakebase,100,3,17,88.94716699433047,True,
fund_performance_arena,lakebase,100,3,15,153.64941699954215,True,
fund_performance_arena,lakebase,100,3,31,338.5351670003729,True,
investor_commitment_summary,lakebase,100,3,14,681.9858329981798,True,
gl_monthly_by_arena_year,lakebase,100,3,78,921.2865000008605,True,
investor_commitment_summary,lakebase,100,3,72,130.3424579964485,True,
top10_properties_by_revenue,lakebase,100,3,23,1680.0598330009962,True,
fund_performance_arena,lakebase,100,3,76,165.44124999199994,True,
top10_properties_by_revenue,lakebase,100,3,9,612.4703330133343,True,
gl_monthly_by_arena_year,lakebase,100,3,32,800.8339590014657,True,
investor_commitment_summary,lakebase,100,3,27,148.58712498971727,True,
investor_commitment_summary,lakebase,100,3,73,172.13420900225174,True,
gl_monthly_by_arena_year,lakebase,100,3,94,1210.981541997171,True,
property_financials_joined,lakebase,100,3,80,193.1487090041628,True,
top10_properties_by_revenue,lakebase,100,3,98,1205.6927919911686,True,
investor_commitment_summary,lakebase,100,3,88,212.79679199506063,True,
property_financials_joined,lakebase,100,3,65,1111.740792010096,True,
property_financials_joined,lakebase,100,3,22,797.7099580020877,True,
property_financials_joined,lakebase,100,3,36,309.3875409977045,True,
top10_properties_by_revenue,lakebase,100,3,38,1406.9524579972494,True,
pnl_rollup_multi_month,lakebase,100,3,10,1860.7549169973936,True,
top10_properties_by_revenue,lakebase,100,3,68,551.2343339942163,True,
gl_monthly_by_arena_year,lakebase,100,3,63,712.0272920001298,True,
gl_monthly_by_arena_year,lakebase,100,3,19,719.4992910081055,True,
property_financials_joined,lakebase,100,3,67,93.23554200818762,True,
gl_monthly_by_arena_year,lakebase,100,3,92,730.1822919980623,True,
pnl_rollup_multi_month,lakebase,100,3,55,1996.2096249946626,True,
top10_properties_by_revenue,lakebase,100,3,39,839.7505830071168,True,
investor_commitment_summary,lakebase,100,3,12,157.2254589991644,True,
pnl_rollup_multi_month,lakebase,100,3,11,556.7087079980411,True,
property_financials_joined,lakebase,100,3,20,200.96958400972653,True,
pnl_rollup_multi_month,lakebase,100,3,86,546.5028330072528,True,
gl_monthly_by_arena_year,lakebase,100,3,79,594.0696249890607,True,
fund_performance_arena,lakebase,100,3,30,207.9877500073053,True,
fund_performance_arena,lakebase,100,3,75,207.93775000493042,True,
fund_performance_arena,lakebase,100,3,61,186.11516599776223,True,
gl_monthly_by_arena_year,lakebase,100,3,62,223.53758300596382,True,
gl_monthly_by_arena_year,lakebase,100,3,18,186.88599999586586,True,
gl_monthly_by_arena_year,lakebase,100,3,4,339.1829169995617,True,
investor_commitment_summary,lakebase,100,3,87,299.34537499502767,True,
investor_commitment_summary,lakebase,100,3,74,299.40016599721275,True,
property_financials_joined,lakebase,100,3,6,299.4590000016615,True,
property_financials_joined,lakebase,100,3,96,316.61329200142063,True,
property_financials_joined,lakebase,100,3,51,319.62979199306574,True,
top10_properties_by_revenue,lakebase,100,3,8,328.36941700952593,True,
top10_properties_by_revenue,lakebase,100,3,83,372.3627500003204,True,
top10_properties_by_revenue,lakebase,100,3,99,372.624415991595,True,
pnl_rollup_multi_month,lakebase,100,3,56,448.9715840027202,True,
pnl_rollup_multi_month,lakebase,100,3,26,765.6117500009714,True,
pnl_rollup_multi_month,lakebase,100,3,70,799.649499997031,True,
property_financials_joined,lakebase,100,3,50,414.08041599788703,True,
investor_commitment_summary,lakebase,100,3,43,194.6732910000719,True,
top10_properties_by_revenue,lakebase,100,3,69,295.35087500698864,True,
pnl_rollup_multi_month,lakebase,100,3,41,1048.3720409974921,True,
pnl_rollup_multi_month,lakebase,100,3,71,673.7413749942789,True,
investor_commitment_summary,lakebase,100,4,58,173.48479099746328,True,
property_financials_joined,lakebase,100,4,5,166.23454198997933,True,
gl_monthly_by_arena_year,lakebase,100,4,18,173.32241700205486,True,
pnl_rollup_multi_month,lakebase,100,4,70,208.70474999537691,True,
gl_monthly_by_arena_year,lakebase,100,4,33,198.09237500885502,True,
top10_properties_by_revenue,lakebase,100,4,9,211.76774999185,True,
gl_monthly_by_arena_year,lakebase,100,4,48,193.9500419975957,True,
gl_monthly_by_arena_year,lakebase,100,4,62,251.09299999894574,True,
property_financials_joined,lakebase,100,4,22,125.04520799848251,True,
fund_performance_arena,lakebase,100,4,15,162.81325000454672,True,
property_financials_joined,lakebase,100,4,96,300.0039160106098,True,
fund_performance_arena,lakebase,100,4,75,168.33712499646936,True,
fund_performance_arena,lakebase,100,4,45,160.184250009479,True,
top10_properties_by_revenue,lakebase,100,4,24,319.67254099436104,True,
fund_performance_arena,lakebase,100,4,1,116.70858300931286,True,
property_financials_joined,lakebase,100,4,35,179.177542013349,True,
property_financials_joined,lakebase,100,4,20,102.92783299519215,True,
top10_properties_by_revenue,lakebase,100,4,39,229.0745830105152,True,
fund_performance_arena,lakebase,100,4,91,250.40970799454954,True,
top10_properties_by_revenue,lakebase,100,4,69,429.74270900595,True,
gl_monthly_by_arena_year,lakebase,100,4,2,433.9259999978822,True,
top10_properties_by_revenue,lakebase,100,4,84,458.52837500569876,True,
top10_properties_by_revenue,lakebase,100,4,23,326.83558300777804,True,
property_financials_joined,lakebase,100,4,81,365.8785830048146,True,
property_financials_joined,lakebase,100,4,51,261.3485839974601,True,
gl_monthly_by_arena_year,lakebase,100,4,94,285.4323749925243,True,
fund_performance_arena,lakebase,100,4,61,185.4027910012519,True,
investor_commitment_summary,lakebase,100,4,12,191.27099998877384,True,
investor_commitment_summary,lakebase,100,4,28,646.5233750059269,True,
investor_commitment_summary,lakebase,100,4,44,624.5409580005798,True,
investor_commitment_summary,lakebase,100,4,73,635.8596670033876,True,
investor_commitment_summary,lakebase,100,4,42,657.8277919907123,True,
pnl_rollup_multi_month,lakebase,100,4,11,586.7240829975344,True,
pnl_rollup_multi_month,lakebase,100,4,85,707.1277080103755,True,
investor_commitment_summary,lakebase,100,4,74,643.2036670012167,True,
fund_performance_arena,lakebase,100,4,0,675.6206249992829,True,
fund_performance_arena,lakebase,100,4,16,149.26183299394324,True,
investor_commitment_summary,lakebase,100,4,57,177.35541699221358,True,
investor_commitment_summary,lakebase,100,4,89,694.5523750036955,True,
investor_commitment_summary,lakebase,100,4,87,192.93774999096058,True,
top10_properties_by_revenue,lakebase,100,4,99,752.2971660073381,True,
top10_properties_by_revenue,lakebase,100,4,53,851.9080419937382,True,
gl_monthly_by_arena_year,lakebase,100,4,49,312.51995799539145,True,
pnl_rollup_multi_month,lakebase,100,4,40,1000.2945830055978,True,
gl_monthly_by_arena_year,lakebase,100,4,93,319.1722499905154,True,
gl_monthly_by_arena_year,lakebase,100,4,34,102.55883300851565,True,
investor_commitment_summary,lakebase,100,4,88,666.6741669905605,True,
top10_properties_by_revenue,lakebase,100,4,8,193.28195801062975,True,
top10_properties_by_revenue,lakebase,100,4,38,181.32733400852885,True,
gl_monthly_by_arena_year,lakebase,100,4,63,149.72333300102036,True,
property_financials_joined,lakebase,100,4,65,210.05762500863057,True,
property_financials_joined,lakebase,100,4,7,161.41854198940564,True,
property_financials_joined,lakebase,100,4,37,240.54374999832362,True,
property_financials_joined,lakebase,100,4,21,226.40512500947807,True,
property_financials_joined,lakebase,100,4,6,231.23837499588262,True,
gl_monthly_by_arena_year,lakebase,100,4,3,236.88108299393207,True,
investor_commitment_summary,lakebase,100,4,29,565.7830830023158,True,
fund_performance_arena,lakebase,100,4,31,142.4837920058053,True,
top10_properties_by_revenue,lakebase,100,4,54,145.00416698865592,True,
gl_monthly_by_arena_year,lakebase,100,4,77,190.00545800372493,True,
investor_commitment_summary,lakebase,100,4,14,198.9687079912983,True,
investor_commitment_summary,lakebase,100,4,43,329.2831250000745,True,
property_financials_joined,lakebase,100,4,50,334.57662499859,True,
gl_monthly_by_arena_year,lakebase,100,4,32,246.3991660042666,True,
pnl_rollup_multi_month,lakebase,100,4,86,334.0802500024438,True,
property_financials_joined,lakebase,100,4,82,268.2064169930527,True,
top10_properties_by_revenue,lakebase,100,4,68,328.5496669996064,True,
gl_monthly_by_arena_year,lakebase,100,4,92,460.8059580059489,True,
pnl_rollup_multi_month,lakebase,100,4,71,1042.4455419997685,True,
property_financials_joined,lakebase,100,4,66,319.5354170020437,True,
fund_performance_arena,lakebase,100,4,76,203.36120799765922,True,
investor_commitment_summary,lakebase,100,4,27,559.0735000005225,True,
gl_monthly_by_arena_year,lakebase,100,4,64,246.74133300140966,True,
gl_monthly_by_arena_year,lakebase,100,4,79,768.127999996068,True,
fund_performance_arena,lakebase,100,4,90,201.19820898980834,True,
property_financials_joined,lakebase,100,4,52,216.28216600220185,True,
property_financials_joined,lakebase,100,4,95,205.68149999598972,True,
fund_performance_arena,lakebase,100,4,30,237.71533400577027,True,
investor_commitment_summary,lakebase,100,4,13,238.26995799026918,True,
investor_commitment_summary,lakebase,100,4,72,241.58658400119748,True,
investor_commitment_summary,lakebase,100,4,59,203.1314580090111,True,
gl_monthly_by_arena_year,lakebase,100,4,4,249.8476250038948,True,
property_financials_joined,lakebase,100,4,36,243.05337500118185,True,
property_financials_joined,lakebase,100,4,67,279.09729100065306,True,
property_financials_joined,lakebase,100,4,97,391.2714999896707,True,
gl_monthly_by_arena_year,lakebase,100,4,19,287.7989999979036,True,
top10_properties_by_revenue,lakebase,100,4,83,318.26149999687914,True,
fund_performance_arena,lakebase,100,4,46,123.27787499816623,True,
fund_performance_arena,lakebase,100,4,60,271.69820900599007,True,
pnl_rollup_multi_month,lakebase,100,4,25,696.4873329998227,True,
top10_properties_by_revenue,lakebase,100,4,98,145.17791700200178,True,
gl_monthly_by_arena_year,lakebase,100,4,17,398.5426669969456,True,
pnl_rollup_multi_month,lakebase,100,4,56,1053.5302919888636,True,
gl_monthly_by_arena_year,lakebase,100,4,78,514.312917002826,True,
gl_monthly_by_arena_year,lakebase,100,4,47,444.7730829997454,True,
property_financials_joined,lakebase,100,4,80,317.13749999471474,True,
pnl_rollup_multi_month,lakebase,100,4,41,575.802332998137,True,
pnl_rollup_multi_month,lakebase,100,4,26,590.1567499968223,True,
pnl_rollup_multi_month,lakebase,100,4,10,661.5232499898411,True,
pnl_rollup_multi_month,lakebase,100,4,55,473.94591600459535,True,
